Region,Year,autumn_mean_temp,autumn_total_precip,autumn_rain_days,autumn_mean_rh,autumn_mean_wind,winter_mean_temp,winter_total_precip,winter_rain_days,winter_mean_rh,winter_mean_wind,spring_mean_temp,spring_total_precip,spring_rain_days,spring_mean_rh,spring_mean_wind,spring_to_june_mean_temp,spring_to_june_total_precip,spring_to_june_rain_days,spring_to_june_mean_rh,spring_to_june_mean_wind
East,1971,11.242857142857144,183.9,34,79.67032967032966,17.142857142857142,4.259999999999999,136.0,36,86.84444444444445,14.472222222222221,7.856521739130436,162.1,32,78.84782608695652,12.772826086956524,9.058196721311477,241.3,48,78.80327868852459,13.277049180327868
East,1972,10.648351648351648,120.6,26,81.38461538461539,14.494505494505495,4.743333333333334,136.5,32,87.55555555555556,15.698888888888888,8.455434782608695,178.7,48,78.08695652173913,17.143478260869564,9.422950819672133,235.59999999999997,62,77.73770491803279,16.35737704918033
East,1973,9.88021978021978,117.70000000000002,22,81.46153846153847,14.79340659340659,4.646666666666666,99.10000000000001,22,87.28888888888889,14.482222222222221,8.078260869565218,153.0,36,76.78260869565217,14.360869565217392,9.855737704918033,245.60000000000002,42,76.04098360655738,13.662295081967214
East,1974,9.67912087912088,120.2,25,80.24175824175825,14.498901098901097,5.251111111111112,168.7,40,84.0111111111111,18.696666666666665,8.131521739130434,101.5,26,77.3586956521739,14.354347826086958,9.511475409836065,155.79999999999998,38,76.55737704918033,14.309836065573773
East,1975,8.624175824175824,257.09999999999997,45,82.0,17.40989010989011,6.201111111111112,131.5,32,83.68888888888888,18.993333333333336,7.320652173913045,195.30000000000004,40,78.97826086956522,15.64782608695652,8.90983606557377,225.50000000000003,47,77.42622950819673,14.999180327868855
East,1976,10.002197802197802,147.9,24,80.45054945054945,14.641758241758238,4.668888888888889,92.8,19,84.65555555555555,16.804444444444442,8.266304347826088,111.89999999999999,28,74.22826086956522,15.097826086956525,10.504918032786884,122.9,31,73.30327868852459,14.228688524590167
East,1977,10.272527472527472,261.0,48,83.57142857142857,13.797802197802199,2.936666666666666,216.20000000000002,40,88.27777777777777,14.568888888888893,7.921739130434782,150.3,40,76.42391304347827,17.496739130434786,9.077868852459018,192.0,50,76.25409836065573,16.79754098360656
East,1978,10.721978021978021,96.39999999999999,25,78.78021978021978,17.983516483516482,3.853333333333334,182.70000000000002,36,85.47777777777777,17.078888888888887,7.733695652173913,165.3,36,78.57608695652173,15.268478260869562,9.245081967213117,247.6,50,77.81967213114754,14.75983606557377
East,1979,11.487912087912086,69.89999999999999,12,80.71428571428571,15.884615384615385,1.663333333333333,223.1,41,86.58888888888889,15.364444444444445,7.560869565217391,264.3,58,78.95652173913044,16.594565217391306,9.238524590163934,299.8,66,78.41803278688525,15.344262295081965
East,1980,10.631868131868133,134.6,26,81.32967032967034,14.743956043956045,4.333333333333334,191.1,33,86.14444444444445,16.234444444444442,7.853260869565218,113.9,30,75.31521739130434,14.646739130434783,9.44672131147541,189.69999999999996,44,75.22950819672131,14.381967213114754
East,1981,10.263736263736265,148.0,31,80.0,17.718681318681316,4.076666666666667,114.9,25,83.68888888888888,18.086666666666666,9.015217391304347,253.29999999999998,51,80.67391304347827,16.327173913043474,10.100819672131145,273.90000000000003,59,79.24590163934427,16.51065573770492
East,1982,10.31098901098901,175.29999999999998,39,79.3076923076923,16.763736263736263,2.336666666666667,106.39999999999999,30,86.83333333333333,15.256666666666662,8.626086956521737,149.29999999999998,32,75.04347826086956,14.788043478260873,10.405737704918034,264.0,50,75.95901639344262,13.995081967213114
East,1983,11.106593406593406,240.7,37,82.92307692307692,15.710989010989008,4.1211111111111105,123.10000000000001,24,82.46666666666667,19.545555555555556,7.740217391304348,231.1,52,79.70652173913044,15.429347826086957,9.347540983606558,271.0,60,78.77049180327869,15.090983606557378
East,1984,10.789010989010988,161.0,28,80.31868131868131,16.485714285714284,3.8755555555555556,166.29999999999998,34,83.73333333333333,19.044444444444448,7.213043478260869,118.39999999999999,23,76.25,13.455434782608696,8.961475409836066,172.9,34,76.04918032786885,13.454098360655736
East,1985,11.31098901098901,178.6,31,81.54945054945055,16.926373626373625,2.417777777777778,104.5,26,86.1,14.496666666666668,8.019565217391305,184.39999999999998,42,79.1304347826087,15.478260869565222,9.18360655737705,295.19999999999993,61,78.88524590163935,15.155737704918035
East,1986,10.074725274725274,73.1,21,80.56043956043956,14.127472527472527,3.115555555555556,154.39999999999998,33,82.34444444444445,19.02444444444445,7.516304347826087,211.4,51,77.8586956521739,17.318478260869565,9.34344262295082,227.79999999999998,57,76.60655737704919,16.772950819672133
East,1987,10.204395604395604,148.0,35,81.87912087912088,15.563736263736264,3.1800000000000006,120.19999999999999,25,84.47777777777777,16.48111111111111,8.017391304347827,188.50000000000003,38,77.41304347826087,15.452173913043477,9.29344262295082,294.5,58,78.34426229508196,14.777868852459017
East,1988,10.36043956043956,188.6,32,82.51648351648352,14.725274725274724,5.3100000000000005,163.70000000000002,34,84.25555555555556,18.342222222222222,8.620652173913044,171.4,41,77.42391304347827,15.016304347826088,9.940983606557378,200.0,49,77.64754098360656,14.490983606557377
East,1989,10.082417582417584,109.7,26,82.73626373626374,14.524175824175824,6.2844444444444445,83.0,23,84.78888888888889,17.61111111111111,9.316304347826087,160.39999999999998,33,76.28260869565217,15.605434782608697,10.688524590163933,212.8,43,74.67213114754098,14.740983606557378
East,1990,11.285714285714286,95.5,22,79.65934065934066,14.790109890109889,6.482222222222222,203.3,40,83.23333333333333,21.085555555555555,9.913043478260871,68.89999999999999,20,71.59782608695652,15.166304347826086,10.997540983606557,108.19999999999999,32,71.92622950819673,15.062295081967214
East,1991,11.009890109890112,125.5,27,78.16483516483517,15.902197802197799,3.242222222222223,124.70000000000002,31,84.45555555555555,16.557777777777776,8.816304347826087,116.0,31,78.17391304347827,15.627173913043478,9.718852459016396,214.9,54,78.09016393442623,15.65655737704918
East,1992,10.74835164835165,123.89999999999999,24,78.7032967032967,15.378021978021978,4.319999999999999,79.8,17,86.43333333333334,14.484444444444444,9.95,160.59999999999997,36,75.26086956521739,16.840217391304346,11.472950819672132,196.20000000000002,44,74.97540983606558,15.548360655737708
East,1993,9.776923076923076,213.2,34,80.91208791208791,16.70989010989011,4.743333333333334,105.6,24,85.45555555555555,16.805555555555557,9.334782608695653,177.9,26,77.08695652173913,15.90108695652174,10.79754098360656,221.89999999999998,33,76.77049180327869,14.745901639344263
East,1994,8.818681318681318,202.8,30,83.67032967032966,13.837362637362636,4.5600000000000005,204.8,44,83.82222222222222,19.12,8.992391304347825,175.0,39,75.78260869565217,18.403260869565216,10.531967213114754,192.9,44,74.44262295081967,17.64016393442623
East,1995,11.02967032967033,163.5,33,82.79120879120879,14.628571428571432,5.703333333333333,190.0,41,83.0111111111111,20.615555555555552,8.697826086956523,115.89999999999999,28,72.8586956521739,16.039130434782606,9.916393442622953,141.2,34,73.13934426229508,15.658196721311475
East,1996,11.485714285714284,144.1,30,81.54945054945055,14.74945054945055,2.7499999999999996,134.5,27,84.73333333333333,15.578888888888887,7.157608695652174,77.69999999999999,25,75.91304347826087,14.47826086956522,9.231147540983606,86.69999999999999,26,73.27049180327869,13.963934426229507
East,1997,10.343956043956043,152.70000000000002,28,78.63736263736264,16.786813186813188,3.684444444444444,99.1,24,84.11111111111111,16.217777777777776,9.628260869565217,92.7,20,74.48913043478261,14.285869565217387,10.79754098360656,212.99999999999997,35,74.99180327868852,14.520491803278688
East,1998,10.950549450549453,125.30000000000001,26,80.6923076923077,13.98571428571429,5.9288888888888875,137.89999999999998,28,83.38888888888889,18.025555555555556,9.683695652173911,198.7,40,78.68478260869566,15.092391304347826,10.920491803278688,299.4,60,78.63934426229508,15.254918032786884
East,1999,10.227472527472528,191.5,41,81.51648351648352,16.748351648351647,5.318888888888888,167.6,40,83.55555555555556,18.776666666666667,9.980434782608695,139.2,35,77.94565217391305,14.756521739130434,10.961475409836066,217.0,46,77.34426229508196,14.00655737704918
East,2000,11.565934065934066,150.20000000000002,33,80.46153846153847,15.80989010989011,5.055555555555555,136.5,34,82.5,19.366666666666667,9.26086956521739,217.8,39,78.68478260869566,15.003260869565217,10.745081967213114,247.4,49,77.64754098360656,14.745901639344261
East,2001,10.896703296703297,347.8,49,82.35164835164835,16.564835164835166,4.2877777777777775,180.10000000000002,35,86.22222222222223,16.204444444444444,8.341304347826087,199.9,43,77.95652173913044,14.842391304347826,9.783606557377048,243.8,52,76.19672131147541,14.64672131147541
East,2002,11.313186813186814,183.1,40,82.52747252747253,16.694505494505496,5.413333333333334,117.30000000000001,33,84.08888888888889,18.660000000000004,9.577173913043477,130.0,28,76.07608695652173,15.765217391304349,10.947540983606558,166.5,38,75.40983606557377,15.426229508196721
East,2003,11.082417582417584,193.0,27,81.87912087912088,13.887912087912085,4.507777777777777,166.6,30,84.7,15.764444444444443,9.793478260869565,100.4,27,73.6413043478261,14.731521739130432,11.516393442622952,211.1,40,73.6639344262295,14.245901639344265
East,2004,10.848351648351647,113.4,22,77.2967032967033,14.14175824175824,5.046666666666667,175.5,33,84.45555555555555,17.127777777777776,9.294565217391304,134.00000000000003,30,78.0,13.525,10.907377049180328,186.40000000000003,41,76.78688524590164,13.816393442622951
East,2005,11.20989010989011,135.1,29,81.25274725274726,16.240659340659338,4.964444444444444,75.0,23,83.96666666666667,17.466666666666665,9.320652173913043,128.4,33,76.6086956521739,15.129347826086954,10.964754098360656,179.8,40,75.91803278688525,14.564754098360657
East,2006,11.989010989010989,149.3,29,81.82417582417582,15.1989010989011,4.006666666666666,69.2,15,85.76666666666667,14.94888888888889,8.468478260869565,199.5,37,76.51086956521739,16.167391304347824,10.339344262295082,224.6,45,75.51639344262296,14.888524590163934
East,2007,12.962637362637361,155.6,31,81.72527472527473,16.537362637362637,6.454444444444444,157.49999999999997,36,84.16666666666667,18.828888888888887,10.208695652173914,153.0,30,76.28260869565217,15.163043478260873,11.431147540983607,279.09999999999997,47,77.27049180327869,14.594262295081966
East,2008,10.730769230769232,100.5,20,81.71428571428571,13.824175824175827,5.517777777777778,139.8,33,84.1,18.34888888888889,9.126086956521737,204.7,38,75.46739130434783,16.719565217391306,10.46967213114754,258.90000000000003,52,75.45901639344262,15.982786885245902
East,2009,10.162637362637362,190.5,32,82.0989010989011,15.79340659340659,3.3588888888888886,128.5,25,86.9888888888889,14.446666666666665,9.693478260869565,98.49999999999999,23,75.65217391304348,14.843478260869567,10.981147540983605,156.3,32,75.15573770491804,13.998360655737704
East,2010,11.67802197802198,127.49999999999999,27,78.6923076923077,16.483516483516485,2.3722222222222222,164.39999999999998,43,87.64444444444445,14.235555555555557,8.530434782608696,82.8,25,74.3586956521739,13.65326086956522,10.258196721311476,126.4,32,73.72131147540983,13.137704918032787
East,2011,10.034065934065934,150.8,28,82.21978021978022,15.636263736263738,3.436666666666666,120.9,25,86.94444444444444,15.155555555555555,10.481521739130436,27.7,6,72.44565217391305,14.448913043478262,11.564754098360655,85.7,18,72.35245901639344,14.56311475409836
East,2012,12.816483516483515,80.0,22,80.03296703296704,16.725274725274726,4.728888888888889,115.39999999999999,30,82.83333333333333,17.864444444444445,9.016304347826088,204.2,39,79.58695652173913,13.738043478260874,10.214754098360656,318.7,56,79.04098360655738,14.658196721311475
East,2013,10.0010989010989,205.4,34,82.46153846153847,15.240659340659336,3.4288888888888884,157.8,37,85.65555555555555,16.298888888888886,6.823913043478263,130.09999999999997,30,75.76086956521739,15.86195652173913,8.554918032786885,162.6,39,75.56557377049181,15.659016393442622
East,2014,10.973626373626374,174.70000000000002,36,82.64835164835165,15.412087912087912,5.95,204.29999999999998,52,84.43333333333334,20.797777777777778,10.251086956521739,144.6,30,77.6304347826087,14.178260869565216,11.445901639344264,191.30000000000004,39,77.23770491803279,13.257377049180327
East,2015,12.341758241758244,165.8,32,84.75824175824175,13.572527472527474,4.353333333333333,125.30000000000001,31,83.24444444444444,18.26222222222222,8.764130434782608,116.5,24,73.75,15.953260869565215,10.232786885245902,145.9,32,72.88524590163935,15.620491803278687
East,2016,11.253846153846153,165.20000000000002,31,82.10989010989012,15.221978021978023,6.844444444444444,152.5,36,81.94444444444444,20.52,8.45,200.39999999999998,38,77.8913043478261,14.658695652173916,10.073770491803279,291.7,52,78.65573770491804,13.962295081967216
East,2017,11.514285714285714,125.5,21,82.16483516483517,13.815384615384616,5.246666666666666,96.8,24,87.44444444444444,14.762222222222224,10.709782608695653,162.5,34,75.05434782608695,15.251086956521737,12.344262295081968,249.3,45,74.4672131147541,15.490983606557377
East,2018,11.362637362637363,128.20000000000002,32,81.21978021978022,16.4978021978022,4.495555555555556,172.89999999999998,37,83.45555555555555,17.65666666666667,9.790217391304349,229.60000000000002,48,78.6413043478261,15.120652173913046,11.381147540983607,247.0,52,77.32786885245902,14.466393442622952
East,2019,11.607692307692307,113.00000000000001,25,79.12087912087912,15.940659340659343,5.930000000000001,119.8,28,84.55555555555556,15.918888888888887,9.816304347826087,118.10000000000001,31,74.16304347826087,15.017391304347825,11.26639344262295,218.5,45,74.67213114754098,14.941803278688523
East,2020,10.87032967032967,281.3,46,82.1978021978022,14.992307692307694,6.616666666666666,198.8,45,83.77777777777777,20.26111111111111,10.248913043478261,61.4,19,69.18478260869566,15.166304347826086,11.661475409836067,143.39999999999998,34,69.93442622950819,15.153278688524592
East,2021,11.715384615384616,192.29999999999998,36,82.38461538461539,16.231868131868133,4.584444444444444,268.3,43,87.18888888888888,16.37,8.084782608695653,148.9,36,74.51086956521739,14.85326086956522,10.189344262295084,220.3,49,74.81147540983606,14.213934426229507
East,2022,12.245054945054948,143.8,23,82.32967032967034,15.09120879120879,6.211111111111111,165.4,33,84.28888888888889,18.053333333333335,10.360869565217392,136.4,29,74.47826086956522,14.366304347826087,11.73606557377049,181.9,38,73.54918032786885,14.138524590163936
East,2023,12.7967032967033,212.10000000000002,38,80.43956043956044,15.516483516483516,5.09,97.4,27,85.65555555555555,16.07,9.528260869565218,196.60000000000002,47,77.45652173913044,15.32282608695652,11.505737704918035,239.4,53,75.67213114754098,14.697540983606556
East,2024,12.653846153846153,265.4,37,82.20879120879121,14.646153846153846,6.754444444444444,276.90000000000003,41,83.78888888888889,18.97111111111111,10.733695652173912,227.29999999999998,44,78.90217391304348,16.332608695652173,11.774590163934425,259.1,51,77.38524590163935,15.504918032786886
East,2025,11.50879120879121,228.2,34,82.96703296703296,13.745054945054942,5.386666666666666,153.3,31,85.4,15.469999999999997,10.372826086956522,78.6,15,75.18478260869566,12.053260869565218,12.264754098360656,116.6,23,73.77049180327869,12.779508196721311
East,2026,11.869230769230771,214.10000000000002,31,80.21978021978022,16.46153846153846,6.435555555555556,225.2,45,86.33333333333333,16.977777777777778,11.108695652173912,65.6,18,72.84782608695652,13.90108695652174,12.810655737704916,125.60000000000001,30,73.3360655737705,13.941803278688525
East Midlands,1971,11.017582417582418,156.8,33,79.20879120879121,17.979120879120874,4.424444444444444,122.2,34,86.17777777777778,15.44777777777778,7.7228260869565215,164.4,35,79.78260869565217,13.347826086956522,8.852459016393441,250.2,52,79.42622950819673,13.88934426229508
East Midlands,1972,10.562637362637362,99.89999999999999,21,81.04395604395604,15.376923076923076,4.818888888888889,165.89999999999998,39,87.58888888888889,17.032222222222224,8.243478260869566,205.89999999999998,54,78.75,17.74565217391304,9.176229508196721,290.3,71,78.45901639344262,17.008196721311474
East Midlands,1973,9.735164835164834,136.9,25,81.18681318681318,15.424175824175823,4.691111111111112,98.39999999999999,18,87.12222222222222,15.718888888888888,7.950000000000001,159.7,37,76.75,15.270652173913044,9.681967213114755,233.79999999999998,44,76.0327868852459,14.625409836065574
East Midlands,1974,9.648351648351648,127.69999999999999,25,79.89010989010988,15.140659340659342,5.235555555555555,164.2,37,83.84444444444445,19.977777777777778,7.805434782608694,127.7,31,78.57608695652173,15.13804347826087,9.214754098360656,176.1,41,77.29508196721312,15.027049180327868
East Midlands,1975,8.491208791208791,228.89999999999998,42,81.62637362637362,18.0021978021978,6.173333333333332,115.1,31,83.53333333333333,20.171111111111113,7.265217391304348,182.39999999999998,44,78.30434782608695,16.40434782608696,8.945081967213117,200.9,49,76.19672131147541,15.668032786885245
East Midlands,1976,9.804395604395605,114.6,27,79.91208791208791,15.657142857142858,4.993333333333334,110.1,26,83.94444444444444,17.99888888888889,7.925000000000002,128.79999999999998,30,76.3695652173913,15.960869565217395,10.093442622950821,139.59999999999997,32,75.31967213114754,15.068032786885247
East Midlands,1977,9.841758241758242,253.9,49,83.49450549450549,14.46263736263736,2.6833333333333336,256.0,43,88.54444444444445,15.17111111111111,7.765217391304348,149.2,33,76.03260869565217,18.36521739130435,8.877868852459015,224.89999999999998,44,76.00819672131148,17.648360655737708
East Midlands,1978,10.457142857142857,103.5,24,78.56043956043956,19.343956043956045,3.721111111111111,201.10000000000002,42,86.08888888888889,17.47888888888889,7.608695652173912,151.6,42,78.70652173913044,15.934782608695652,9.054098360655736,250.10000000000002,56,77.94262295081967,15.622131147540985
East Midlands,1979,11.527472527472527,73.7,18,80.13186813186813,17.445054945054945,1.3544444444444446,238.49999999999997,38,87.67777777777778,16.318888888888885,7.168478260869565,271.9000000000001,56,79.52173913043478,17.360869565217392,8.88032786885246,296.20000000000005,62,78.56557377049181,16.065573770491802
East Midlands,1980,10.536263736263736,125.29999999999998,26,80.32967032967034,16.074725274725274,4.253333333333334,222.8,32,86.27777777777777,16.746666666666666,7.743478260869565,136.8,30,75.44565217391305,14.77173913043478,9.24672131147541,236.9,49,76.00819672131148,14.664754098360655
East Midlands,1981,10.13956043956044,179.99999999999997,38,80.31868131868131,18.994505494505493,4.2,126.0,24,83.15555555555555,19.15111111111111,8.745652173913042,266.6,52,81.01086956521739,16.87717391304348,9.874590163934428,294.4,62,79.56557377049181,17.097540983606557
East Midlands,1982,10.074725274725274,178.4,35,78.79120879120879,17.578021978021976,2.2611111111111106,104.3,26,86.64444444444445,15.913333333333334,8.663043478260871,135.5,36,74.17391304347827,15.548913043478262,10.31639344262295,273.4,56,75.45901639344262,14.690983606557376
East Midlands,1983,10.775824175824177,185.3,35,82.15384615384616,16.839560439560437,4.085555555555556,107.89999999999999,25,82.55555555555556,20.777777777777775,7.496739130434782,260.00000000000006,50,80.1195652173913,15.996739130434786,9.033606557377048,303.9,55,79.13934426229508,15.609836065573772
East Midlands,1984,10.563736263736265,152.10000000000002,28,79.97802197802197,17.675824175824175,3.8644444444444432,174.0,31,83.25555555555556,19.89333333333333,7.165217391304348,134.20000000000002,25,77.01086956521739,13.732608695652175,8.902459016393443,176.1,35,76.54098360655738,13.809016393442626
East Midlands,1985,11.0978021978022,187.89999999999998,36,80.91208791208791,17.934065934065934,2.7344444444444447,94.9,26,85.9,15.486666666666666,7.77282608695652,184.4,39,79.33695652173913,16.293478260869563,8.877868852459018,276.90000000000003,57,79.04098360655738,15.873770491803278
East Midlands,1986,9.903296703296704,96.5,26,81.0989010989011,15.101098901098899,2.988888888888889,157.5,35,83.23333333333333,19.723333333333333,7.320652173913044,238.4,50,78.3913043478261,18.375,9.011475409836066,261.70000000000005,57,77.70491803278688,17.831967213114755
East Midlands,1987,9.934065934065934,137.20000000000002,34,81.2967032967033,16.65934065934066,3.2055555555555557,139.39999999999998,25,84.9888888888889,17.513333333333335,7.80108695652174,182.39999999999998,37,78.20652173913044,16.135869565217387,8.993442622950822,310.20000000000005,58,78.98360655737704,15.395901639344261
East Midlands,1988,9.959340659340658,216.5,32,82.02197802197803,15.405494505494506,5.357777777777777,137.8,28,83.97777777777777,19.25111111111111,8.435869565217391,162.9,41,77.58695652173913,15.416304347826085,9.89016393442623,202.09999999999997,48,77.59836065573771,14.730327868852457
East Midlands,1989,9.80989010989011,125.9,26,82.20879120879121,15.338461538461537,6.554444444444443,80.9,23,83.62222222222222,19.55,8.829347826086956,201.10000000000002,41,77.46739130434783,16.358695652173914,10.227868852459018,257.2,51,75.99180327868852,15.463934426229509
East Midlands,1990,11.159340659340659,129.79999999999998,23,79.46153846153847,15.462637362637361,6.297777777777777,229.5,36,83.31111111111112,22.18777777777778,9.715217391304346,58.0,21,71.75,16.339130434782607,10.772131147540982,119.00000000000001,34,72.20491803278688,16.005737704918033
East Midlands,1991,10.852747252747251,102.1,25,78.05494505494505,16.87912087912088,3.013333333333333,126.79999999999998,27,85.3,17.151111111111113,8.759782608695652,120.89999999999999,32,78.17391304347827,16.483695652173914,9.611475409836068,204.69999999999996,54,77.95081967213115,16.507377049180327
East Midlands,1992,10.661538461538463,137.89999999999998,21,77.97802197802197,16.843956043956045,4.424444444444444,87.60000000000001,18,86.4888888888889,15.545555555555552,9.734782608695653,147.6,38,75.82608695652173,17.98586956521739,11.340983606557378,179.5,45,75.06557377049181,16.528688524590162
East Midlands,1993,9.423076923076923,218.60000000000002,36,80.6923076923077,17.526373626373626,4.615555555555556,107.2,23,84.57777777777778,18.069999999999997,9.00217391304348,163.5,30,77.30434782608695,16.914130434782606,10.440983606557378,212.8,38,77.30327868852459,15.635245901639344
East Midlands,1994,8.485714285714286,213.1,33,83.37362637362638,14.183516483516481,4.277777777777778,176.89999999999998,42,83.78888888888889,20.06888888888889,8.616304347826087,146.90000000000003,40,75.58695652173913,19.70108695652174,10.185245901639345,161.40000000000003,43,73.93442622950819,19.04590163934426
East Midlands,1995,10.691208791208792,216.5,38,82.97802197802197,15.625274725274727,5.458888888888889,195.39999999999998,35,82.37777777777778,21.67,8.522826086956522,118.9,33,72.78260869565217,16.898913043478263,9.82295081967213,136.20000000000002,37,72.37704918032787,16.535245901639342
East Midlands,1996,11.354945054945054,189.90000000000003,31,81.45054945054945,15.725274725274724,2.9555555555555557,141.0,34,85.04444444444445,16.65111111111111,6.994565217391305,116.3,35,77.84782608695652,15.101086956521739,8.915573770491802,149.09999999999997,39,75.74590163934427,14.484426229508196
East Midlands,1997,10.387912087912087,138.4,30,76.82417582417582,17.921978021978024,3.849999999999999,100.80000000000001,23,84.68888888888888,17.40777777777778,9.533695652173915,95.4,23,74.6413043478261,15.127173913043478,10.611475409836064,222.70000000000002,38,75.13934426229508,15.375409836065574
East Midlands,1998,10.805494505494504,134.2,28,81.27472527472527,14.787912087912085,6.02,129.3,27,83.46666666666667,19.12111111111111,9.327173913043476,207.0,44,79.3913043478261,15.930434782608694,10.527049180327866,313.6,61,79.3360655737705,16.031147540983607
East Midlands,1999,10.15824175824176,184.9,40,81.85714285714286,17.876923076923077,5.3133333333333335,152.7,36,83.3,19.70555555555556,9.701086956521742,186.2,42,78.72826086956522,16.007608695652173,10.685245901639345,244.9,53,77.79508196721312,15.14016393442623
East Midlands,2000,11.413186813186812,161.20000000000002,30,80.05494505494505,16.63736263736264,5.124444444444444,115.3,30,81.72222222222223,20.755555555555556,8.858695652173912,225.10000000000002,38,78.75,15.749999999999998,10.328688524590165,274.7,49,78.04098360655738,15.537704918032787
East Midlands,2001,10.59230769230769,348.6,49,82.51648351648352,17.53956043956044,4.053333333333334,158.1,37,86.41111111111111,16.596666666666664,7.8641304347826075,186.3,40,78.40217391304348,15.196739130434784,9.37622950819672,222.1,47,76.68032786885246,15.111475409836064
East Midlands,2002,11.297802197802197,182.49999999999997,38,81.64835164835165,17.721978021978025,5.328888888888889,113.5,30,84.0,19.526666666666667,9.375,131.70000000000002,26,76.04347826086956,16.80760869565217,10.738524590163934,168.79999999999998,36,75.13934426229508,16.67213114754098
East Midlands,2003,10.814285714285715,202.70000000000002,31,81.96703296703296,14.532967032967033,4.543333333333333,164.39999999999998,31,84.76666666666667,16.683333333333337,9.654347826086957,104.89999999999999,23,74.08695652173913,15.701086956521737,11.341803278688523,193.5,36,73.5,15.404918032786886
East Midlands,2004,10.760439560439558,108.1,22,76.97802197802197,15.00879120879121,5.081111111111111,169.29999999999998,35,83.61111111111111,17.994444444444444,9.201086956521738,169.89999999999998,36,78.16304347826087,14.373913043478263,10.710655737704919,228.89999999999998,48,77.29508196721312,14.681147540983607
East Midlands,2005,10.952747252747253,136.6,34,81.8021978021978,17.300000000000004,5.086666666666666,82.7,26,83.7,18.976666666666667,8.995652173913042,132.0,37,76.78260869565217,16.25108695652174,10.609836065573772,187.80000000000004,47,76.61475409836065,15.515573770491802
East Midlands,2006,11.654945054945054,162.60000000000002,25,81.06593406593407,16.293406593406598,4.2,70.20000000000002,18,86.14444444444445,15.50333333333333,8.192391304347826,210.70000000000002,41,76.78260869565217,16.74673913043478,10.131967213114756,226.9,47,75.61475409836065,15.514754098360656
East Midlands,2007,12.647252747252743,162.8,35,81.16483516483517,17.502197802197802,6.3455555555555545,152.1,40,83.81111111111112,19.84333333333333,9.845652173913042,146.3,28,76.45652173913044,16.102173913043483,11.053278688524589,304.90000000000003,45,77.58196721311475,15.424590163934425
East Midlands,2008,10.752747252747254,88.70000000000002,20,81.10989010989012,14.614285714285716,5.414444444444444,163.70000000000002,34,84.2,19.575555555555557,8.641304347826088,172.8,39,76.43478260869566,17.51304347826087,10.0327868852459,235.3,55,76.01639344262296,16.80573770491803
East Midlands,2009,10.081318681318681,177.89999999999998,32,81.42857142857143,17.124175824175826,3.4922222222222223,126.5,25,86.65555555555555,15.31444444444445,9.394565217391305,102.9,24,75.92391304347827,16.102173913043476,10.6827868852459,155.4,34,75.34426229508196,15.183606557377049
East Midlands,2010,11.250549450549451,142.7,28,79.89010989010988,17.267032967032968,2.282222222222222,156.29999999999998,35,87.34444444444445,14.812222222222221,8.398913043478261,85.00000000000001,22,75.07608695652173,14.067391304347824,10.140983606557377,128.49999999999997,31,74.27868852459017,13.411475409836065
East Midlands,2011,9.824175824175823,147.29999999999998,32,81.4065934065934,16.77032967032967,2.914444444444444,118.2,28,87.07777777777778,15.768888888888887,10.157608695652176,49.3,12,73.26086956521739,15.458695652173914,11.200000000000001,94.5,24,72.86065573770492,15.4172131147541
East Midlands,2012,12.648351648351651,64.9,23,78.82417582417582,18.243956043956043,4.786666666666667,97.7,28,82.9,19.113333333333333,8.654347826086957,221.7,39,79.66304347826087,14.338043478260868,9.84344262295082,368.70000000000005,60,79.61475409836065,15.163114754098359
East Midlands,2013,9.641758241758241,220.20000000000002,34,82.6043956043956,16.33186813186813,3.404444444444444,169.3,34,85.78888888888889,17.112222222222222,6.677173913043479,140.5,29,75.73913043478261,16.919565217391305,8.427049180327868,176.70000000000002,39,75.3688524590164,16.542622950819673
East Midlands,2014,10.849450549450548,158.5,36,81.72527472527473,16.416483516483513,5.838888888888889,200.10000000000002,50,83.76666666666667,22.11888888888889,9.801086956521738,168.1,39,79.05434782608695,15.068478260869565,11.06393442622951,234.09999999999997,51,78.72131147540983,13.940983606557376
East Midlands,2015,11.972527472527473,164.0,34,84.58241758241758,14.607692307692307,4.278888888888888,126.10000000000001,31,83.21111111111111,19.57111111111111,8.554347826086953,121.69999999999999,22,73.97826086956522,17.04782608695652,9.945901639344264,156.5,31,73.22950819672131,16.69672131147541
East Midlands,2016,11.007692307692308,149.7,32,82.27472527472527,15.862637362637363,6.632222222222222,173.70000000000002,39,82.18888888888888,21.415555555555557,8.105434782608697,203.3,36,78.65217391304348,15.064130434782607,9.743442622950818,312.5999999999999,51,79.43442622950819,14.192622950819672
East Midlands,2017,11.105494505494505,146.3,22,82.97802197802197,14.547252747252747,5.431111111111111,114.60000000000001,27,87.6,15.796666666666667,10.027173913043478,161.90000000000003,31,76.52173913043478,15.460869565217392,11.60655737704918,230.80000000000004,42,76.01639344262296,15.924590163934425
East Midlands,2018,11.10989010989011,140.3,34,80.63736263736264,17.562637362637364,4.111111111111111,144.1,37,83.63333333333334,18.33555555555556,9.075,235.5,45,79.43478260869566,15.96195652173913,10.745081967213114,260.7,48,77.62295081967213,15.152459016393442
East Midlands,2019,11.057142857142857,118.00000000000001,28,79.6923076923077,17.476923076923075,5.625555555555556,126.99999999999999,27,85.46666666666667,16.34,9.177173913043477,141.4,35,75.68478260869566,15.72717391304348,10.458196721311474,284.0,54,76.56557377049181,15.511475409836065
East Midlands,2020,10.194505494505496,353.8,51,83.45054945054945,15.340659340659343,6.064444444444444,211.99999999999997,38,84.31111111111112,21.20888888888889,9.788043478260871,58.3,15,68.8804347826087,15.894565217391307,11.079508196721314,153.6,32,70.5327868852459,15.775409836065574
East Midlands,2021,11.153846153846153,160.10000000000002,39,82.08791208791209,17.13736263736264,4.348888888888888,241.2,40,86.53333333333333,16.973333333333336,7.8163043478260885,163.4,36,74.3586956521739,14.735869565217392,9.794262295081966,210.79999999999998,46,74.30327868852459,14.159016393442622
East Midlands,2022,12.06263736263736,155.0,25,81.36263736263736,16.293406593406598,5.803333333333334,173.6,38,84.56666666666666,18.813333333333333,9.861956521739131,136.8,35,75.43478260869566,15.039130434782608,11.297540983606558,193.99999999999997,44,73.65573770491804,14.834426229508196
East Midlands,2023,12.124175824175824,253.7,40,81.56043956043956,16.234065934065935,5.0488888888888885,105.2,22,85.13333333333334,17.476666666666667,9.155434782608696,219.39999999999998,45,78.1195652173913,15.144565217391301,10.98606557377049,266.2,55,76.67213114754098,14.79262295081967
East Midlands,2024,11.951648351648354,294.6,40,83.49450549450549,15.25164835164835,6.344444444444446,274.7,40,84.84444444444445,19.665555555555557,10.244565217391303,231.0,42,79.1304347826087,16.781521739130437,11.28688524590164,277.9,51,77.47540983606558,16.062295081967214
East Midlands,2025,10.778021978021977,199.50000000000003,35,83.72527472527473,14.526373626373628,5.05,188.20000000000005,34,86.17777777777778,15.834444444444445,10.146739130434783,60.2,16,74.77173913043478,12.21086956521739,12.05081967213115,100.4,24,72.64754098360656,13.181967213114755
East Midlands,2026,11.194505494505496,285.9,41,82.06593406593407,15.810989010989013,5.788888888888889,300.90000000000003,51,87.83333333333333,16.85333333333333,10.531521739130433,96.19999999999999,26,74.21739130434783,14.255434782608699,12.233606557377048,156.70000000000002,40,73.70491803278688,14.386065573770495
North East,1971,9.33186813186813,169.10000000000002,41,81.68131868131869,17.017582417582418,3.5399999999999996,120.2,35,87.3,14.966666666666667,6.642391304347826,194.39999999999998,39,81.22826086956522,12.759782608695653,7.613934426229508,255.79999999999998,53,80.99180327868852,13.185245901639345
North East,1972,9.406593406593407,108.00000000000001,23,82.42857142857143,15.304395604395605,3.921111111111112,202.50000000000003,48,88.34444444444445,16.80888888888889,6.907608695652174,191.9,50,81.21739130434783,16.044565217391305,7.836885245901639,290.8,72,80.94262295081967,15.569672131147541
North East,1973,8.236263736263737,124.9,21,83.21978021978022,14.121978021978022,3.783333333333333,103.10000000000001,19,87.28888888888889,15.367777777777777,6.538043478260869,163.4,42,78.66304347826087,14.881521739130436,8.315573770491802,196.7,50,77.95901639344262,14.469672131147542
North East,1974,8.152747252747254,132.7,26,82.01098901098901,14.245054945054944,4.133333333333334,194.1,41,84.87777777777778,19.426666666666666,6.339130434782609,132.6,37,81.93478260869566,13.67608695652174,7.676229508196721,186.8,47,80.44262295081967,13.673770491803278
North East,1975,7.245054945054943,230.5,48,83.53846153846153,16.716483516483517,4.948888888888889,132.5,39,84.45555555555555,19.604444444444447,5.75,170.6,45,79.90217391304348,15.28478260869565,7.463114754098361,205.4,52,78.54098360655738,14.574590163934426
North East,1976,8.45054945054945,124.29999999999998,31,82.42857142857143,14.905494505494506,4.197777777777778,112.5,31,83.57777777777778,18.13222222222222,6.47608695652174,176.8,39,79.46739130434783,15.395652173913042,8.517213114754098,195.7,43,78.50819672131148,14.736885245901636
North East,1977,8.485714285714284,323.79999999999995,51,85.58241758241758,14.687912087912087,1.3377777777777777,222.10000000000002,39,89.0,13.982222222222221,6.347826086956521,173.5,45,78.04347826086956,17.224999999999994,7.47295081967213,243.10000000000002,54,78.0,16.51967213114754
North East,1978,9.000000000000002,122.89999999999999,31,81.36263736263736,18.98131868131868,2.1344444444444446,204.1,40,87.78888888888889,15.626666666666667,6.48913043478261,134.6,34,80.73913043478261,14.269565217391301,7.949180327868852,183.89999999999998,48,78.9672131147541,14.131967213114754
North East,1979,10.235164835164836,100.0,26,81.98901098901099,17.483516483516485,-0.17000000000000004,239.1,36,88.86666666666666,15.685555555555554,5.395652173913042,306.29999999999995,58,81.25,16.367391304347827,7.195081967213115,343.1,67,80.61475409836065,15.258196721311474
North East,1980,9.142857142857142,148.5,30,82.91208791208791,15.867032967032968,2.9800000000000004,207.09999999999997,38,87.91111111111111,14.895555555555555,6.3326086956521745,138.10000000000002,30,78.1086956521739,13.495652173913042,7.800819672131149,247.79999999999998,50,78.77868852459017,13.37622950819672
North East,1981,8.760439560439558,163.90000000000003,39,81.72527472527473,17.984615384615385,3.3777777777777778,119.0,26,82.62222222222222,18.85,7.231521739130437,237.49999999999997,48,82.07608695652173,15.09673913043478,8.3672131147541,266.90000000000003,56,80.87704918032787,15.489344262295083
North East,1982,8.615384615384615,224.10000000000002,34,80.84615384615384,16.405494505494506,1.008888888888889,119.60000000000001,24,86.72222222222223,15.016666666666667,7.1652173913043455,127.20000000000002,30,76.3695652173913,15.130434782608694,8.591803278688523,232.89999999999998,45,77.6639344262295,14.27622950819672
North East,1983,9.268131868131867,198.8,43,83.01098901098901,17.11428571428571,2.9655555555555555,136.7,33,82.95555555555555,19.543333333333333,6.061956521739132,253.80000000000004,49,82.17391304347827,15.683695652173911,7.515573770491804,293.40000000000003,57,81.34426229508196,15.18606557377049
North East,1984,9.067032967032967,149.4,30,81.64835164835165,17.305494505494504,2.9277777777777785,230.60000000000002,38,84.67777777777778,18.70444444444444,6.0663043478260885,123.00000000000001,28,79.16304347826087,12.805434782608694,7.722131147540984,177.1,39,78.74590163934427,13.12049180327869
North East,1985,9.635164835164835,264.3,43,82.92307692307692,16.65054945054945,1.9977777777777779,97.6,28,86.07777777777778,14.708888888888888,6.4945652173913055,181.1,41,80.57608695652173,15.508695652173913,7.573770491803279,242.9,54,80.04918032786885,14.825409836065573
North East,1986,8.468131868131868,147.89999999999998,30,83.35164835164835,14.320879120879123,1.7988888888888885,194.1,44,84.8,18.15111111111111,5.942391304347827,294.7,47,80.93478260869566,18.21521739130435,7.592622950819672,344.4,55,80.59836065573771,17.13606557377049
North East,1987,8.737362637362638,109.30000000000001,27,81.53846153846153,16.867032967032966,2.137777777777778,157.89999999999998,29,85.33333333333333,16.067777777777778,6.506521739130435,186.39999999999998,40,79.82608695652173,14.9695652173913,7.557377049180329,308.0,62,80.86065573770492,13.998360655737706
North East,1988,8.486813186813187,198.40000000000003,38,84.20879120879121,14.65274725274725,4.067777777777779,149.1,35,85.41111111111111,17.38888888888889,6.924999999999999,179.39999999999998,45,80.21739130434783,13.679347826086957,8.42704918032787,193.70000000000002,50,79.6639344262295,13.306557377049181
North East,1989,8.381318681318682,131.6,31,84.08791208791209,15.237362637362642,5.788888888888889,102.10000000000001,26,82.85555555555555,20.02666666666667,7.23695652173913,133.5,39,77.76086956521739,15.497826086956518,8.662295081967212,194.8,47,76.79508196721312,14.758196721311476
North East,1990,9.67032967032967,93.7,19,81.57142857142857,14.707692307692309,4.707777777777777,224.3,42,84.72222222222223,20.65222222222222,8.331521739130434,74.8,25,75.57608695652173,16.47065217391304,9.348360655737707,137.7,38,75.95081967213115,15.742622950819671
North East,1991,9.140659340659342,114.0,30,82.01098901098901,15.799999999999999,2.1266666666666665,212.6,33,86.0,16.785555555555554,7.379347826086955,114.6,32,80.41304347826087,15.906521739130437,8.177868852459017,201.7,52,80.14754098360656,15.598360655737705
North East,1992,9.048351648351648,144.5,32,81.45054945054945,16.68021978021978,3.6688888888888886,96.5,19,86.45555555555555,15.413333333333336,8.019565217391303,183.29999999999998,41,78.83695652173913,17.58804347826087,9.584426229508194,205.30000000000004,51,78.30327868852459,16.19590163934426
North East,1993,7.758241758241758,205.6,32,83.03296703296704,16.553846153846152,3.743333333333333,127.2,26,83.88888888888889,18.466666666666665,7.339130434782609,192.8,32,80.30434782608695,15.967391304347828,8.695081967213115,233.4,42,80.22131147540983,15.018852459016394
North East,1994,6.9340659340659325,194.1,29,85.54945054945055,13.343956043956041,2.888888888888889,208.39999999999998,40,84.81111111111112,18.642222222222223,6.841304347826085,140.3,35,77.02173913043478,19.605434782608693,8.378688524590164,159.7,42,75.77868852459017,18.897540983606557
North East,1995,9.183516483516483,188.7,36,84.95604395604396,14.68901098901099,4.1033333333333335,246.70000000000002,43,83.63333333333334,20.90111111111111,6.971739130434782,114.7,29,75.69565217391305,16.129347826086956,8.239344262295083,147.4,38,75.68852459016394,15.977868852459018
North East,1996,10.164835164835164,193.0,31,83.1978021978022,15.204395604395605,2.08,164.2,40,86.36666666666666,16.545555555555556,5.746739130434782,150.6,38,80.21739130434783,14.854347826086952,7.487704918032787,185.29999999999998,46,78.5327868852459,14.32295081967213
North East,1997,8.87142857142857,133.7,31,80.82417582417582,16.857142857142854,2.9833333333333334,150.79999999999998,31,85.82222222222222,16.012222222222224,8.025,105.4,30,78.22826086956522,14.56195652173913,9.034426229508195,233.79999999999998,46,78.82786885245902,14.713934426229509
North East,1998,9.367032967032968,124.89999999999999,26,83.7032967032967,13.896703296703299,5.2,170.3,35,85.22222222222223,18.364444444444445,7.8141304347826095,229.09999999999997,45,80.94565217391305,14.89891304347826,8.908196721311477,322.50000000000006,63,80.92622950819673,14.97295081967213
North East,1999,8.589010989010992,227.20000000000002,40,84.15384615384616,16.315384615384616,4.145555555555555,139.9,36,83.36666666666666,18.924444444444443,8.042391304347827,208.99999999999997,36,81.1413043478261,15.296739130434785,9.052459016393444,276.59999999999997,47,80.35245901639344,14.575409836065573
North East,2000,10.190109890109893,130.2,30,81.35164835164835,15.926373626373627,3.913333333333333,163.1,41,83.02222222222223,20.178888888888892,7.3619565217391285,209.20000000000005,38,80.3695652173913,14.676086956521742,8.668852459016392,271.4,49,79.68852459016394,14.609016393442621
North East,2001,8.992307692307692,301.7,46,84.84615384615384,15.702197802197805,2.8233333333333337,180.0,36,86.9888888888889,15.305555555555559,6.180434782608696,157.29999999999998,37,80.01086956521739,13.633695652173913,7.641803278688525,210.70000000000002,47,79.21311475409836,13.898360655737706
North East,2002,10.063736263736265,194.1,34,82.89010989010988,17.158241758241758,4.057777777777778,171.10000000000002,39,84.9888888888889,18.525555555555556,7.8815217391304335,123.39999999999999,33,79.02173913043478,15.660869565217391,9.168852459016394,163.7,43,78.40163934426229,15.827868852459018
North East,2003,9.215384615384616,189.2,29,84.5934065934066,13.280219780219783,3.4277777777777776,139.20000000000002,30,85.88888888888889,15.723333333333334,8.26413043478261,130.4,31,77.33695652173913,14.519565217391307,9.89016393442623,189.00000000000003,41,76.60655737704919,14.382786885245903
North East,2004,9.260439560439561,109.60000000000001,23,81.35164835164835,14.0032967032967,3.922222222222223,188.50000000000003,42,85.05555555555556,17.17888888888889,7.814130434782609,151.7,30,80.07608695652173,14.113043478260868,9.244262295081967,222.7,43,79.45901639344262,14.16311475409836
North East,2005,9.56043956043956,128.1,33,83.25274725274726,16.24175824175824,4.2700000000000005,125.19999999999999,32,83.92222222222222,19.474444444444444,7.381521739130435,168.9,39,79.68478260869566,15.674999999999999,8.954098360655736,202.5,48,79.31147540983606,14.87950819672131
North East,2006,10.137362637362637,195.4,29,82.71428571428571,16.193406593406596,3.4488888888888893,89.8,26,86.88888888888889,14.741111111111111,6.530434782608697,225.8,42,77.67391304347827,15.704347826086956,8.459016393442624,254.79999999999998,50,77.31147540983606,14.731967213114753
North East,2007,11.141758241758243,186.39999999999998,35,83.15384615384616,16.35824175824176,4.95888888888889,209.7,45,85.1,18.645555555555557,8.397826086956522,104.9,25,78.29347826086956,16.004347826086956,9.529508196721311,239.4,41,79.56557377049181,15.156557377049179
North East,2008,9.554945054945053,84.8,18,82.37362637362638,14.458241758241757,4.111111111111111,207.39999999999998,40,85.32222222222222,18.50111111111111,7.102173913043478,161.8,39,79.42391304347827,16.702173913043477,8.460655737704919,246.60000000000002,58,79.00819672131148,16.02295081967213
North East,2009,8.760439560439561,177.6,30,82.24175824175825,16.53076923076923,2.798888888888889,130.5,26,86.77777777777777,14.823333333333334,8.020652173913042,106.69999999999999,28,77.77173913043478,16.175,9.124590163934426,173.1,38,78.08196721311475,14.963934426229509
North East,2010,9.773626373626373,202.50000000000003,32,83.2967032967033,16.378021978021977,1.04,162.0,40,88.23333333333333,13.327777777777781,6.960869565217393,107.5,28,77.6086956521739,13.041304347826085,8.655737704918034,147.1,36,77.10655737704919,12.627868852459015
North East,2011,8.483516483516482,186.39999999999998,32,83.42857142857143,16.183516483516478,1.9166666666666667,148.9,34,87.52222222222223,14.56666666666667,8.493478260869566,78.00000000000001,24,77.31521739130434,14.63804347826087,9.509016393442623,146.3,38,77.11475409836065,14.12377049180328
North East,2012,10.72967032967033,100.49999999999999,32,82.92307692307692,17.495604395604396,3.7677777777777774,110.2,30,83.27777777777777,18.77444444444444,7.3,200.8,33,80.71739130434783,13.08586956521739,8.362295081967213,341.8,51,81.08196721311475,13.35655737704918
North East,2013,8.169230769230769,264.2,33,84.3076923076923,15.243956043956045,2.5477777777777773,203.20000000000002,37,86.74444444444444,16.154444444444444,5.298913043478261,144.89999999999998,28,78.8586956521739,16.416304347826088,7.062295081967213,191.70000000000002,37,78.50819672131148,15.317213114754098
North East,2014,9.246153846153845,154.79999999999998,29,84.13186813186813,16.182417582417585,4.692222222222222,240.8,57,85.05555555555556,21.217777777777776,8.261956521739132,188.29999999999998,37,81.48913043478261,14.633695652173914,9.55327868852459,229.79999999999998,47,81.19672131147541,13.381967213114756
North East,2015,10.476923076923079,130.3,31,86.05494505494505,13.81868131868132,3.482222222222222,93.2,33,83.57777777777778,19.085555555555555,6.994565217391305,140.9,32,76.6195652173913,16.40217391304348,8.310655737704918,169.8,41,75.86065573770492,15.948360655737703
North East,2016,9.446153846153846,200.0,36,85.18681318681318,14.468131868131866,4.8133333333333335,311.6,52,85.31111111111112,19.94777777777778,6.817391304347827,186.0,38,81.1304347826087,14.292391304347827,8.340983606557376,244.4,50,81.31967213114754,13.6672131147541
North East,2017,9.473626373626372,136.39999999999998,28,85.07692307692308,14.067032967032967,4.938888888888888,150.50000000000003,34,86.82222222222222,16.12111111111111,8.992391304347825,127.9,33,77.94565217391305,14.807608695652174,10.415573770491804,238.6,45,77.69672131147541,15.309016393442622
North East,2018,10.184615384615384,236.9,46,81.48351648351648,17.2,3.4533333333333336,167.29999999999998,38,83.64444444444445,17.055555555555557,7.905434782608695,202.6,40,80.5,15.426086956521742,9.54918032786885,238.2,46,78.95901639344262,14.613934426229509
North East,2019,10.006593406593407,231.79999999999998,37,81.91208791208791,17.15934065934066,4.822222222222222,122.39999999999999,24,85.28888888888889,15.483333333333333,8.176086956521738,197.60000000000002,37,77.77173913043478,15.168478260869568,9.384426229508197,325.1,53,78.26229508196721,15.173770491803278
North East,2020,9.136263736263736,334.99999999999994,55,84.28571428571429,14.690109890109893,5.300000000000001,258.2,41,84.15555555555555,20.37111111111111,8.595652173913042,90.29999999999998,21,73.82608695652173,15.715217391304348,9.853278688524592,216.6,37,75.3688524590164,15.50655737704918
North East,2021,10.062637362637362,220.8,44,83.78021978021978,16.097802197802196,3.643333333333333,356.2,56,86.88888888888889,16.321111111111108,7.065217391304348,200.1,40,77.19565217391305,13.858695652173912,8.907377049180328,228.70000000000002,47,76.71311475409836,13.375409836065574
North East,2022,11.218681318681316,203.2,30,82.46153846153847,15.861538461538462,5.12,205.7,38,83.74444444444444,18.137777777777778,8.730434782608695,157.2,38,78.6086956521739,14.52717391304348,10.092622950819674,205.29999999999998,51,77.18032786885246,14.390983606557375
North East,2023,10.989010989010989,284.79999999999995,48,83.83516483516483,15.931868131868132,4.625555555555556,141.79999999999998,34,84.33333333333333,17.834444444444443,8.243478260869566,182.9,44,80.01086956521739,13.557608695652176,9.97950819672131,236.8,53,78.73770491803279,13.13688524590164
North East,2024,10.761538461538462,267.8999999999999,48,84.8021978021978,14.775824175824175,5.443333333333333,302.20000000000005,45,85.0111111111111,17.88222222222222,9.232608695652173,296.0,52,81.98913043478261,15.67065217391304,10.227049180327867,361.9,65,80.3688524590164,15.248360655737706
North East,2025,9.812087912087911,197.2,30,84.18681318681318,14.520879120879119,4.658888888888889,204.10000000000002,33,84.86666666666666,15.903333333333332,8.97173913043478,78.39999999999999,17,78.05434782608695,11.981521739130438,10.600819672131147,145.8,31,77.00819672131148,12.79754098360656
North East,2026,10.150549450549452,318.4,52,82.8021978021978,15.227472527472528,5.035555555555556,261.3,50,87.38888888888889,16.094444444444445,9.068478260869565,153.79999999999998,27,77.43478260869566,14.517391304347827,10.718032786885246,214.79999999999998,44,76.87704918032787,14.465573770491805
North West,1971,10.8010989010989,408.7,62,83.0,19.931868131868132,4.8,195.5,37,87.3,16.53,7.985869565217392,213.6,36,80.08695652173913,13.551086956521738,8.990983606557375,300.9,52,79.80327868852459,13.835245901639345
North West,1972,10.641758241758241,246.20000000000002,41,83.34065934065934,16.34835164835165,5.22,225.59999999999997,42,86.84444444444445,18.39,7.918478260869564,328.40000000000003,55,81.16304347826087,18.388043478260872,8.750819672131147,450.5,76,81.10655737704919,17.677049180327867
North West,1973,9.642857142857142,263.2,35,83.32967032967034,15.36153846153846,4.93,252.3,41,88.53333333333333,17.865555555555552,7.643478260869564,221.0,39,78.98913043478261,16.56413043478261,9.259016393442622,258.0,48,78.95081967213115,15.635245901639344
North West,1974,9.729670329670329,269.9,42,81.82417582417582,16.705494505494507,5.633333333333334,382.7,61,85.08888888888889,22.009999999999998,7.98804347826087,138.2,28,77.3913043478261,15.16304347826087,9.28360655737705,214.99999999999997,41,76.87704918032787,15.131967213114754
North West,1975,8.545054945054945,432.4000000000001,60,83.61538461538461,18.554945054945055,6.417777777777778,341.9,62,85.25555555555556,22.84777777777778,7.197826086956522,195.1,37,77.98913043478261,15.525000000000002,8.87950819672131,223.3,42,76.81967213114754,15.034426229508197
North West,1976,9.578021978021978,314.2,47,82.82417582417582,16.845054945054944,5.345555555555555,228.4,40,85.28888888888889,20.395555555555553,7.678260869565217,251.70000000000005,42,79.1304347826087,16.906521739130433,9.502459016393443,284.9,51,79.60655737704919,15.670491803278686
North West,1977,9.805494505494506,425.8,53,83.94505494505495,16.378021978021977,2.941111111111111,317.3,57,87.58888888888889,16.22222222222222,7.639130434782608,263.8,51,77.47826086956522,18.75,8.757377049180329,359.3,65,77.41803278688525,17.602459016393443
North West,1978,10.216483516483517,359.6,52,81.79120879120879,21.114285714285717,3.9166666666666665,312.5,52,85.95555555555555,19.13888888888889,7.893478260869566,191.8,43,78.8695652173913,15.780434782608696,9.164754098360657,259.4,60,78.15573770491804,16.00573770491803
North West,1979,11.492307692307694,287.70000000000005,46,83.79120879120879,19.942857142857143,1.5288888888888887,254.0,44,86.0111111111111,18.73111111111111,6.658695652173913,344.0,62,81.53260869565217,17.313043478260866,8.3,395.1,74,81.36065573770492,16.270491803278688
North West,1980,10.46043956043956,291.90000000000003,49,82.83516483516483,18.174725274725276,4.379999999999999,409.1,56,87.5111111111111,16.977777777777778,7.82608695652174,138.79999999999998,23,76.09782608695652,15.553260869565216,9.124590163934425,281.30000000000007,46,77.48360655737704,15.559016393442624
North West,1981,9.97912087912088,437.09999999999997,57,82.42857142857143,20.42967032967033,4.577777777777778,288.6000000000001,46,85.0111111111111,20.97222222222222,8.618478260869566,353.7,50,81.51086956521739,16.364130434782606,9.627868852459015,428.1,63,81.06557377049181,16.705737704918032
North West,1982,10.09010989010989,501.8,63,81.93406593406593,18.713186813186812,2.511111111111111,217.10000000000002,35,86.32222222222222,17.81111111111111,8.204347826086956,246.2,39,78.42391304347827,16.26630434782609,9.750819672131149,356.40000000000003,59,79.15573770491804,15.773770491803282
North West,1983,10.55054945054945,391.5,57,83.83516483516483,18.63296703296703,4.493333333333333,289.2,47,83.18888888888888,22.877777777777776,7.329347826086958,323.90000000000003,58,82.26086956521739,16.684782608695652,8.790983606557377,374.7,69,81.74590163934427,16.231147540983603
North West,1984,10.324175824175825,351.4,46,82.84615384615384,19.11318681318681,4.363333333333332,390.20000000000005,54,84.11111111111111,21.767777777777777,7.519565217391305,106.6,27,76.18478260869566,13.472826086956522,8.935245901639345,164.70000000000002,38,77.09016393442623,13.75655737704918
North West,1985,10.714285714285714,477.1000000000001,55,83.71428571428571,18.87142857142857,3.3,189.9,33,84.87777777777778,17.264444444444443,7.664130434782609,248.7,43,80.80434782608695,16.62391304347826,8.713934426229507,338.5,58,80.52459016393442,16.288524590163934
North West,1986,9.667032967032966,254.0,35,83.71428571428571,15.584615384615388,3.4211111111111108,281.7,42,82.14444444444445,20.98888888888889,6.920652173913043,357.5,59,81.09782608695652,18.877173913043478,8.6172131147541,409.9,67,80.18032786885246,18.436885245901646
North West,1987,9.910989010989011,311.30000000000007,41,83.01098901098901,18.19120879120879,3.5199999999999996,312.6000000000001,37,84.5,17.99111111111111,7.702173913043478,255.3,40,80.53260869565217,17.006521739130434,8.754918032786884,386.9,62,81.3360655737705,15.956557377049181
North West,1988,9.792307692307691,390.4,53,83.92307692307692,16.953846153846158,5.358888888888888,312.9,54,85.82222222222222,20.682222222222226,8.485869565217394,263.79999999999995,45,80.0,15.472826086956525,9.954098360655738,299.30000000000007,51,79.37704918032787,14.500000000000002
North West,1989,9.634065934065934,314.90000000000003,44,84.62637362637362,16.742857142857144,7.10111111111111,267.59999999999997,44,85.1,21.844444444444445,8.496739130434781,253.9,44,78.41304347826087,16.53478260869565,9.796721311475409,332.0,55,77.61475409836065,15.674590163934425
North West,1990,10.810989010989013,241.89999999999998,37,82.84615384615384,16.683516483516485,5.942222222222222,403.9,59,85.0111111111111,23.082222222222224,9.381521739130434,141.8,32,76.76086956521739,17.393478260869564,10.349180327868854,244.3,50,77.50819672131148,16.622950819672134
North West,1991,10.362637362637361,310.29999999999995,46,82.43956043956044,18.292307692307688,3.395555555555555,261.1,39,84.53333333333333,18.04111111111111,8.568478260869563,173.9,29,80.06521739130434,16.546739130434784,9.364754098360656,259.3,49,79.94262295081967,16.60081967213115
North West,1992,10.42967032967033,263.5,41,81.38461538461539,18.238461538461536,4.868888888888889,205.7,28,87.4888888888889,17.106666666666666,9.252173913043478,273.7,51,79.59782608695652,19.389130434782608,10.799999999999999,310.0,57,78.57377049180327,17.524590163934427
North West,1993,9.293406593406594,407.5,58,82.82417582417582,18.40549450549451,4.954444444444444,224.8,34,85.2,19.742222222222217,8.820652173913045,231.80000000000004,42,78.84782608695652,17.856521739130432,10.115573770491803,311.4,53,79.37704918032787,16.631147540983605
North West,1994,8.123076923076924,203.3,36,83.14285714285714,14.732967032967034,4.4799999999999995,455.90000000000003,63,84.5111111111111,22.765555555555558,8.17391304347826,292.9,50,77.8695652173913,20.402173913043477,9.395081967213113,354.70000000000005,61,78.26229508196721,19.76311475409836
North West,1995,10.532967032967031,385.9,46,84.94505494505495,16.92087912087912,5.6066666666666665,445.49999999999994,59,84.57777777777778,22.94111111111111,8.052173913043477,225.0,41,77.31521739130434,17.579347826086956,9.435245901639345,246.79999999999995,49,76.86065573770492,16.94262295081967
North West,1996,11.404395604395605,204.8,37,82.3076923076923,16.974725274725273,3.3000000000000007,173.59999999999997,34,83.94444444444444,19.123333333333335,6.977173913043477,192.99999999999997,41,79.03260869565217,15.571739130434784,8.495901639344263,244.8,54,78.84426229508196,15.00327868852459
North West,1997,10.28901098901099,334.5,47,81.02197802197803,18.268131868131867,4.0233333333333325,231.79999999999998,33,85.62222222222222,17.81888888888889,9.127173913043478,205.70000000000002,38,80.40217391304348,15.409782608695652,10.212295081967214,295.9,54,79.68032786885246,15.527049180327868
North West,1998,10.654945054945054,224.8,40,83.62637362637362,16.50329670329671,6.2266666666666675,316.4,48,86.37777777777778,19.41,9.128260869565217,300.79999999999995,46,80.69565217391305,16.17934782608696,10.175409836065572,460.40000000000003,68,80.95081967213115,16.292622950819673
North West,1999,10.279120879120878,445.6,50,83.2967032967033,19.05824175824176,5.566666666666667,341.8,59,85.33333333333333,20.63,9.167391304347825,283.6,41,81.08695652173913,16.639130434782604,10.147540983606559,364.1,56,80.61475409836065,15.857377049180327
North West,2000,11.247252747252746,283.4000000000001,43,82.42857142857143,17.161538461538466,5.326666666666666,421.90000000000003,57,84.55555555555556,21.84777777777778,8.61195652173913,249.39999999999998,38,79.58695652173913,15.856521739130434,9.922950819672133,343.5,51,79.45081967213115,15.58770491803279
North West,2001,10.305494505494504,580.0999999999999,76,85.48351648351648,18.128571428571423,4.094444444444445,317.20000000000005,45,87.25555555555556,17.295555555555556,7.685869565217393,241.3,40,79.48913043478261,15.025,9.055737704918034,303.09999999999997,53,79.15573770491804,15.014754098360655
North West,2002,11.3989010989011,309.30000000000007,48,83.56043956043956,18.45054945054945,5.497777777777777,380.7,59,85.03333333333333,21.025555555555556,9.085869565217392,229.1,43,78.77173913043478,17.579347826086952,10.247540983606555,302.3,60,78.8688524590164,17.51311475409836
North West,2003,10.656043956043955,319.3,39,83.64835164835165,15.537362637362639,4.618888888888889,247.60000000000002,36,85.06666666666666,18.682222222222222,9.328260869565216,265.19999999999993,38,78.43478260869566,16.233695652173914,10.777049180327868,366.09999999999997,49,78.37704918032787,15.712295081967214
North West,2004,10.391208791208792,250.89999999999998,39,82.51648351648352,16.043956043956044,5.252222222222222,344.9,46,85.08888888888889,18.405555555555555,8.832608695652175,211.89999999999998,40,80.8913043478261,14.856521739130434,10.161475409836065,313.1,55,80.77049180327869,15.371311475409836
North West,2005,10.848351648351649,344.70000000000005,50,84.18681318681318,18.723076923076924,5.631111111111111,254.8,40,84.32222222222222,20.90222222222222,8.819565217391306,236.60000000000002,45,78.52173913043478,17.14021739130435,10.227049180327867,325.1,61,79.19672131147541,16.227868852459014
North West,2006,11.268131868131869,358.0,44,83.46153846153847,17.20769230769231,4.507777777777777,186.3,33,87.0111111111111,15.822222222222223,7.938043478260869,348.5,55,78.96739130434783,17.258695652173913,9.650819672131146,392.90000000000003,66,78.85245901639344,16.109016393442623
North West,2007,12.27032967032967,346.30000000000007,53,84.02197802197803,18.623076923076923,6.534444444444444,437.09999999999997,53,85.63333333333334,21.134444444444444,9.56195652173913,195.8,37,78.45652173913044,16.73586956521739,10.817213114754098,359.50000000000006,56,79.00819672131148,16.182786885245903
North West,2008,10.718681318681318,199.79999999999998,30,84.28571428571429,16.00879120879121,5.601111111111111,405.09999999999997,48,85.47777777777777,21.006666666666664,8.629347826086958,230.4,46,77.48913043478261,18.15869565217391,9.813934426229508,334.1,59,77.68032786885246,17.653278688524587
North West,2009,10.035164835164835,387.2,46,83.0,18.074725274725278,3.79,189.3,38,87.4,16.023333333333333,8.976086956521739,223.6,45,79.83695652173913,17.585869565217394,10.28032786885246,282.2,58,79.00819672131148,16.610655737704917
North West,2010,10.885714285714286,376.49999999999994,52,84.27472527472527,18.27912087912088,2.3544444444444443,170.5,41,87.03333333333333,14.423333333333332,7.903260869565218,125.6,27,78.94565217391305,12.965217391304348,9.59672131147541,164.0,35,78.44262295081967,12.420491803278688
North West,2011,9.68131868131868,349.8,46,82.9010989010989,17.705494505494507,3.105555555555556,226.1,40,87.84444444444445,14.921111111111113,9.445652173913043,172.9,38,78.34782608695652,16.156521739130437,10.354918032786882,249.60000000000002,53,78.52459016393442,15.841803278688525
North West,2012,12.130769230769232,297.09999999999997,50,83.62637362637362,20.04725274725275,5.173333333333334,329.69999999999993,53,85.41111111111111,21.61111111111111,8.548913043478262,227.8,37,80.30434782608695,14.62391304347826,9.610655737704919,428.09999999999997,59,80.68852459016394,15.11311475409836
North West,2013,9.363736263736264,478.4,54,85.14285714285714,16.6956043956044,3.763333333333333,336.1,47,86.45555555555555,18.01666666666667,6.19891304347826,198.30000000000004,40,78.66304347826087,18.022826086956524,7.991803278688525,256.2,51,78.59016393442623,17.29672131147541
North West,2014,10.610989010989012,322.5,45,84.58241758241758,17.621978021978023,6.021111111111111,415.6,72,85.27777777777777,23.175555555555558,9.48695652173913,259.7,49,81.67391304347827,16.159782608695657,10.73032786885246,323.0,62,81.38524590163935,14.748360655737706
North West,2015,11.762637362637363,203.5,38,85.21978021978022,15.509890109890108,4.732222222222222,309.1,54,84.86666666666666,20.837777777777777,7.751086956521741,279.30000000000007,44,79.43478260869566,17.668478260869563,9.122131147540985,333.1,53,78.8360655737705,16.895901639344263
North West,2016,10.78021978021978,297.6,40,84.52747252747253,16.563736263736264,6.453333333333333,479.59999999999997,63,84.54444444444445,22.211111111111112,8.142391304347827,239.30000000000004,44,79.59782608695652,15.232608695652173,9.82049180327869,369.20000000000005,63,80.0,14.195081967213117
North West,2017,10.617582417582415,221.3,33,84.81318681318682,15.113186813186813,5.954444444444443,201.79999999999998,39,87.61111111111111,17.064444444444447,9.749999999999998,187.29999999999998,34,77.68478260869566,15.372826086956524,11.045901639344264,329.59999999999997,52,78.09836065573771,15.573770491803277
North West,2018,11.023076923076923,412.59999999999997,60,83.10989010989012,16.742857142857144,4.274444444444445,287.40000000000003,49,84.46666666666667,17.252222222222223,8.75108695652174,258.2,48,78.97826086956522,15.192391304347826,10.575409836065575,289.8,56,77.07377049180327,14.506557377049182
North West,2019,10.617582417582417,281.5,49,82.53846153846153,16.783516483516483,5.956666666666667,276.4,45,86.46666666666667,16.287777777777777,9.154347826086957,294.09999999999997,45,77.3695652173913,16.18804347826087,10.326229508196723,444.59999999999997,67,77.6311475409836,15.588524590163933
North West,2020,9.762637362637363,427.5,61,84.98901098901099,14.73296703296703,6.144444444444446,428.2,60,85.82222222222222,20.411111111111115,9.448913043478262,130.39999999999998,25,71.58695652173913,15.559782608695652,10.81639344262295,304.49999999999994,48,72.91803278688525,15.492622950819671
North West,2021,10.799999999999999,382.29999999999995,52,83.81318681318682,16.03186813186813,4.33,433.9,56,87.13333333333334,15.984444444444446,7.7010869565217375,245.79999999999998,38,77.41304347826087,13.568478260869563,9.577049180327869,291.59999999999997,45,76.78688524590164,12.918032786885245
North West,2022,11.791208791208792,321.90000000000003,53,84.24175824175825,15.08021978021978,6.1211111111111105,416.6,57,85.5111111111111,18.575555555555557,9.642391304347827,184.2,41,76.70652173913044,14.781521739130433,10.818032786885245,269.90000000000003,57,76.28688524590164,14.508196721311478
North West,2023,11.831868131868132,360.90000000000003,54,83.13186813186813,16.212087912087913,5.013333333333334,300.3,47,86.42222222222222,16.33111111111111,9.206521739130435,312.9,44,79.28260869565217,13.92608695652174,11.156557377049179,366.59999999999997,54,76.95081967213115,13.655737704918032
North West,2024,11.554945054945055,416.6,61,84.84615384615384,15.141758241758243,6.054444444444444,508.20000000000005,61,86.95555555555555,18.07222222222222,10.15,387.4000000000001,57,80.43478260869566,15.7,10.959016393442623,470.2,74,79.73770491803279,15.245081967213116
North West,2025,10.67142857142857,306.5,45,84.03296703296704,13.734065934065937,5.305555555555556,323.3,42,85.68888888888888,15.024444444444443,10.59891304347826,136.7,23,71.83695652173913,12.231521739130434,11.871311475409836,292.70000000000005,41,73.45901639344262,12.873770491803278
North West,2026,10.886813186813187,507.70000000000005,55,83.83516483516483,14.780219780219781,5.803333333333334,400.8,54,86.16666666666667,16.433333333333334,10.067391304347826,270.90000000000003,45,77.55434782608695,13.835869565217395,11.641803278688524,410.90000000000003,67,77.63934426229508,13.851639344262296
South East,1971,11.972527472527473,174.0,34,81.85714285714286,16.582417582417584,4.681111111111111,139.39999999999998,31,88.0,14.694444444444445,8.351086956521737,160.9,35,79.48913043478261,13.932608695652176,9.650000000000002,292.6,50,79.34426229508196,14.232786885245902
South East,1972,11.291208791208792,119.4,18,81.98901098901099,14.107692307692306,5.296666666666667,154.3,39,88.96666666666667,15.333333333333334,8.94891304347826,200.89999999999998,49,79.75,17.642391304347825,9.8327868852459,242.29999999999998,61,79.28688524590164,16.901639344262296
South East,1973,10.3989010989011,134.4,27,82.36263736263736,14.750549450549453,5.182222222222222,88.5,21,87.62222222222222,14.476666666666668,8.46304347826087,175.8,38,78.82608695652173,14.029347826086955,10.258196721311474,238.5,44,77.77868852459017,13.469672131147542
South East,1974,10.50769230769231,124.6,23,81.25274725274726,14.29340659340659,6.006666666666667,184.2,45,84.88888888888889,18.533333333333335,8.869565217391306,111.29999999999998,28,78.15217391304348,14.156521739130437,10.26311475409836,191.29999999999998,38,77.50819672131148,14.18606557377049
South East,1975,9.32197802197802,344.20000000000005,49,83.27472527472527,17.3945054945055,6.897777777777779,166.8,30,85.04444444444445,18.495555555555555,7.757608695652174,222.99999999999997,51,80.83695652173913,15.661956521739132,9.445081967213115,246.79999999999998,56,78.19672131147541,15.252459016393445
South East,1976,10.554945054945055,202.7,33,83.52747252747253,14.267032967032966,4.862222222222223,67.4,18,86.47777777777777,15.679999999999998,8.668478260869565,67.9,17,74.59782608695652,14.905434782608697,10.98934426229508,78.9,20,72.95081967213115,14.147540983606556
South East,1977,11.251648351648353,300.70000000000005,45,84.10989010989012,13.914285714285713,3.9066666666666663,191.8,42,88.22222222222223,15.241111111111111,8.54782608695652,170.5,43,78.34782608695652,17.416304347826088,9.711475409836067,235.79999999999998,56,78.19672131147541,16.64262295081967
South East,1978,11.254945054945056,141.79999999999998,32,81.74725274725274,16.713186813186812,4.473333333333333,181.19999999999996,40,85.9,17.073333333333334,8.346739130434782,205.9,44,80.6304347826087,15.406521739130433,9.872950819672132,252.69999999999996,58,79.14754098360656,15.024590163934425
South East,1979,12.057142857142857,51.29999999999999,13,81.62637362637362,14.331868131868132,2.707777777777778,235.3,43,86.82222222222222,16.095555555555556,8.117391304347825,295.30000000000007,60,80.54347826086956,16.34130434782609,9.756557377049178,351.5,71,80.28688524590164,15.304918032786883
South East,1980,11.483516483516484,113.1,25,82.72527472527473,14.049450549450547,5.166666666666667,162.09999999999997,26,86.43333333333334,16.684444444444445,8.540217391304347,115.30000000000001,28,76.30434782608695,15.002173913043478,10.034426229508197,194.10000000000002,45,76.62295081967213,14.904918032786888
South East,1981,10.683516483516485,142.00000000000003,29,81.72527472527473,17.25714285714286,4.543333333333334,81.0,20,84.72222222222223,17.330000000000002,9.618478260869566,252.1,57,82.0,16.505434782608695,10.625409836065574,294.7,63,80.88524590163935,16.326229508196718
South East,1982,11.074725274725274,213.9,41,81.82417582417582,16.232967032967032,3.7000000000000006,138.5,30,86.78888888888889,15.738888888888889,9.10108695652174,130.09999999999997,32,75.98913043478261,14.891304347826088,10.9172131147541,239.60000000000002,51,76.60655737704919,14.388524590163936
South East,1983,11.995604395604397,238.70000000000002,40,84.21978021978022,15.117582417582415,4.88,128.6,28,83.52222222222223,18.916666666666664,8.296739130434782,267.5,53,81.1195652173913,15.357608695652175,9.97950819672131,321.8,61,80.17213114754098,14.96639344262295
South East,1984,11.475824175824172,122.7,23,82.24175824175825,16.096703296703296,4.878888888888889,190.89999999999998,38,84.2,18.970000000000002,7.631521739130435,140.10000000000002,28,78.1304347826087,14.033695652173915,9.481147540983608,180.19999999999996,36,77.21311475409836,13.617213114754097
South East,1985,12.038461538461538,208.5,34,83.0,16.42967032967033,3.1877777777777774,122.49999999999999,30,85.52222222222223,14.70222222222222,8.468478260869565,172.3,40,80.29347826086956,15.769565217391303,9.752459016393445,254.9,57,79.68852459016394,15.44016393442623
South East,1986,10.704395604395605,74.2,24,81.89010989010988,14.203296703296703,3.8222222222222224,191.8,34,82.57777777777778,18.981111111111108,7.68804347826087,215.6,47,81.0,17.066304347826087,9.588524590163935,249.2,52,79.8360655737705,16.382786885245903
South East,1987,11.176923076923076,234.2,35,83.41758241758242,15.484615384615383,3.5822222222222218,100.6,20,85.34444444444445,16.15222222222222,8.522826086956519,153.5,32,78.28260869565217,15.375,9.871311475409836,259.8,52,79.18032786885246,14.8155737704918
South East,1988,11.289010989010988,235.6,29,84.41758241758242,14.736263736263739,6.01,195.3,41,85.05555555555556,18.404444444444444,9.319565217391304,167.5,39,78.3695652173913,15.715217391304348,10.632786885245903,185.2,45,78.10655737704919,15.024590163934423
South East,1989,10.996703296703297,126.49999999999999,23,83.75824175824175,14.485714285714286,6.8855555555555545,77.4,19,86.68888888888888,16.10333333333333,10.075,157.2,25,77.75,15.44891304347826,11.374590163934426,227.4,32,76.40163934426229,14.522131147540982
South East,1990,12.107692307692307,129.10000000000002,25,80.82417582417582,14.81318681318681,7.366666666666666,252.90000000000003,42,85.11111111111111,20.92888888888889,10.45,58.9,15,73.18478260869566,15.092391304347824,11.477868852459014,95.8,25,73.56557377049181,14.92950819672131
South East,1991,11.683516483516485,126.2,30,79.34065934065934,15.330769230769233,3.956666666666666,139.09999999999997,29,84.71111111111111,16.316666666666663,9.21195652173913,134.6,28,80.15217391304348,15.43804347826087,10.10655737704918,219.60000000000002,47,80.13934426229508,15.719672131147542
South East,1992,11.40879120879121,153.0,23,81.14285714285714,14.216483516483517,4.843333333333333,52.9,15,86.53333333333333,14.242222222222221,10.318478260869567,168.09999999999997,36,78.06521739130434,16.170652173913044,11.716393442622953,220.20000000000002,44,77.54098360655738,15.079508196721312
South East,1993,10.62857142857143,202.0,33,82.13186813186813,16.372527472527473,5.54,110.00000000000003,22,85.9,16.33111111111111,9.848913043478262,161.6,31,78.32608695652173,15.463043478260872,11.359836065573774,233.39999999999998,37,78.05737704918033,14.485245901639345
South East,1994,9.430769230769231,204.1,35,83.72527472527473,14.485714285714286,5.583333333333334,182.29999999999998,40,84.97777777777777,18.59,9.405434782608696,193.60000000000002,38,78.53260869565217,17.48260869565217,10.850819672131149,229.4,46,77.35245901639344,16.749180327868853
South East,1995,11.915384615384617,177.3,32,84.3956043956044,14.247252747252746,6.683333333333334,260.40000000000003,44,84.64444444444445,20.34777777777778,9.442391304347826,107.49999999999999,25,73.81521739130434,15.129347826086954,10.704918032786885,133.20000000000002,33,73.6311475409836,14.868032786885246
South East,1996,12.16813186813187,146.00000000000003,31,82.35164835164835,14.163736263736265,3.6799999999999997,180.0,31,85.41111111111111,15.897777777777778,7.690217391304348,129.6,33,78.33695652173913,14.642391304347825,9.637704918032789,141.70000000000002,37,76.35245901639344,13.970491803278687
South East,1997,10.910989010989011,154.9,33,80.61538461538461,16.31538461538462,4.197777777777778,95.69999999999999,23,86.23333333333333,16.831111111111113,10.02608695652174,70.3,21,76.0,13.868478260869566,11.28032786885246,184.7,40,76.44262295081967,14.220491803278689
South East,1998,11.836263736263739,150.6,26,81.54945054945055,14.119780219780218,6.336666666666666,153.5,28,85.05555555555556,17.435555555555553,10.280434782608696,203.5,40,79.75,15.226086956521739,11.431967213114755,294.3,60,80.06557377049181,15.56311475409836
South East,1999,10.91208791208791,243.8,39,82.73626373626374,16.447252747252747,6.068888888888889,145.70000000000002,34,84.47777777777777,18.241111111111113,10.27391304347826,123.8,31,80.19565217391305,14.592391304347828,11.398360655737704,189.60000000000002,45,78.97540983606558,14.115573770491803
South East,2000,12.017582417582416,157.8,33,82.0989010989011,15.669230769230767,5.710000000000001,151.7,36,84.61111111111111,18.273333333333333,9.794565217391305,261.2,44,80.34782608695652,15.032608695652174,11.227049180327871,299.09999999999997,53,79.75409836065573,14.554918032786885
South East,2001,11.648351648351651,324.0,44,83.64835164835165,16.412087912087912,5.192222222222222,266.5,42,87.07777777777778,16.861111111111114,9.022826086956522,207.7,45,79.83695652173913,15.597826086956525,10.535245901639342,246.49999999999997,53,77.25409836065573,14.954918032786885
South East,2002,11.879120879120876,200.9,40,83.35164835164835,15.772527472527475,6.041111111111111,125.49999999999999,31,84.82222222222222,19.012222222222224,10.041304347826085,160.99999999999997,33,78.79347826086956,15.794565217391304,11.286065573770493,225.1,43,78.57377049180327,15.174590163934425
South East,2003,11.991208791208791,180.2,31,82.3076923076923,14.368131868131869,5.122222222222222,193.3,30,85.3,16.174444444444447,10.171739130434782,82.69999999999999,21,75.8586956521739,14.703260869565218,11.931147540983607,165.8,33,75.61475409836065,14.107377049180327
South East,2004,11.553846153846155,161.59999999999997,20,78.61538461538461,13.832967032967032,5.635555555555556,154.0,34,84.81111111111112,17.185555555555556,9.689130434782609,142.60000000000002,35,79.47826086956522,13.182608695652174,11.295901639344262,183.00000000000003,43,78.08196721311475,13.383606557377048
South East,2005,11.858241758241757,112.0,25,82.56043956043956,15.947252747252746,5.364444444444445,95.19999999999999,22,84.84444444444445,16.575555555555557,9.681521739130433,148.5,37,79.8695652173913,14.259782608695653,11.392622950819671,189.4,46,78.63934426229508,13.877868852459015
South East,2006,12.69230769230769,131.29999999999998,31,83.1978021978022,14.30989010989011,4.384444444444443,110.69999999999999,20,86.47777777777777,15.323333333333338,9.009782608695653,185.10000000000002,41,78.55434782608695,16.18804347826087,10.831967213114757,220.1,44,77.4672131147541,14.795081967213115
South East,2007,13.716483516483517,203.8,33,83.68131868131869,15.993406593406592,7.334444444444446,199.5,38,85.57777777777778,18.855555555555554,10.895652173913044,140.9,28,77.54347826086956,15.366304347826086,12.102459016393443,237.8,42,78.5,14.995901639344261
South East,2008,11.334065934065933,93.1,19,82.35164835164835,13.26703296703297,6.146666666666667,135.6,26,84.9888888888889,18.133333333333333,9.829347826086957,233.5,39,77.68478260869566,16.179347826086957,11.194262295081966,270.5,45,77.09836065573771,15.450000000000001
South East,2009,10.86923076923077,162.7,31,83.0989010989011,15.462637362637365,3.901111111111111,140.0,23,87.47777777777777,14.077777777777778,10.128260869565217,129.8,26,78.55434782608695,14.291304347826086,11.478688524590165,183.2,34,77.23770491803279,13.50327868852459
South East,2010,12.572527472527474,210.9,32,80.61538461538461,16.415384615384614,3.1622222222222223,193.99999999999997,43,88.08888888888889,14.8,8.743478260869566,108.69999999999999,25,77.06521739130434,14.007608695652175,10.529508196721311,159.5,34,76.18852459016394,13.535245901639344
South East,2011,10.710989010989008,163.20000000000005,32,83.63736263736264,15.337362637362636,4.142222222222222,156.3,31,89.06666666666666,15.382222222222222,10.92608695652174,30.6,9,74.17391304347827,14.311956521739129,11.957377049180327,95.9,23,74.41803278688525,14.664754098360653
South East,2012,13.301098901098902,89.60000000000001,21,82.57142857142857,15.668131868131868,5.3966666666666665,131.7,27,83.74444444444444,16.897777777777776,9.697826086956523,205.39999999999998,37,80.23913043478261,13.877173913043476,10.884426229508197,331.69999999999993,54,80.22950819672131,14.709836065573771
South East,2013,10.929670329670328,237.3,36,83.26373626373626,14.7967032967033,4.248888888888889,173.09999999999997,34,86.26666666666667,16.48,7.315217391304347,178.79999999999998,40,78.6195652173913,15.796739130434782,9.027868852459017,202.9,50,78.11475409836065,15.867213114754096
South East,2014,11.699999999999998,228.39999999999998,42,84.13186813186813,14.999999999999998,6.853333333333334,336.2,52,86.13333333333334,20.33,10.683695652173913,180.79999999999998,32,79.25,13.746739130434783,11.985245901639345,224.4,44,78.01639344262296,13.015573770491802
South East,2015,13.257142857142856,206.4,37,85.47252747252747,13.406593406593409,4.968888888888889,165.89999999999998,32,84.4888888888889,17.48,9.33913043478261,95.9,27,76.28260869565217,15.60217391304348,10.843442622950821,121.3,33,74.8360655737705,15.447540983606556
South East,2016,12.031868131868134,166.89999999999998,29,83.52747252747253,15.538461538461538,7.574444444444444,158.5,43,83.78888888888889,20.304444444444442,9.070652173913043,179.7,40,78.8586956521739,14.713043478260872,10.677049180327868,293.8,55,79.88524590163935,14.342622950819672
South East,2017,12.210989010989012,109.80000000000001,24,81.79120879120879,13.983516483516485,5.366666666666666,117.8,22,88.61111111111111,13.655555555555559,10.517391304347827,126.6,26,77.58695652173913,13.601086956521739,12.121311475409836,182.9,36,76.92622950819673,13.662295081967212
South East,2018,11.448351648351649,105.89999999999999,31,82.37362637362638,14.513186813186813,4.667777777777777,205.49999999999997,39,83.93333333333334,16.745555555555555,9.700000000000001,227.39999999999998,45,81.03260869565217,13.713043478260872,11.271311475409837,237.4,47,79.57377049180327,13.549180327868852
South East,2019,11.491208791208795,150.2,27,81.5934065934066,14.383516483516484,5.6866666666666665,163.2,33,86.75555555555556,14.623333333333333,9.63369565217391,168.3,33,77.05434782608695,14.132608695652172,11.029508196721311,277.4,44,77.5327868852459,13.961475409836064
South East,2020,11.212087912087913,331.3999999999999,47,83.31868131868131,14.465934065934064,6.697777777777778,303.70000000000005,43,85.8,18.683333333333334,10.147826086956522,87.80000000000001,16,71.32608695652173,14.970652173913045,11.525409836065574,156.1,29,71.60655737704919,14.738524590163935
South East,2021,12.020879120879123,224.1,38,83.52747252747253,15.306593406593407,4.9144444444444435,310.59999999999997,46,88.38888888888889,15.504444444444445,7.76630434782609,138.5,34,76.41304347826087,14.529347826086957,9.895901639344261,252.3,47,77.25409836065573,13.625409836065575
South East,2022,12.09230769230769,181.8,23,83.95604395604396,13.42197802197802,6.28,158.2,34,85.71111111111111,15.956666666666665,10.092391304347826,128.2,31,76.73913043478261,13.522826086956524,11.444262295081966,176.20000000000002,41,76.04098360655738,13.454098360655736
South East,2023,12.854945054945057,293.1,41,82.41758241758242,14.395604395604396,5.144444444444445,188.0,30,87.56666666666666,15.172222222222222,9.20108695652174,258.0,45,80.78260869565217,15.015217391304343,11.206557377049181,296.3,48,78.78688524590164,14.740163934426231
South East,2024,13.052747252747249,244.6,38,82.63736263736264,14.313186813186814,6.810000000000001,247.70000000000002,41,86.14444444444445,18.288888888888888,10.491304347826086,268.00000000000006,48,80.68478260869566,14.978260869565217,11.574590163934428,290.0,55,78.80327868852459,14.382786885245903
South East,2025,11.708791208791213,251.1,40,84.68131868131869,13.32087912087912,5.21,197.5,37,87.54444444444445,14.894444444444442,10.310869565217391,64.19999999999999,15,76.3913043478261,12.65,12.161475409836065,104.3,22,75.18032786885246,13.166393442622951
South East,2026,11.812087912087911,206.0,31,82.52747252747253,15.901098901098901,6.571111111111111,304.1,49,88.53333333333333,16.977777777777778,11.234782608695653,57.400000000000006,16,74.06521739130434,13.834782608695651,12.868852459016393,151.00000000000003,28,74.80327868852459,14.038524590163934
South West,1971,11.7010989010989,187.00000000000003,30,84.03296703296704,15.725274725274728,4.94,177.29999999999998,36,88.75555555555556,14.945555555555554,8.350000000000001,173.0,32,79.78260869565217,13.305434782608698,9.542622950819673,289.0,45,79.84426229508196,13.62950819672131
South West,1972,11.294505494505493,153.5,28,83.91208791208791,12.87032967032967,5.711111111111111,240.5,39,88.37777777777778,15.80222222222222,8.670652173913044,208.7,51,80.53260869565217,18.201086956521742,9.396721311475408,280.0,68,80.59836065573771,17.281147540983607
South West,1973,10.335164835164836,172.9,26,82.04395604395604,14.01978021978022,5.7588888888888885,163.3,30,87.67777777777778,14.983333333333333,8.17282608695652,165.6,34,79.40217391304348,14.285869565217387,9.894262295081967,226.0,41,78.62295081967213,13.7827868852459
South West,1974,10.773626373626373,113.79999999999998,21,82.74725274725274,13.967032967032967,6.23,275.1,43,85.38888888888889,18.213333333333335,8.56304347826087,156.8,37,78.68478260869566,14.267391304347825,10.012295081967213,240.5,52,77.90163934426229,14.240983606557377
South West,1975,9.258241758241759,281.4,48,83.57142857142857,16.42197802197802,7.301111111111111,178.4,39,86.33333333333333,18.29,7.999999999999999,220.79999999999998,45,79.57608695652173,15.32282608695652,9.818852459016394,232.79999999999998,48,76.40163934426229,14.99016393442623
South West,1976,10.580219780219778,174.8,29,82.8021978021978,14.520879120879119,5.252222222222222,86.4,17,87.07777777777778,15.505555555555558,8.544565217391305,108.39999999999999,22,77.25,15.22282608695652,10.7,119.9,25,76.26229508196721,14.200000000000001
South West,1977,10.634065934065934,352.7,52,84.91208791208791,13.917582417582414,4.067777777777778,217.70000000000002,48,88.55555555555556,14.783333333333335,8.531521739130435,203.0,38,77.93478260869566,17.078260869565216,9.564754098360657,323.70000000000005,51,78.04918032786885,16.385245901639347
South West,1978,10.874725274725273,127.3,30,83.20879120879121,16.74615384615384,4.8500000000000005,257.59999999999997,45,87.14444444444445,17.61888888888889,8.500000000000002,207.99999999999997,37,79.54347826086956,15.051086956521738,9.865573770491805,263.0,48,78.27049180327869,14.781147540983604
South West,1979,12.154945054945054,72.0,16,83.02197802197803,14.142857142857146,3.101111111111111,291.79999999999995,44,87.4,16.738888888888887,7.528260869565217,286.0,52,82.07608695652173,15.933695652173913,9.151639344262296,313.9,61,81.35245901639344,14.781147540983609
South West,1980,11.291208791208792,137.39999999999998,33,84.64835164835165,14.241758241758241,5.333333333333332,251.9,41,87.63333333333334,16.513333333333335,8.535869565217391,163.09999999999997,29,76.71739130434783,14.707608695652173,9.792622950819673,298.7,47,77.78688524590164,14.804918032786885
South West,1981,10.447252747252747,224.0,37,84.10989010989012,17.437362637362636,5.068888888888889,91.1,21,85.66666666666667,17.07444444444445,9.323913043478258,276.3,56,83.42391304347827,17.257608695652177,10.385245901639342,318.20000000000005,66,82.36065573770492,16.73688524590164
South West,1982,10.763736263736265,279.0,46,83.86813186813187,15.474725274725275,4.451111111111111,187.79999999999998,34,87.67777777777778,16.63222222222222,8.95217391304348,169.0,30,77.71739130434783,15.060869565217388,10.608196721311476,310.09999999999997,48,78.3360655737705,14.631967213114754
South West,1983,11.549450549450553,254.4,39,85.6923076923077,15.123076923076924,5.337777777777778,160.9,28,83.55555555555556,19.36,7.9402173913043494,267.7000000000001,53,83.0,15.253260869565219,9.588524590163935,330.1,63,82.06557377049181,14.819672131147541
South West,1984,11.246153846153845,181.2,34,84.58241758241758,15.848351648351649,5.424444444444444,234.8,42,84.53333333333333,19.00444444444444,7.9532608695652165,140.39999999999998,23,75.72826086956522,13.7,9.76639344262295,178.2,30,75.82786885245902,13.437704918032786
South West,1985,11.53956043956044,194.49999999999997,33,83.91208791208791,16.345054945054947,3.874444444444445,164.8,35,86.45555555555555,14.19777777777778,8.410869565217393,191.59999999999997,39,80.3913043478261,16.007608695652177,9.640983606557379,258.6,53,79.50819672131148,15.844262295081966
South West,1986,10.571428571428571,85.8,17,84.16483516483517,13.662637362637362,4.223333333333334,166.2,30,82.9888888888889,18.56666666666667,7.303260869565217,250.2,51,82.08695652173913,17.293478260869566,9.257377049180329,307.70000000000005,60,80.8688524590164,16.634426229508193
South West,1987,10.863736263736266,186.0,35,84.3076923076923,14.730769230769234,4.28,132.20000000000002,24,84.88888888888889,16.486666666666668,8.565217391304348,158.90000000000003,31,79.84782608695652,15.906521739130433,9.72377049180328,229.4,43,80.18032786885246,15.46311475409836
South West,1988,10.918681318681317,261.8,41,84.3076923076923,14.401098901098903,6.224444444444444,186.5,36,85.36666666666666,18.4,9.295652173913044,180.09999999999997,38,79.93478260869566,15.781521739130437,10.78688524590164,209.0,45,78.99180327868852,14.977868852459016
South West,1989,10.82967032967033,163.5,28,85.02197802197803,14.263736263736265,7.317777777777778,128.99999999999997,24,87.17777777777778,15.744444444444444,9.805434782608694,175.70000000000002,37,79.18478260869566,14.619565217391305,11.156557377049179,207.70000000000002,46,77.27049180327869,14.031967213114754
South West,1990,11.97252747252747,173.7,26,82.4065934065934,15.028571428571427,7.481111111111112,312.3,46,86.02222222222223,21.187777777777775,10.292391304347825,71.9,20,74.58695652173913,14.60217391304348,11.160655737704916,130.29999999999998,33,75.39344262295081,14.645901639344261
South West,1991,11.434065934065934,133.4,27,80.64835164835165,15.228571428571428,3.7766666666666664,155.8,31,85.1,15.668888888888887,9.320652173913043,161.4,30,80.3586956521739,15.593478260869567,10.145081967213113,265.2,48,80.65573770491804,15.851639344262297
South West,1992,11.40989010989011,173.20000000000002,33,82.04395604395604,14.66813186813187,5.263333333333334,75.19999999999999,20,87.13333333333334,14.028888888888888,10.056521739130435,159.40000000000003,34,79.18478260869566,16.692391304347826,11.509016393442623,210.00000000000003,41,78.0,15.404918032786886
South West,1993,10.248351648351647,238.4,41,84.24175824175825,16.208791208791208,5.986666666666667,145.39999999999998,26,86.88888888888889,15.883333333333331,9.663043478260871,205.10000000000005,39,79.96739130434783,15.782608695652174,11.09344262295082,275.90000000000003,48,79.97540983606558,14.701639344262293
South West,1994,9.172527472527474,202.10000000000002,32,84.28571428571429,13.786813186813188,5.9255555555555555,299.29999999999995,52,85.66666666666667,19.045555555555556,9.220652173913043,215.8,42,79.40217391304348,17.897826086956524,10.549180327868852,233.7,46,78.55737704918033,17.199180327868852
South West,1995,11.817582417582418,202.5,37,85.31868131868131,14.22967032967033,7.045555555555556,252.3,40,85.56666666666666,19.450000000000003,9.011956521739132,125.89999999999998,25,76.20652173913044,14.979347826086952,10.501639344262298,138.10000000000002,28,74.75409836065573,14.868032786885244
South West,1996,11.959340659340656,217.89999999999998,33,84.34065934065934,14.480219780219779,4.263333333333334,215.40000000000003,37,86.14444444444445,17.368888888888886,7.614130434782608,210.9,36,80.47826086956522,14.581521739130432,9.347540983606558,240.6,42,79.60655737704919,13.90983606557377
South West,1997,10.93956043956044,167.99999999999997,34,80.49450549450549,16.126373626373624,4.52888888888889,105.10000000000001,20,85.75555555555556,16.800000000000004,9.895652173913046,147.8,26,79.22826086956522,13.902173913043478,10.939344262295084,262.0,50,79.40163934426229,14.550819672131148
South West,1998,11.72967032967033,181.5,26,84.53846153846153,14.026373626373625,6.484444444444445,161.20000000000002,31,85.83333333333333,16.993333333333336,10.081521739130434,243.9,48,80.8586956521739,15.201086956521738,11.109016393442623,352.59999999999997,67,81.1311475409836,15.539344262295081
South West,1999,11.148351648351648,228.60000000000002,42,82.82417582417582,16.802197802197803,6.402222222222221,218.8,41,86.17777777777778,17.598888888888887,9.856521739130434,177.6,39,81.95652173913044,15.331521739130435,10.861475409836066,244.0,51,80.90163934426229,14.585245901639345
South West,2000,11.575824175824177,201.1,30,83.56043956043956,15.12967032967033,5.99,223.3,37,85.3,17.742222222222225,9.159782608695652,267.29999999999995,43,81.70652173913044,15.35326086956522,10.586065573770492,295.8,50,81.12295081967213,15.000819672131149
South West,2001,11.16923076923077,292.3,47,84.2967032967033,16.332967032967034,5.4511111111111115,245.0,36,87.4,16.857777777777777,8.876086956521737,236.6,36,80.3586956521739,15.006521739130436,10.331967213114755,267.20000000000005,41,78.32786885245902,14.480327868852457
South West,2002,11.8021978021978,174.20000000000002,32,83.98901098901099,15.32087912087912,6.245555555555555,167.60000000000002,33,86.35555555555555,18.07111111111111,9.630434782608695,194.10000000000002,37,80.20652173913044,15.495652173913042,10.709016393442623,234.10000000000002,50,80.10655737704919,15.015573770491802
South West,2003,11.970329670329672,284.1,41,83.54945054945055,13.838461538461537,5.4766666666666675,189.89999999999998,35,86.32222222222222,17.21888888888889,9.917391304347825,156.2,30,77.66304347826087,15.258695652173913,11.416393442622951,227.9,44,77.86065573770492,14.768852459016395
South West,2004,11.32747252747253,131.70000000000002,24,80.76923076923077,14.034065934065934,5.9622222222222225,187.6,30,85.66666666666667,16.636666666666667,9.404347826086957,183.9,35,81.41304347826087,13.570652173913043,10.918852459016394,231.0,43,80.3360655737705,13.848360655737707
South West,2005,11.576923076923077,180.4,38,84.1978021978022,15.953846153846154,5.768888888888888,121.1,25,85.42222222222222,16.22,9.207608695652171,180.60000000000002,35,81.25,15.000000000000002,10.886065573770491,258.3,46,80.94262295081967,14.440983606557376
South West,2006,12.08351648351648,168.50000000000003,30,84.63736263736264,14.667032967032965,4.403333333333332,133.4,25,87.47777777777777,14.858888888888888,8.821739130434782,212.79999999999998,40,80.96739130434783,16.584782608695654,10.63032786885246,259.59999999999997,49,79.74590163934427,15.172131147540986
South West,2007,13.117582417582415,253.4,45,85.32967032967034,15.820879120879122,7.478888888888889,232.29999999999995,46,85.6,18.676666666666666,10.645652173913044,191.8,30,77.47826086956522,15.378260869565214,11.761475409836065,299.0,49,78.8360655737705,14.833606557377049
South West,2008,11.296703296703297,109.7,18,84.27472527472527,12.574725274725276,6.4944444444444445,179.1,28,85.71111111111111,17.625555555555554,9.518478260869566,291.4,44,79.15217391304348,16.03695652173913,10.762295081967213,320.90000000000003,57,78.87704918032787,15.55737704918033
South West,2009,10.585714285714285,189.9,34,84.32967032967034,15.732967032967034,4.04,178.7,25,88.28888888888889,14.244444444444447,9.5,122.1,30,80.17391304347827,14.628260869565217,10.915573770491802,188.5,40,79.04098360655738,13.764754098360655
South West,2010,12.115384615384615,189.10000000000002,35,82.82417582417582,16.247252747252748,3.195555555555555,188.39999999999998,38,88.62222222222222,14.188888888888888,8.575,131.9,26,78.41304347826087,13.363043478260868,10.326229508196722,173.8,34,77.3360655737705,12.9155737704918
South West,2011,10.48021978021978,169.2,31,84.02197802197803,14.973626373626372,4.033333333333333,133.70000000000002,28,89.42222222222222,14.667777777777777,10.520652173913042,75.2,18,77.31521739130434,14.485869565217392,11.399180327868855,151.2,32,77.60655737704919,14.668852459016394
South West,2012,13.176923076923078,118.4,30,84.0989010989011,16.11208791208791,5.987777777777778,115.7,30,85.0111111111111,16.554444444444442,9.390217391304347,207.20000000000002,34,80.27173913043478,13.75978260869565,10.50655737704918,360.49999999999994,56,80.88524590163935,14.545901639344264
South West,2013,10.474725274725275,288.4,36,84.89010989010988,14.150549450549448,4.964444444444444,234.20000000000005,40,86.74444444444444,16.243333333333332,7.145652173913043,168.6,33,78.1195652173913,16.21413043478261,8.950819672131146,197.29999999999998,43,77.40983606557377,16.227868852459014
South West,2014,11.64945054945055,208.29999999999998,43,84.73626373626374,14.54835164835165,6.748888888888889,339.59999999999997,54,85.92222222222222,19.293333333333337,9.828260869565216,254.99999999999997,44,82.79347826086956,13.855434782608699,11.242622950819671,317.2,51,81.47540983606558,13.116393442622948
South West,2015,12.85934065934066,210.79999999999998,41,85.37362637362638,13.635164835164835,5.228888888888888,152.4,31,84.9,16.54444444444444,9.25869565217391,102.0,21,77.94565217391305,15.431521739130435,10.618852459016393,140.6,29,76.56557377049181,15.278688524590162
South West,2016,11.768131868131867,157.4,30,84.35164835164835,15.17032967032967,7.75,207.29999999999998,40,84.43333333333334,20.01222222222222,8.73586956521739,204.40000000000003,36,79.25,14.421739130434782,10.353278688524592,298.0,54,80.40163934426229,14.000819672131147
South West,2017,11.46923076923077,173.39999999999998,26,84.51648351648352,13.518681318681319,6.102222222222223,129.0,32,88.58888888888889,15.25,10.1,172.60000000000002,30,79.81521739130434,15.497826086956522,11.525409836065576,217.69999999999996,40,79.45901639344262,15.496721311475412
South West,2018,11.323076923076924,150.8,32,84.5934065934066,16.32087912087912,5.0600000000000005,204.7,37,84.27777777777777,18.45888888888889,9.167391304347825,298.29999999999995,50,82.67391304347827,15.372826086956522,11.001639344262296,315.70000000000005,56,80.6311475409836,14.568032786885247
South West,2019,11.12087912087912,205.69999999999996,30,83.3076923076923,16.828571428571426,6.373333333333334,185.50000000000003,32,87.03333333333333,16.83666666666667,9.48695652173913,174.70000000000002,32,77.97826086956522,15.520652173913044,10.689344262295082,284.00000000000006,48,78.43442622950819,15.623770491803278
South West,2020,11.016483516483516,331.4,53,84.13186813186813,16.58571428571429,6.854444444444444,323.7,51,86.58888888888889,20.64555555555556,10.242391304347825,100.2,20,71.29347826086956,15.717391304347826,11.4172131147541,208.79999999999998,37,72.42622950819673,15.6672131147541
South West,2021,11.6021978021978,249.6,36,84.32967032967034,17.1,5.258888888888889,327.7,49,87.93333333333334,18.22222222222222,7.891304347826087,218.8,38,77.55434782608695,15.455434782608691,9.718032786885246,312.8999999999999,49,78.08196721311475,14.680327868852459
South West,2022,12.032967032967031,203.2,25,84.86813186813187,14.521978021978024,6.771111111111111,185.99999999999997,33,86.74444444444444,17.845555555555556,9.86413043478261,159.8,32,78.30434782608695,15.040217391304349,11.095081967213114,240.90000000000003,49,77.78688524590164,14.93688524590164
South West,2023,12.637362637362635,374.00000000000006,54,83.7032967032967,17.068131868131868,5.111111111111111,213.2,29,87.56666666666666,16.502222222222223,9.507608695652175,262.2,44,81.34782608695652,16.342391304347828,11.480327868852457,309.09999999999997,52,78.85245901639344,15.597540983606557
South West,2024,12.819780219780219,289.6,40,83.92307692307692,16.139560439560437,7.107777777777777,376.7,43,86.6,19.514444444444443,10.123913043478263,318.9000000000001,58,82.19565217391305,17.01195652173913,11.120491803278687,344.7,66,80.44262295081967,16.084426229508196
South West,2025,11.554945054945058,395.20000000000005,42,86.3076923076923,14.584615384615383,5.993333333333334,252.5,37,86.73333333333333,17.726666666666667,10.680434782608696,114.2,25,74.1195652173913,13.90978260869565,12.250819672131147,163.6,35,74.21311475409836,14.518032786885245
South West,2026,11.537362637362635,276.29999999999995,42,84.34065934065934,17.913186813186815,6.8755555555555565,464.20000000000005,58,88.77777777777777,19.65888888888889,11.030434782608696,125.9,30,75.44565217391305,16.364130434782613,12.581147540983606,198.70000000000005,43,76.0,16.639344262295083
Wales,1971,11.149450549450549,308.8,46,83.3076923076923,19.9967032967033,4.696666666666666,235.79999999999998,44,87.45555555555555,17.756666666666664,7.9173913043478255,191.8,38,79.33695652173913,14.815217391304346,8.993442622950818,303.90000000000003,56,79.59836065573771,15.35655737704918
Wales,1972,10.973626373626375,221.29999999999998,33,83.16483516483517,16.181318681318682,5.254444444444444,308.8,48,87.81111111111112,18.38222222222222,7.886956521739131,287.0,50,80.75,20.353260869565215,8.62295081967213,380.5,71,80.90163934426229,19.49590163934426
Wales,1973,9.926373626373627,236.1,30,80.79120879120879,17.2021978021978,5.42,289.00000000000006,41,87.0,18.50111111111111,7.738043478260869,173.99999999999997,39,78.29347826086956,16.578260869565216,9.343442622950823,216.8,50,77.95901639344262,15.864754098360656
Wales,1974,10.310989010989012,190.9,40,81.94505494505495,17.660439560439563,5.9177777777777765,426.09999999999997,49,84.62222222222222,21.552222222222227,7.8836956521739125,162.5,32,78.68478260869566,15.842391304347826,9.292622950819673,224.70000000000002,46,77.8360655737705,16.095081967213115
Wales,1975,8.807692307692308,391.3,55,82.42857142857143,19.81758241758242,6.7444444444444445,286.9,47,86.05555555555556,23.151111111111113,7.5456521739130435,178.5,42,78.08695652173913,16.769565217391307,9.37704918032787,193.8,47,75.28688524590164,16.135245901639344
Wales,1976,10.156043956043957,269.9,41,81.07692307692308,17.456043956043956,5.132222222222222,170.3,31,85.88888888888889,19.197777777777777,7.843478260869565,152.49999999999997,29,78.45652173913044,17.371739130434783,9.769672131147543,174.89999999999998,35,78.43442622950819,16.205737704918032
Wales,1977,9.986813186813187,428.4,55,83.91208791208791,16.11648351648352,3.5100000000000002,327.00000000000006,52,87.5111111111111,16.97222222222222,7.910869565217391,203.8,44,76.8913043478261,19.8,9.033606557377048,276.29999999999995,59,76.55737704918033,18.742622950819673
Wales,1978,10.46153846153846,262.9,43,81.3076923076923,20.88681318681319,4.384444444444444,365.40000000000003,51,85.94444444444444,20.496666666666666,7.923913043478261,225.4,39,78.92391304347827,16.624999999999996,9.198360655737707,271.6,50,77.95901639344262,16.448360655737705
Wales,1979,11.756043956043955,137.5,32,82.68131868131869,18.076923076923073,2.565555555555556,385.00000000000006,53,86.1,20.274444444444445,6.84891304347826,298.40000000000003,49,81.54347826086956,18.05652173913043,8.386885245901638,321.0,58,81.00819672131148,16.917213114754095
Wales,1980,10.775824175824177,223.39999999999998,39,83.4065934065934,17.762637362637363,5.004444444444445,408.4,49,86.24444444444444,19.188888888888886,8.084782608695651,159.20000000000005,28,75.58695652173913,16.117391304347827,9.280327868852462,267.7,48,76.80327868852459,16.618852459016395
Wales,1981,10.012087912087912,354.9,45,82.6043956043956,21.403296703296704,4.86,155.69999999999996,29,84.75555555555556,20.712222222222223,8.673913043478262,362.9000000000001,50,82.57608695652173,18.725,9.718852459016391,436.8,61,81.80327868852459,18.238524590163934
Wales,1982,10.334065934065936,437.1,56,82.27472527472527,19.067032967032965,3.674444444444444,275.5,35,86.84444444444445,19.67222222222222,8.484782608695651,183.5,32,76.54347826086956,16.569565217391304,10.039344262295083,312.9,48,77.71311475409836,16.018852459016394
Wales,1983,10.96153846153846,365.90000000000003,50,85.0,18.00879120879121,4.787777777777778,272.90000000000003,37,82.84444444444445,24.341111111111108,7.314130434782609,273.20000000000005,48,82.33695652173913,16.821739130434786,8.884426229508195,302.1,56,81.54918032786885,16.368032786885248
Wales,1984,10.642857142857144,342.7,41,84.01098901098901,19.82417582417583,5.011111111111112,368.9,49,83.7,22.81222222222222,7.595652173913043,121.10000000000001,24,74.20652173913044,14.885869565217394,9.221311475409836,159.10000000000002,29,74.9672131147541,14.614754098360656
Wales,1985,10.937362637362638,367.3,45,83.49450549450549,19.364835164835167,3.4066666666666667,240.39999999999998,34,85.52222222222223,17.39,7.821739130434781,216.8,40,79.76086956521739,17.86304347826087,8.937704918032786,311.7,55,79.49180327868852,18.028688524590162
Wales,1986,9.990109890109888,176.99999999999997,26,83.28571428571429,16.701098901098902,3.6855555555555553,237.7,36,82.08888888888889,22.746666666666666,6.6336956521739125,282.20000000000005,52,82.1413043478261,19.810869565217388,8.512295081967213,355.00000000000006,62,81.10655737704919,18.88196721311475
Wales,1987,10.34945054945055,310.0,39,82.98901098901099,17.987912087912086,3.8600000000000003,230.79999999999998,36,84.15555555555555,19.494444444444447,8.017391304347825,208.29999999999998,37,79.80434782608695,17.60326086956522,9.06967213114754,299.5,51,80.54918032786885,17.291803278688523
Wales,1988,10.190109890109891,416.49999999999994,49,83.3956043956044,17.667032967032966,5.614444444444445,367.90000000000003,46,84.94444444444444,22.204444444444444,8.638043478260869,254.8,41,80.28260869565217,17.851086956521737,10.087704918032788,307.59999999999997,50,79.59836065573771,16.670491803278686
Wales,1989,10.057142857142857,246.9,36,84.81318681318682,17.259340659340662,7.03,188.7,31,86.02222222222223,19.63,9.072826086956523,226.0,37,78.33695652173913,16.581521739130434,10.412295081967212,283.7,52,76.77049180327869,15.77377049180328
Wales,1990,11.306593406593407,316.7,37,82.24175824175825,18.085714285714285,6.65111111111111,553.1,57,85.52222222222223,24.892222222222223,9.744565217391306,67.0,20,73.68478260869566,17.494565217391305,10.604918032786882,154.9,34,74.65573770491804,17.361475409836064
Wales,1991,10.905494505494506,219.4,34,79.64835164835165,18.75714285714286,3.3844444444444446,293.40000000000003,41,84.14444444444445,19.054444444444446,8.709782608695653,197.79999999999998,32,80.09782608695652,17.102173913043476,9.494262295081967,308.59999999999997,49,80.35245901639344,17.562295081967218
Wales,1992,10.935164835164835,286.4,37,80.56043956043956,18.201098901098902,4.874444444444444,123.9,22,86.83333333333333,17.09777777777778,9.315217391304348,180.7,36,79.70652173913044,19.044565217391305,10.795901639344262,224.4,44,78.24590163934427,17.21967213114754
Wales,1993,9.785714285714286,353.0,48,82.20879120879121,19.67142857142857,5.430000000000001,271.7,31,86.06666666666666,19.235555555555553,8.916304347826088,214.20000000000002,39,80.22826086956522,18.273913043478263,10.276229508196721,282.09999999999997,49,80.25409836065573,16.847540983606557
Wales,1994,8.6989010989011,294.09999999999997,37,82.98901098901099,16.1010989010989,5.316666666666667,476.79999999999995,60,85.22222222222223,23.558888888888887,8.445652173913045,247.10000000000002,46,79.09782608695652,20.87173913043478,9.663114754098359,285.6,53,79.06557377049181,20.131967213114752
Wales,1995,11.145054945054945,341.59999999999997,45,84.58241758241758,17.805494505494504,6.6288888888888895,483.2,55,85.03333333333333,24.60222222222222,8.423913043478262,158.9,27,75.95652173913044,17.321739130434782,9.880327868852458,169.7,30,74.59836065573771,17.016393442622952
Wales,1996,11.452747252747251,309.9,36,83.25274725274726,16.836263736263735,3.4977777777777774,281.3,41,85.05555555555556,20.77888888888889,7.072826086956524,234.5,39,79.71739130434783,16.196739130434782,8.74344262295082,275.4,48,79.13934426229508,15.319672131147543
Wales,1997,10.570329670329668,320.59999999999997,43,80.45054945054945,19.4967032967033,3.9177777777777782,191.39999999999998,27,85.58888888888889,20.296666666666667,9.240217391304347,156.6,24,80.04347826086956,15.531521739130433,10.279508196721313,280.7,40,79.5327868852459,16.280327868852456
Wales,1998,11.162637362637362,263.40000000000003,31,84.0989010989011,17.196703296703294,6.134444444444443,301.5,39,85.5,20.247777777777777,9.346739130434782,284.79999999999995,47,80.66304347826087,16.994565217391305,10.356557377049182,439.59999999999997,67,81.06557377049181,17.678688524590164
Wales,1999,10.743956043956043,408.1,52,82.0,20.40659340659341,6.01,351.5,49,85.74444444444444,20.795555555555556,9.14891304347826,234.1,44,82.33695652173913,17.832608695652176,10.11967213114754,303.09999999999997,55,81.30327868852459,17.052459016393442
Wales,2000,11.209890109890111,310.99999999999994,42,82.5934065934066,18.350549450549448,5.6211111111111105,339.6,47,83.81111111111112,21.846666666666668,8.50869565217391,281.1000000000001,43,80.56521739130434,16.869565217391308,9.895081967213113,322.09999999999997,50,80.56557377049181,16.471311475409838
Wales,2001,10.663736263736265,500.90000000000003,62,83.4065934065934,20.01098901098901,4.763333333333334,359.8,40,86.36666666666666,19.136666666666663,8.016304347826086,276.1,42,80.48913043478261,16.629347826086956,9.422950819672131,312.0,48,79.11475409836065,16.05327868852459
Wales,2002,11.479120879120877,306.2,40,83.02197802197803,18.224175824175827,5.820000000000001,331.8,45,85.38888888888889,22.036666666666665,8.947826086956521,248.9,43,79.80434782608695,18.113043478260867,9.994262295081967,298.0,55,79.8360655737705,17.775409836065574
Wales,2003,11.289010989010988,364.00000000000006,41,82.64835164835165,16.612087912087915,4.92,250.20000000000002,39,85.22222222222223,20.614444444444445,9.220652173913043,214.39999999999998,33,78.19565217391305,17.627173913043478,10.652459016393442,283.5,46,78.43442622950819,16.927049180327867
Wales,2004,10.762637362637362,182.40000000000003,30,80.61538461538461,16.68681318681319,5.54888888888889,292.0,37,84.43333333333334,19.551111111111112,8.884782608695653,218.8,41,80.84782608695652,15.051086956521738,10.299999999999999,274.0,48,80.13934426229508,15.61967213114754
Wales,2005,11.123076923076923,329.59999999999997,43,83.50549450549451,19.52747252747253,5.6644444444444435,182.4,28,83.91111111111111,19.806666666666665,8.659782608695652,192.80000000000004,36,79.75,16.956521739130434,10.21311475409836,255.6,48,80.17213114754098,16.40983606557377
Wales,2006,11.60989010989011,313.70000000000005,42,83.07692307692308,17.57472527472527,4.458888888888889,147.2,27,86.0,17.805555555555557,8.115217391304347,280.5,44,81.19565217391305,19.03369565217391,9.900819672131147,315.1,50,80.10655737704919,17.216393442622948
Wales,2007,12.505494505494505,319.6,48,83.38461538461539,19.00769230769231,6.833333333333335,470.8,52,85.21111111111111,22.71666666666667,9.945652173913045,220.7,29,77.59782608695652,17.485869565217396,11.08688524590164,347.5,44,78.61475409836065,16.658196721311473
Wales,2008,11.049450549450551,153.29999999999998,24,82.96703296703296,15.08021978021978,5.935555555555556,315.5,35,85.18888888888888,22.305555555555557,8.782608695652176,275.20000000000005,46,78.3913043478261,19.094565217391306,9.984426229508195,337.40000000000003,61,78.38524590163935,18.54590163934426
Wales,2009,10.241758241758241,294.3,39,82.48351648351648,18.754945054945054,3.885555555555555,219.10000000000002,29,86.57777777777778,17.189999999999998,8.802173913043477,177.2,32,80.52173913043478,16.863043478260874,10.189344262295084,267.1,43,79.91803278688525,15.681967213114755
Wales,2010,11.395604395604398,339.59999999999997,42,82.75824175824175,19.328571428571433,2.7666666666666666,242.29999999999998,37,86.45555555555555,16.61777777777778,8.040217391304347,152.7,30,78.3586956521739,13.880434782608695,9.677868852459017,207.1,37,78.04918032786885,13.372131147540982
Wales,2011,10.005494505494505,248.0,40,82.9010989010989,17.876923076923077,3.416666666666666,193.0,36,87.81111111111112,16.576666666666664,9.842391304347826,89.2,21,77.6413043478261,16.675,10.68360655737705,164.7,34,77.68852459016394,16.922131147540984
Wales,2012,12.345054945054944,212.60000000000002,46,84.63736263736264,19.759340659340655,5.585555555555556,210.2,39,84.46666666666667,21.52111111111111,8.745652173913044,233.90000000000003,33,80.01086956521739,15.6,9.809836065573773,462.1,56,80.97540983606558,16.318852459016394
Wales,2013,9.876923076923077,337.20000000000005,46,83.50549450549451,17.524175824175824,4.467777777777777,344.1,43,85.9888888888889,19.580000000000002,6.357608695652172,213.20000000000002,31,78.33695652173913,18.59130434782609,8.11967213114754,268.5,42,78.04918032786885,18.552459016393442
Wales,2014,11.11978021978022,339.09999999999997,43,83.64835164835165,17.39010989010989,6.292222222222222,523.9,66,85.36666666666666,23.043333333333333,9.26413043478261,271.90000000000003,45,82.55434782608695,15.621739130434783,10.645081967213114,330.20000000000005,57,81.47540983606558,14.358196721311476
Wales,2015,12.241758241758244,284.1,39,84.32967032967034,16.2978021978022,5.05,237.60000000000002,44,83.21111111111111,20.616666666666667,8.486956521739131,160.29999999999998,29,78.01086956521739,18.077173913043477,9.750819672131147,217.8,38,77.45081967213115,17.801639344262295
Wales,2016,11.25934065934066,253.6,39,83.61538461538461,18.443956043956046,7.04,446.6,63,84.54444444444445,23.715555555555557,8.322826086956521,197.99999999999997,38,77.84782608695652,16.311956521739127,9.931967213114755,280.4,53,78.94262295081967,15.791803278688526
Wales,2017,10.936263736263736,240.20000000000002,35,83.50549450549451,16.902197802197804,6.383333333333332,210.00000000000003,36,87.53333333333333,17.788888888888888,10.316304347826087,227.7,36,79.8913043478261,17.541304347826088,11.63032786885246,319.3,50,80.32786885245902,18.02950819672131
Wales,2018,12.087912087912088,285.3,44,82.41758241758242,18.654945054945056,5.768888888888888,309.30000000000007,43,81.6,22.11444444444444,9.095652173913045,376.2,54,82.8695652173913,16.94347826086957,10.933606557377049,402.40000000000003,63,81.13934426229508,16.431967213114753
Wales,2019,11.641758241758243,315.99999999999994,44,81.51648351648352,17.756043956043953,7.006666666666667,299.9,41,85.85555555555555,18.596666666666668,9.691304347826087,235.80000000000004,37,78.6195652173913,18.471739130434788,10.806557377049181,340.3,55,79.14754098360656,18.160655737704918
Wales,2020,11.545054945054945,562.6999999999999,58,82.47252747252747,18.973626373626374,7.2622222222222215,495.30000000000007,55,84.62222222222222,22.917777777777776,10.352173913043478,143.2,25,72.44565217391305,19.333695652173912,11.56639344262295,264.5,40,73.27049180327869,18.904098360655745
Wales,2021,11.980219780219779,343.6,51,82.6043956043956,19.456043956043956,5.720000000000001,449.1,53,85.8,19.186666666666667,8.46304347826087,256.6,38,76.6304347826087,17.371739130434783,10.131147540983607,297.19999999999993,48,77.30327868852459,16.578688524590163
Wales,2022,12.772527472527472,331.0,38,82.67032967032966,16.116483516483516,7.3277777777777775,325.79999999999995,48,84.83333333333333,21.333333333333332,10.13804347826087,191.3,33,78.92391304347827,17.57934782608696,11.322131147540984,276.1,49,78.65573770491804,17.160655737704918
Wales,2023,13.213186813186814,411.99999999999994,57,81.3076923076923,17.96263736263736,5.887777777777779,330.2,35,85.45555555555555,18.881111111111107,9.930434782608694,366.2,48,80.98913043478261,16.983695652173914,11.721311475409838,409.4,55,79.49180327868852,16.908196721311477
Wales,2024,13.124175824175824,416.3,54,83.16483516483517,18.520879120879123,7.452222222222222,502.6,57,85.32222222222222,22.596666666666668,10.27608695652174,391.4,58,82.25,17.818478260869565,11.244262295081967,434.2,68,81.01639344262296,17.542622950819677
Wales,2025,12.025274725274725,455.49999999999994,49,84.14285714285714,16.54175824175824,6.353333333333334,356.8,36,84.91111111111111,19.104444444444443,10.64565217391304,196.10000000000002,28,77.6086956521739,15.483695652173912,12.000819672131145,296.1,48,78.4672131147541,16.52622950819672
Wales,2026,12.035164835164833,452.20000000000005,56,82.3956043956044,19.116483516483516,7.103333333333334,557.9000000000002,63,86.78888888888889,20.323333333333334,11.016304347826088,219.69999999999996,36,77.5,18.127173913043475,12.458196721311475,350.1,56,78.57377049180327,18.33934426229508
West Midlands,1971,10.407692307692308,193.09999999999997,41,82.21978021978022,16.210989010989014,3.8422222222222224,147.4,37,88.71111111111111,14.402222222222225,7.4586956521739145,201.9,37,79.68478260869566,12.448913043478258,8.545081967213115,276.19999999999993,50,79.41803278688525,12.799180327868852
West Midlands,1972,9.910989010989011,137.10000000000002,28,83.84615384615384,13.66593406593407,4.402222222222223,201.2,42,88.94444444444444,15.625555555555556,7.546739130434782,225.50000000000003,60,80.19565217391305,16.72282608695652,8.428688524590164,313.0,82,79.8688524590164,16.00655737704918
West Midlands,1973,8.942857142857143,142.9,23,83.54945054945055,13.67802197802198,4.312222222222222,142.1,28,88.45555555555555,14.752222222222223,7.346739130434782,177.6,43,77.84782608695652,14.730434782608693,9.087704918032786,217.6,51,76.97540983606558,13.919672131147541
West Midlands,1974,9.174725274725276,126.89999999999999,28,82.37362637362638,14.151648351648351,4.834444444444444,218.20000000000002,43,86.08888888888889,18.22,7.429347826086955,117.8,33,78.26086956521739,13.784782608695656,8.838524590163933,180.09999999999997,46,77.24590163934427,13.704918032786885
West Midlands,1975,7.8318681318681325,235.5,50,83.81318681318682,16.254945054945054,5.727777777777778,131.1,35,85.71111111111111,18.26111111111111,6.810869565217391,191.20000000000002,46,79.0,14.683695652173911,8.575409836065575,215.3,53,76.74590163934427,14.21967213114754
West Midlands,1976,9.012087912087914,149.5,34,82.56043956043956,14.442857142857145,4.518888888888889,143.1,29,85.73333333333333,16.308888888888887,7.414130434782609,177.79999999999998,34,77.48913043478261,14.792391304347827,9.549999999999999,194.3,40,76.69672131147541,13.902459016393442
West Midlands,1977,9.08241758241758,291.3,50,85.05494505494505,13.660439560439562,2.02,256.4,51,90.37777777777778,14.283333333333335,7.291304347826086,175.8,47,76.51086956521739,16.693478260869565,8.405737704918034,289.20000000000005,60,76.29508196721312,15.898360655737704
West Midlands,1978,9.587912087912088,131.9,30,81.38461538461539,17.406593406593405,3.3277777777777784,221.29999999999998,44,87.05555555555556,16.592222222222222,7.4391304347826095,167.29999999999998,37,78.45652173913044,14.566304347826087,8.768852459016392,271.19999999999993,51,77.67213114754098,14.45983606557377
West Midlands,1979,10.948351648351649,106.0,25,83.03296703296704,15.670329670329673,0.7644444444444446,234.1,38,89.36666666666666,15.722222222222221,6.44891304347826,310.3,60,80.90217391304348,15.664130434782605,8.178688524590164,342.4,68,79.8688524590164,14.550819672131148
West Midlands,1980,9.96923076923077,134.3,32,82.63736263736264,14.584615384615383,3.8011111111111107,275.0,38,87.87777777777778,15.215555555555554,7.468478260869564,136.20000000000002,24,75.93478260869566,14.366304347826086,8.832786885245902,267.99999999999994,42,76.70491803278688,14.204918032786885
West Midlands,1981,9.40989010989011,219.20000000000005,44,82.5934065934066,17.216483516483517,3.8355555555555556,156.8,38,85.74444444444444,17.092222222222226,8.377173913043478,300.0,53,82.1304347826087,15.610869565217392,9.445901639344264,337.5,62,80.78688524590164,15.750819672131149
West Midlands,1982,9.394505494505495,255.4,41,82.24175824175825,15.435164835164837,1.7533333333333334,167.4,32,88.27777777777777,15.514444444444447,8.108695652173912,139.39999999999995,34,75.40217391304348,14.635869565217394,9.808196721311477,285.8,52,76.5,13.885245901639344
West Midlands,1983,10.04835164835165,225.49999999999997,40,84.6043956043956,15.216483516483517,3.747777777777778,119.80000000000001,28,83.71111111111111,18.999999999999996,7.009782608695652,294.4,61,80.92391304347827,14.73695652173913,8.604918032786886,328.1,71,79.72950819672131,14.432786885245902
West Midlands,1984,9.821978021978023,179.29999999999998,33,83.47252747252747,15.657142857142855,3.6222222222222222,200.39999999999998,42,85.0111111111111,18.091111111111108,7.0119565217391315,136.9,30,75.59782608695652,12.963043478260868,8.665573770491804,188.9,41,75.72950819672131,12.936065573770492
West Midlands,1985,10.298901098901096,225.6,38,82.89010989010988,16.09450549450549,2.071111111111111,133.0,28,88.55555555555556,14.472222222222221,7.2967391304347835,188.9,44,80.25,15.129347826086954,8.425409836065574,282.1,60,79.64754098360656,14.9
West Midlands,1986,9.235164835164834,113.6,21,83.76923076923077,13.615384615384613,2.6444444444444444,179.8,35,83.9888888888889,18.035555555555554,6.605434782608695,259.70000000000005,53,79.69565217391305,16.918478260869563,8.404918032786886,315.3,59,78.84426229508196,16.571311475409836
West Midlands,1987,9.329670329670328,151.89999999999998,36,83.28571428571429,14.602197802197804,2.732222222222222,148.5,26,86.15555555555555,15.511111111111111,7.534782608695651,217.99999999999997,38,79.15217391304348,15.348913043478257,8.659016393442624,341.79999999999995,58,79.81967213114754,14.588524590163932
West Midlands,1988,9.23956043956044,255.4,37,84.28571428571429,14.325274725274724,4.742222222222223,172.99999999999997,41,85.95555555555555,17.69,8.210869565217392,219.50000000000003,41,78.94565217391305,14.35,9.659016393442624,273.3,48,78.43442622950819,13.704918032786885
West Midlands,1989,9.051648351648351,156.29999999999998,28,84.9010989010989,14.078021978021978,6.13111111111111,112.50000000000001,29,85.67777777777778,17.36444444444444,8.356521739130436,220.2,41,78.29347826086956,14.584782608695651,9.725409836065573,290.4,56,77.0,13.989344262295083
West Midlands,1990,10.336263736263735,182.0,26,82.78021978021978,14.252747252747254,5.6066666666666665,293.90000000000003,42,85.64444444444445,19.59,9.26195652173913,68.2,23,72.67391304347827,14.963043478260872,10.269672131147543,119.59999999999998,37,73.05737704918033,14.621311475409836
West Midlands,1991,10.14065934065934,170.89999999999998,30,80.3076923076923,15.583516483516483,2.312222222222222,142.7,29,86.82222222222222,15.428888888888888,8.3,138.4,28,79.04347826086956,15.399999999999997,9.10655737704918,228.00000000000003,48,78.90163934426229,15.420491803278686
West Midlands,1992,10.093406593406593,165.10000000000002,35,81.01098901098901,15.253846153846153,3.9800000000000004,108.7,21,88.27777777777777,14.110000000000001,9.196739130434782,198.79999999999998,43,77.75,16.732608695652175,10.650000000000002,268.8,51,77.38524590163935,15.399180327868853
West Midlands,1993,8.789010989010988,218.2,41,83.06593406593407,15.568131868131868,4.124444444444444,143.29999999999998,27,87.08888888888889,16.26,8.554347826086957,181.79999999999998,37,78.05434782608695,15.84891304347826,10.000819672131147,285.6,48,78.09836065573771,14.65655737704918
West Midlands,1994,7.565934065934066,206.2,36,85.15384615384616,12.930769230769231,3.934444444444444,249.2,51,85.5111111111111,18.47555555555555,8.097826086956523,185.0,43,76.6086956521739,17.728260869565215,9.504918032786886,217.50000000000003,50,75.88524590163935,17.254918032786886
West Midlands,1995,10.068131868131868,245.7,38,85.2967032967033,14.235164835164834,5.201111111111111,245.20000000000002,43,85.06666666666666,19.182222222222222,8.015217391304347,125.89999999999999,30,74.58695652173913,15.328260869565218,9.409016393442622,144.2,35,73.81147540983606,15.064754098360657
West Midlands,1996,10.65824175824176,178.0,34,83.15384615384616,14.417582417582414,2.3722222222222222,169.70000000000002,33,86.62222222222222,16.264444444444443,6.614130434782608,168.6,36,78.59782608695652,14.205434782608691,8.354918032786886,203.4,43,77.36065573770492,13.614754098360656
West Midlands,1997,9.716483516483517,166.90000000000003,34,80.24175824175825,15.83846153846154,3.255555555555555,101.2,22,86.46666666666667,15.835555555555556,9.010869565217392,143.9,31,77.41304347826087,13.578260869565218,10.06229508196721,277.90000000000003,50,77.44262295081967,14.063114754098361
West Midlands,1998,10.125274725274725,157.8,30,84.26373626373626,14.04835164835165,5.416666666666667,148.5,31,86.12222222222222,16.82777777777778,8.940217391304348,231.29999999999998,46,79.8695652173913,14.846739130434784,10.059016393442626,352.5,66,79.8360655737705,15.04016393442623
West Midlands,1999,9.751648351648353,230.59999999999997,43,83.27472527472527,16.22747252747253,4.828888888888889,197.29999999999998,46,86.45555555555555,17.391111111111112,9.056521739130435,213.89999999999995,46,80.3913043478261,14.919565217391305,10.035245901639344,284.09999999999997,60,79.31967213114754,14.09016393442623
West Midlands,2000,10.651648351648351,208.0,36,82.75824175824175,14.895604395604392,4.743333333333332,157.89999999999998,36,84.21111111111111,18.343333333333334,8.272826086956522,213.7,37,79.45652173913044,14.283695652173915,9.787704918032786,271.30000000000007,49,78.98360655737704,14.059016393442624
West Midlands,2001,9.82967032967033,371.09999999999997,53,84.76923076923077,15.828571428571427,3.622222222222222,208.29999999999998,36,88.23333333333333,15.491111111111111,7.503260869565217,252.3,42,79.01086956521739,13.892391304347827,8.972950819672132,291.0,50,77.61475409836065,13.709016393442623
West Midlands,2002,10.663736263736265,184.70000000000002,37,83.86813186813187,15.612087912087913,4.773333333333333,159.3,38,85.92222222222222,17.595555555555556,8.739130434782608,153.20000000000002,34,77.34782608695652,15.898913043478261,9.987704918032787,199.4,48,76.81147540983606,15.681967213114755
West Midlands,2003,10.214285714285714,221.99999999999997,32,83.93406593406593,13.62967032967033,4.036666666666667,166.0,33,86.47777777777777,16.024444444444445,9.044565217391304,133.3,29,76.06521739130434,14.990217391304347,10.704098360655736,189.8,39,75.1311475409836,14.563114754098361
West Midlands,2004,9.76923076923077,142.29999999999998,28,81.45054945054945,13.925274725274726,4.555555555555555,174.49999999999997,32,85.63333333333334,16.215555555555554,8.59782608695652,165.9,38,79.65217391304348,13.354347826086956,10.107377049180329,229.29999999999998,50,78.5,13.759016393442623
West Midlands,2005,10.253846153846153,171.9,38,84.51648351648352,15.693406593406593,4.694444444444445,105.39999999999999,29,85.4888888888889,17.182222222222222,8.523913043478261,154.6,42,77.6195652173913,15.15,10.127868852459015,221.30000000000004,52,77.55737704918033,14.501639344262296
West Midlands,2006,10.872527472527473,190.4,33,83.56043956043956,14.830769230769228,3.6366666666666667,103.80000000000001,22,87.83333333333333,14.08222222222222,7.866304347826087,259.3,50,78.65217391304348,15.413043478260873,9.724590163934426,296.90000000000003,58,77.43442622950819,14.434426229508194
West Midlands,2007,11.747252747252746,200.0,39,83.18681318681318,15.86373626373626,5.911111111111111,208.5,44,85.84444444444445,17.745555555555555,9.235869565217392,164.79999999999998,32,77.57608695652173,14.652173913043478,10.524590163934427,321.4,48,78.28688524590164,14.09344262295082
West Midlands,2008,10.150549450549452,101.99999999999999,20,83.85714285714286,13.324175824175825,4.882222222222222,192.7,38,85.87777777777778,17.841111111111115,8.208695652173912,220.7,44,77.68478260869566,15.920652173913044,9.52377049180328,265.59999999999997,55,76.87704918032787,15.563114754098363
West Midlands,2009,9.306593406593406,199.0,34,83.67032967032966,15.292307692307691,2.982222222222222,118.5,25,88.32222222222222,14.102222222222222,8.727173913043478,158.9,31,77.8695652173913,14.954347826086954,10.040983606557377,239.79999999999998,42,77.41803278688525,14.088524590163933
West Midlands,2010,10.538461538461537,182.90000000000003,35,82.79120879120879,15.473626373626372,1.6455555555555554,154.4,40,89.34444444444445,13.575555555555555,7.777173913043479,97.6,29,76.8913043478261,12.5,9.542622950819673,133.89999999999998,38,75.85245901639344,11.944262295081968
West Midlands,2011,9.016483516483516,184.90000000000003,32,84.07692307692308,14.91428571428571,2.531111111111111,153.59999999999997,31,89.52222222222223,13.92888888888889,9.553260869565218,75.8,18,74.90217391304348,14.202173913043477,10.494262295081965,130.6,32,74.4672131147541,14.115573770491805
West Midlands,2012,11.996703296703297,110.5,32,81.43956043956044,17.02417582417582,4.54,134.0,33,84.76666666666667,17.34,8.244565217391306,213.29999999999995,34,80.1086956521739,13.421739130434782,9.411475409836065,365.20000000000005,55,80.1311475409836,14.002459016393445
West Midlands,2013,8.792307692307693,269.1,42,85.08791208791209,14.396703296703299,3.0899999999999994,233.0,38,87.57777777777778,15.536666666666664,5.835869565217393,186.1,35,78.1086956521739,16.007608695652177,7.64344262295082,230.0,44,77.45081967213115,15.650819672131146
West Midlands,2014,10.08241758241758,183.3,39,84.76923076923077,14.812087912087911,5.2700000000000005,259.3,58,86.02222222222223,19.953333333333337,9.229347826086956,210.59999999999997,43,80.06521739130434,14.07391304347826,10.545081967213115,267.80000000000007,56,79.31967213114754,13.136065573770493
West Midlands,2015,11.317582417582418,157.20000000000002,33,85.51648351648352,13.684615384615386,3.8888888888888884,140.0,35,85.34444444444445,17.092222222222222,7.844565217391303,160.6,31,76.70652173913044,15.414130434782605,9.240163934426231,205.89999999999998,37,75.91803278688525,14.96311475409836
West Midlands,2016,10.314285714285715,164.79999999999998,37,84.74725274725274,14.33076923076923,6.102222222222223,230.59999999999997,48,84.72222222222223,19.426666666666666,7.678260869565217,205.29999999999998,39,78.70652173913044,14.064130434782612,9.412295081967214,317.69999999999993,57,79.24590163934427,13.191803278688525
West Midlands,2017,10.290109890109889,154.8,28,84.53846153846153,13.332967032967032,5.217777777777778,147.9,33,89.36666666666666,14.640000000000002,9.766304347826088,152.7,36,77.25,14.032608695652176,11.229508196721312,231.5,49,76.93442622950819,14.234426229508196
West Midlands,2018,10.760439560439563,166.9,39,83.28571428571429,14.842857142857143,4.026666666666666,181.10000000000002,43,84.61111111111111,16.127777777777776,8.646739130434783,283.70000000000005,49,80.3804347826087,13.908695652173915,10.44016393442623,317.20000000000005,56,78.32786885245902,13.337704918032788
West Midlands,2019,10.482417582417582,161.49999999999997,34,82.4065934065934,15.238461538461541,5.538888888888889,147.4,30,86.71111111111111,14.633333333333333,8.93804347826087,181.8,38,76.8586956521739,14.213043478260868,10.112295081967213,358.4,57,77.62295081967213,13.959016393442623
West Midlands,2020,9.79010989010989,327.1,54,85.21978021978022,13.874725274725277,5.822222222222222,221.90000000000003,43,85.65555555555555,17.964444444444442,9.492391304347825,75.20000000000002,19,70.02173913043478,13.86521739130435,10.868852459016392,180.4,38,70.90163934426229,13.932786885245905
West Midlands,2021,10.635164835164835,195.3,42,84.18681318681318,14.726373626373626,4.253333333333334,281.20000000000005,49,88.03333333333333,15.327777777777778,7.506521739130435,176.8,34,76.06521739130434,13.06304347826087,9.503278688524588,218.90000000000003,44,75.23770491803279,12.571311475409836
West Midlands,2022,11.615384615384615,175.4,30,83.74725274725274,13.493406593406595,5.838888888888889,208.8,38,85.83333333333333,16.364444444444445,9.510869565217392,121.3,28,76.29347826086956,13.546739130434782,10.819672131147543,188.0,40,75.02459016393442,13.408196721311475
West Midlands,2023,11.679120879120878,274.90000000000003,50,83.93406593406593,14.98571428571429,4.731111111111111,116.4,25,86.94444444444444,14.564444444444442,8.992391304347825,215.9,49,79.42391304347827,13.568478260869567,10.904098360655738,268.90000000000003,60,77.4672131147541,13.218852459016396
West Midlands,2024,11.57692307692308,368.30000000000007,43,85.03296703296704,13.540659340659344,6.093333333333333,314.7,47,86.7,17.053333333333335,9.931521739130435,281.00000000000006,56,80.25,15.189130434782605,10.878688524590164,319.2,64,78.65573770491804,14.60655737704918
West Midlands,2025,10.46153846153846,278.7,40,85.72527472527473,13.18901098901099,4.953333333333333,237.7,32,86.97777777777777,14.727777777777778,10.082608695652173,103.89999999999999,20,74.32608695652173,11.464130434782607,11.745081967213114,156.5,31,73.6639344262295,12.260655737704917
West Midlands,2026,10.700000000000001,267.59999999999997,44,83.38461538461539,14.662637362637362,5.657777777777777,332.30000000000007,53,88.61111111111111,16.42222222222222,10.40326086956522,140.20000000000002,38,74.17391304347827,13.865217391304347,12.116393442622952,227.29999999999995,52,73.6639344262295,14.031147540983607
Yorkshire and The Humber,1971,10.38901098901099,159.5,33,79.31868131868131,16.78461538461539,4.158888888888889,117.4,30,86.08888888888889,14.273333333333332,7.398913043478261,184.4,38,79.8695652173913,12.883695652173914,8.48360655737705,248.40000000000003,52,79.40983606557377,13.279508196721311
Yorkshire and The Humber,1972,10.236263736263737,112.99999999999999,27,80.78021978021978,14.728571428571426,4.542222222222223,187.1,39,87.22222222222223,16.272222222222222,7.873913043478261,222.50000000000003,54,78.80434782608695,16.234782608695657,8.81393442622951,315.9,78,78.68032786885246,15.712295081967214
Yorkshire and The Humber,1973,9.254945054945056,135.20000000000002,25,81.58241758241758,14.13846153846154,4.385555555555555,102.19999999999999,21,87.2,14.462222222222222,7.576086956521739,164.00000000000003,39,76.66304347826087,14.908695652173915,9.29672131147541,224.70000000000002,46,76.12295081967213,14.301639344262293
Yorkshire and The Humber,1974,9.065934065934066,151.70000000000002,29,80.25274725274726,14.084615384615383,4.798888888888888,182.70000000000002,39,83.86666666666666,18.84777777777778,7.376086956521739,137.2,36,78.79347826086956,14.389130434782608,8.754918032786884,193.79999999999998,47,77.23770491803279,14.254098360655737
Yorkshire and The Humber,1975,8.032967032967031,243.00000000000003,49,82.0,16.77912087912088,5.741111111111111,129.3,36,83.58888888888889,19.137777777777778,6.814130434782607,166.7,44,77.78260869565217,15.527173913043475,8.468032786885246,198.99999999999997,50,76.22950819672131,14.77950819672131
Yorkshire and The Humber,1976,9.376923076923076,116.30000000000001,27,80.10989010989012,14.736263736263734,4.785555555555556,112.3,22,83.21111111111111,17.358888888888888,7.509782608695653,159.3,39,76.57608695652173,15.382608695652175,9.593442622950821,174.6,41,75.63934426229508,14.618032786885246
Yorkshire and The Humber,1977,9.407692307692306,304.3999999999999,50,83.87912087912088,14.24945054945055,2.1811111111111114,234.29999999999998,43,88.46666666666667,13.844444444444445,7.305434782608696,183.10000000000002,50,76.01086956521739,17.26739130434783,8.44672131147541,264.40000000000003,61,75.97540983606558,16.667213114754098
Yorkshire and The Humber,1978,10.014285714285714,114.3,30,78.94505494505495,18.521978021978022,3.108888888888889,211.89999999999998,37,86.54444444444445,15.544444444444444,7.281521739130435,148.79999999999998,35,78.6304347826087,14.625,8.743442622950818,195.9,48,77.31147540983606,14.53032786885246
Yorkshire and The Humber,1979,11.156043956043955,92.8,23,80.05494505494505,17.083516483516487,0.9700000000000001,230.89999999999998,33,87.22222222222223,15.337777777777779,6.569565217391303,315.3,60,79.78260869565217,16.544565217391302,8.301639344262295,343.70000000000005,66,79.00819672131148,15.431147540983606
Yorkshire and The Humber,1980,10.102197802197802,130.1,26,80.65934065934066,15.40769230769231,3.7344444444444447,238.20000000000002,36,86.71111111111111,14.955555555555556,7.373913043478261,119.5,26,75.22826086956522,13.969565217391303,8.862295081967215,231.5,48,75.97540983606558,13.825409836065573
Yorkshire and The Humber,1981,9.797802197802199,190.7,39,79.89010989010988,17.99230769230769,3.927777777777777,128.6,27,82.4,18.32888888888889,8.295652173913044,237.29999999999998,47,80.3586956521739,15.63586956521739,9.443442622950819,267.80000000000007,54,78.95901639344262,16.02377049180328
Yorkshire and The Humber,1982,9.62967032967033,211.20000000000002,36,78.75824175824175,16.336263736263735,1.8544444444444441,113.8,25,86.12222222222222,14.398888888888889,8.140217391304349,131.09999999999997,31,74.67391304347827,15.052173913043477,9.670491803278688,242.29999999999995,48,75.61475409836065,14.424590163934425
Yorkshire and The Humber,1983,10.229670329670329,191.6,37,81.65934065934066,16.553846153846152,3.765555555555555,118.2,30,81.76666666666667,19.182222222222222,6.9750000000000005,290.2,59,80.75,15.855434782608697,8.47622950819672,333.1,67,79.75409836065573,15.309016393442624
Yorkshire and The Humber,1984,10.018681318681319,177.5,28,80.24175824175825,16.965934065934064,3.5388888888888888,248.1,38,83.62222222222222,18.448888888888888,6.83804347826087,125.2,28,77.18478260869566,12.84021739130435,8.572131147540983,173.10000000000002,41,76.59016393442623,13.209016393442623
Yorkshire and The Humber,1985,10.583516483516483,265.70000000000005,40,81.57142857142857,16.69340659340659,2.601111111111111,95.9,27,85.17777777777778,14.353333333333335,7.3489130434782615,189.3,45,79.21739130434783,15.466304347826085,8.426229508196723,257.7,61,78.82786885245902,14.922131147540984
Yorkshire and The Humber,1986,9.365934065934065,138.7,25,81.45054945054945,14.059340659340661,2.852222222222222,168.6,35,82.06666666666666,18.25111111111111,6.949999999999998,279.0,52,78.44565217391305,17.61630434782609,8.572131147540983,322.70000000000005,60,78.18852459016394,16.90737704918033
Yorkshire and The Humber,1987,9.4989010989011,137.0,31,81.12087912087912,16.208791208791208,2.8966666666666674,159.7,33,84.85555555555555,15.844444444444445,7.358695652173913,200.09999999999997,42,78.04347826086956,15.216304347826087,8.495081967213116,317.90000000000003,65,78.87704918032787,14.337704918032788
Yorkshire and The Humber,1988,9.478021978021976,202.0,33,82.12087912087912,14.436263736263735,4.904444444444445,153.60000000000002,36,84.16666666666667,17.377777777777776,7.960869565217391,184.29999999999998,39,77.65217391304348,14.276086956521738,9.476229508196722,205.49999999999997,46,77.05737704918033,13.80409836065574
Yorkshire and The Humber,1989,9.206593406593406,127.6,31,82.64835164835165,14.86043956043956,6.26,84.6,27,83.04444444444445,18.8,8.292391304347827,141.9,38,76.3804347826087,15.755434782608694,9.747540983606555,208.4,48,74.82786885245902,15.004918032786884
Yorkshire and The Humber,1990,10.68021978021978,108.4,25,79.49450549450549,14.65824175824176,5.718888888888889,233.0,42,83.46666666666667,20.48,9.171739130434782,71.6,20,73.54347826086956,16.02826086956522,10.214754098360656,152.20000000000002,33,73.99180327868852,15.506557377049182
Yorkshire and The Humber,1991,10.234065934065933,113.70000000000002,29,79.27472527472527,15.734065934065933,2.7777777777777777,188.4,31,85.13333333333334,16.58,8.367391304347825,112.0,31,78.17391304347827,16.09130434782609,9.184426229508194,197.9,51,78.02459016393442,15.816393442622948
Yorkshire and The Humber,1992,10.089010989010989,124.6,25,78.74725274725274,16.58241758241758,4.067777777777779,93.80000000000001,20,86.91111111111111,14.280000000000001,9.15,160.4,44,76.45652173913044,17.507608695652173,10.75983606557377,175.39999999999998,51,75.64754098360656,16.223770491803283
Yorkshire and The Humber,1993,8.840659340659341,237.6,33,80.83516483516483,16.518681318681317,4.256666666666666,121.29999999999998,23,84.06666666666666,17.46888888888889,8.500000000000002,163.70000000000005,30,77.22826086956522,16.092391304347824,9.863934426229509,210.9,42,77.24590163934427,15.037704918032787
Yorkshire and The Humber,1994,8.096703296703298,203.2,31,83.23076923076923,13.60989010989011,3.7255555555555557,190.9,44,83.71111111111111,18.550000000000004,8.058695652173913,148.29999999999998,36,75.1195652173913,19.471739130434788,9.583606557377049,170.7,44,73.85245901639344,18.71311475409836
Yorkshire and The Humber,1995,10.115384615384615,203.6,34,83.61538461538461,14.673626373626373,4.912222222222222,245.6,40,82.52222222222223,20.314444444444447,7.946739130434781,115.19999999999999,31,73.45652173913044,16.260869565217394,9.247540983606557,140.39999999999998,38,73.04918032786885,16.205737704918032
Yorkshire and The Humber,1996,11.027472527472527,157.9,28,81.15384615384616,14.880219780219779,2.8233333333333333,150.8,29,84.26666666666667,16.336666666666666,6.6163043478260875,141.9,40,77.78260869565217,14.779347826086955,8.400819672131147,189.60000000000002,50,76.4672131147541,14.136065573770491
Yorkshire and The Humber,1997,9.842857142857143,137.30000000000004,29,78.50549450549451,16.704395604395604,3.626666666666667,121.10000000000001,21,84.37777777777778,15.74777777777778,8.988043478260868,111.6,32,75.91304347826087,14.421739130434782,10.028688524590164,225.5,47,76.51639344262296,14.559016393442624
Yorkshire and The Humber,1998,10.215384615384616,134.1,25,81.97802197802197,13.615384615384615,5.756666666666667,159.7,29,83.95555555555555,17.68111111111111,8.826086956521738,258.1,45,79.30434782608695,15.109782608695651,9.994262295081969,356.6,62,79.26229508196721,15.124590163934425
Yorkshire and The Humber,1999,9.575824175824174,228.80000000000004,41,82.21978021978022,16.305494505494508,4.806666666666667,136.19999999999996,40,82.91111111111111,18.37888888888889,9.120652173913046,227.0,42,78.96739130434783,15.361956521739133,10.09672131147541,315.29999999999995,56,78.35245901639344,14.539344262295085
Yorkshire and The Humber,2000,11.076923076923078,147.3,30,79.57142857142857,15.653846153846153,4.626666666666667,135.6,32,82.13333333333334,19.55777777777778,8.386956521739132,225.50000000000003,39,78.26086956521739,15.041304347826088,9.779508196721313,284.0,49,77.69672131147541,14.840983606557376
Yorkshire and The Humber,2001,9.964835164835165,330.6,52,83.48351648351648,15.9021978021978,3.5688888888888886,191.69999999999996,37,86.47777777777777,15.017777777777777,7.327173913043478,172.4,38,77.8913043478261,14.091304347826087,8.814754098360655,222.30000000000004,50,76.86065573770492,14.217213114754099
Yorkshire and The Humber,2002,10.913186813186813,207.60000000000002,36,81.32967032967034,16.801098901098904,4.845555555555555,151.20000000000002,34,84.14444444444445,18.091111111111108,8.90978260869565,149.3,30,76.6413043478261,15.863043478260874,10.227868852459016,200.49999999999997,40,76.09016393442623,15.818852459016393
Yorkshire and The Humber,2003,10.236263736263735,209.1,32,82.84615384615384,13.336263736263735,4.239999999999999,155.0,28,84.54444444444445,15.604444444444443,9.142391304347827,149.9,30,75.45652173913044,14.542391304347827,10.774590163934429,247.10000000000002,43,75.05737704918033,14.341803278688523
Yorkshire and The Humber,2004,10.085714285714285,102.49999999999999,22,79.3076923076923,13.90769230769231,4.653333333333333,186.5,37,83.95555555555555,16.684444444444445,8.782608695652174,191.0,37,78.34782608695652,14.119565217391306,10.218032786885248,275.09999999999997,49,77.90983606557377,14.104098360655737
Yorkshire and The Humber,2005,10.505494505494507,144.0,35,81.63736263736264,16.368131868131865,4.874444444444444,88.3,26,82.9888888888889,18.49888888888889,8.459782608695653,158.8,40,76.97826086956522,15.655434782608696,9.998360655737704,210.3,51,77.12295081967213,14.912295081967217
Yorkshire and The Humber,2006,11.151648351648353,190.1,31,81.25274725274726,15.729670329670329,3.932222222222222,85.3,22,85.95555555555555,14.133333333333331,7.543478260869565,219.4,43,76.42391304347827,15.979347826086961,9.447540983606556,245.0,50,75.97540983606558,14.900000000000002
Yorkshire and The Humber,2007,12.073626373626373,180.5,37,81.89010989010988,16.19120879120879,5.876666666666666,181.29999999999998,41,83.93333333333334,18.224444444444444,9.4,119.09999999999998,27,76.3586956521739,15.914130434782608,10.558196721311475,291.7,44,77.51639344262296,15.326229508196723
Yorkshire and The Humber,2008,10.330769230769231,82.1,17,81.13186813186813,14.060439560439558,4.927777777777778,200.29999999999998,39,84.45555555555555,17.91888888888889,8.103260869565217,164.20000000000002,35,76.72826086956522,17.21413043478261,9.469672131147538,267.30000000000007,52,76.58196721311475,16.455737704918032
Yorkshire and The Humber,2009,9.757142857142858,169.3,31,80.65934065934066,16.2,3.357777777777778,138.79999999999998,27,86.16666666666667,14.235555555555557,8.890217391304347,125.7,32,76.1195652173913,15.947826086956523,10.091803278688523,179.9,41,76.04098360655738,14.940983606557378
Yorkshire and The Humber,2010,10.732967032967034,179.49999999999997,31,80.9010989010989,16.154945054945056,1.9211111111111108,164.79999999999998,32,86.5,13.239999999999998,7.927173913043478,98.5,26,75.56521739130434,13.075000000000001,9.631967213114756,134.0,33,74.94262295081967,12.621311475409836
Yorkshire and The Humber,2011,9.47032967032967,190.29999999999995,29,81.32967032967034,16.079120879120882,2.5644444444444443,143.2,31,86.88888888888889,14.145555555555555,9.485869565217392,70.5,18,74.6304347826087,14.68695652173913,10.541803278688526,144.8,33,74.36065573770492,14.40327868852459
Yorkshire and The Humber,2012,11.789010989010988,106.60000000000001,31,80.76923076923077,16.987912087912086,4.276666666666666,111.29999999999998,26,83.07777777777778,18.24777777777778,8.243478260869564,230.20000000000002,35,79.02173913043478,13.418478260869565,9.37950819672131,406.29999999999995,53,79.31147540983606,13.87295081967213
Yorkshire and The Humber,2013,9.094505494505496,252.49999999999997,36,83.17582417582418,15.270329670329675,3.1588888888888884,193.89999999999998,38,85.57777777777778,15.813333333333334,6.354347826086957,144.5,34,75.56521739130434,16.58695652173913,8.089344262295082,198.1,42,75.45081967213115,15.628688524590164
Yorkshire and The Humber,2014,10.27912087912088,140.89999999999998,33,82.47252747252747,15.849450549450552,5.326666666666666,231.70000000000002,48,83.75555555555556,20.523333333333333,9.250000000000002,205.20000000000002,38,79.84782608695652,14.711956521739127,10.499180327868851,260.6,50,79.5327868852459,13.535245901639344
Yorkshire and The Humber,2015,11.431868131868132,144.09999999999997,34,84.91208791208791,13.61868131868132,4.088888888888889,94.89999999999999,29,82.97777777777777,18.68888888888889,8.020652173913044,131.8,28,74.6304347826087,16.370652173913044,9.33688524590164,163.5,37,74.1311475409836,15.928688524590166
Yorkshire and The Humber,2016,10.415384615384616,192.39999999999998,34,83.48351648351648,14.445054945054942,5.90888888888889,263.1,45,83.23333333333333,19.582222222222224,7.744565217391303,210.9,36,78.82608695652173,14.403260869565216,9.323770491803279,288.3,51,79.25409836065573,13.772131147540986
Yorkshire and The Humber,2017,10.636263736263738,131.0,28,82.78021978021978,13.792307692307693,5.363333333333334,127.7,29,87.05555555555556,14.93,9.861956521739131,150.6,33,76.58695652173913,14.576086956521738,11.349999999999998,253.2,47,76.35245901639344,14.945901639344264
Yorkshire and The Humber,2018,11.013186813186813,158.20000000000005,42,80.85714285714286,16.37802197802198,3.954444444444444,133.4,35,83.22222222222223,16.226666666666667,8.968478260869565,233.8,41,78.8695652173913,15.042391304347827,10.586065573770492,273.6,48,77.47540983606558,14.200819672131148
Yorkshire and The Humber,2019,10.910989010989011,178.0,36,79.92307692307692,16.44175824175824,5.406666666666666,135.39999999999998,32,85.42222222222222,14.701111111111112,9.080434782608695,159.4,32,75.48913043478261,14.86521739130435,10.342622950819672,277.70000000000005,49,76.31967213114754,14.545901639344262
Yorkshire and The Humber,2020,9.991208791208791,335.7,52,83.07692307692308,14.367032967032966,5.896666666666666,220.20000000000002,38,84.1,19.015555555555558,9.492391304347827,56.2,20,70.71739130434783,15.003260869565214,10.815573770491802,156.8,38,72.04918032786885,14.907377049180328
Yorkshire and The Humber,2021,10.997802197802198,170.79999999999998,37,82.15384615384616,15.416483516483515,4.292222222222223,263.3,42,86.26666666666667,15.734444444444444,7.739130434782608,168.1,37,75.30434782608695,13.249999999999995,9.676229508196721,203.2,45,75.02459016393442,12.725409836065573
Yorkshire and The Humber,2022,11.943956043956044,192.1,28,81.45054945054945,14.960439560439559,5.641111111111112,199.39999999999998,38,84.15555555555555,17.05111111111111,9.68695652173913,131.9,35,75.8913043478261,14.140217391304349,11.081967213114755,179.20000000000002,44,74.18852459016394,14.05
Yorkshire and The Humber,2023,11.87032967032967,247.8,41,82.03296703296704,14.92197802197802,5.134444444444444,112.89999999999999,23,84.3,16.32333333333333,9.118478260869566,192.2,42,77.68478260869566,13.53913043478261,10.927868852459016,251.2,50,76.01639344262296,13.175409836065574
Yorkshire and The Humber,2024,11.739560439560442,292.5,49,83.57142857142857,14.327472527472525,6.217777777777778,317.1,42,84.62222222222222,17.28111111111111,10.258695652173914,236.0,45,79.23913043478261,15.66521739130435,11.2172131147541,289.7,57,78.04918032786885,15.145081967213114
Yorkshire and The Humber,2025,10.676923076923076,204.40000000000003,31,82.98901098901099,13.41098901098901,5.106666666666667,208.59999999999997,30,84.75555555555556,13.965555555555554,9.768478260869564,69.3,15,76.78260869565217,10.959782608695651,11.61311475409836,111.9,25,74.97540983606558,11.899180327868853
Yorkshire and The Humber,2026,10.99230769230769,263.5,47,82.01098901098901,14.045054945054945,5.722222222222222,243.3,46,86.73333333333333,15.464444444444444,10.164130434782608,118.19999999999999,26,75.6304347826087,13.007608695652175,11.838524590163935,179.9,39,75.02459016393442,13.083606557377047
