Region,Year,GS31_doy,GS39_doy,GS61_doy,GS75_doy,flagleaf_exposure_days,survey_cum_cdd,survey_gs_progress,gs31_39_days,gs31_39_mean_temp,gs31_39_total_precip,gs31_39_mean_rh,gs31_39_wetness_hours,gs31_39_splash_risk,gs39_survey_days,gs39_survey_mean_temp,gs39_survey_total_precip,gs39_survey_mean_rh,gs39_survey_wetness_hours,gs39_survey_splash_risk,gs61_survey_days,gs61_survey_mean_temp,gs61_survey_total_precip,gs61_survey_mean_rh,gs61_survey_wetness_hours,gs61_survey_splash_risk,pre_survey_14d_days,pre_survey_14d_mean_temp,pre_survey_14d_total_precip,pre_survey_14d_mean_rh,pre_survey_14d_wetness_hours,pre_survey_14d_splash_risk,pre_survey_30d_days,pre_survey_30d_mean_temp,pre_survey_30d_total_precip,pre_survey_30d_mean_rh,pre_survey_30d_wetness_hours,pre_survey_30d_splash_risk
East,1971,114.0,139.0,164.0,186.0,32.0,1236.1000000000001,0.7433743896616948,26.0,10.096153846153847,45.400000000000006,76.1923076923077,201.6,17.0,33.0,11.872727272727271,89.7,80.57575757575758,497.6,60.766666666666666,8.0,11.5875,49.099999999999994,82.0,144.0,33.4,15.0,11.72,64.3,81.53333333333333,278.4,45.5,31.0,11.838709677419354,89.7,81.03225806451613,497.6,60.766666666666666
East,1972,111.0,139.0,164.0,187.0,33.0,1252.7000000000003,0.7619629949394082,29.0,8.982758620689655,51.6,77.58620689655173,364.8,27.033333333333335,34.0,11.797058823529412,81.7,75.94117647058823,563.2,56.72,9.0,11.911111111111111,13.4,79.22222222222223,104.0,6.9,15.0,11.76666666666667,39.4,77.66666666666667,224.0,31.0,31.0,11.906451612903224,77.00000000000003,75.87096774193549,515.2,56.1
East,1973,118.0,143.0,164.0,182.0,28.0,1269.6,0.7848054880806455,26.0,10.150000000000002,71.7,76.11538461538461,348.8,41.08,29.0,14.617241379310348,90.5,73.58620689655173,233.6,61.85333333333333,8.0,15.762500000000003,60.0,70.375,72.0,49.4,15.0,15.540000000000001,60.7,72.33333333333333,84.8,49.4,31.0,14.603225806451617,97.3,73.96774193548387,259.2,68.65333333333334
East,1974,102.0,133.0,157.0,179.0,38.0,1353.4000000000008,0.8793354591857164,32.0,7.884375,36.900000000000006,74.75,305.6,5.9,39.0,13.023076923076923,46.00000000000001,71.82051282051282,302.4,13.333333333333332,15.0,13.353333333333335,29.7,72.66666666666667,179.2,4.633333333333333,15.0,13.353333333333335,29.7,72.66666666666667,179.2,4.633333333333333,31.0,12.880645161290321,42.800000000000004,71.70967741935483,278.4,10.733333333333333
East,1975,112.0,137.0,164.0,185.0,34.0,1266.9000000000003,0.771400326512508,26.0,9.692307692307692,58.2,79.65384615384616,345.6,29.839999999999996,35.0,11.81714285714286,47.300000000000004,74.51428571428572,244.8,30.799999999999997,8.0,14.6375,14.3,73.0,72.0,3.9,15.0,15.266666666666664,14.3,72.8,78.4,3.9,31.0,12.058064516129036,32.1,73.3225806451613,192.0,15.700000000000001
East,1976,111.0,137.0,160.0,177.0,35.0,1372.4000000000003,0.8974360049676842,27.0,9.862962962962964,19.9,71.70370370370371,208.0,0.6600000000000001,36.0,14.294444444444444,51.0,72.22222222222223,211.2,9.38,13.0,16.43846153846154,5.999999999999999,69.38461538461539,27.2,0.0,15.0,16.586666666666666,5.999999999999999,70.06666666666666,28.8,0.0,31.0,14.619354838709677,43.4,72.70967741935483,163.2,9.38
East,1977,117.0,144.0,169.0,189.0,27.0,1191.3999999999994,0.6840913899702208,28.0,9.160714285714286,63.599999999999994,77.42857142857143,372.8,42.82666666666667,28.0,12.189285714285717,30.8,74.25,230.4,21.939999999999998,3.0,10.966666666666667,0.0,73.66666666666667,1.6,0.0,15.0,12.046666666666669,28.400000000000002,77.66666666666667,193.6,21.939999999999998,31.0,12.148387096774195,30.8,73.74193548387096,235.19999999999996,21.939999999999998
East,1978,125.0,149.0,170.0,193.0,22.0,1168.1999999999998,0.675911149396682,25.0,10.212,40.4,80.08,272.00000000000006,33.233333333333334,23.0,14.52608695652174,47.6,74.73913043478261,172.8,25.700000000000003,2.0,15.05,5.6,78.0,28.8,1.1000000000000003,15.0,13.146666666666668,39.900000000000006,73.93333333333334,108.8,25.700000000000003,31.0,13.600000000000003,48.1,75.87096774193549,230.4,25.700000000000003
East,1979,139.0,159.0,179.0,198.0,12.0,1038.7,0.5092543118175451,21.0,12.738095238095237,69.2,79.52380952380952,371.2,46.553333333333335,13.0,14.199999999999998,12.5,78.0,92.8,2.9133333333333336,,,,,,,15.0,13.986666666666663,19.0,77.8,116.8,2.9133333333333336,31.0,13.525806451612903,73.9,79.03225806451613,438.40000000000003,49.46666666666667
East,1980,118.0,143.0,165.0,187.0,29.0,1259.2,0.7847747249962049,26.0,10.184615384615386,10.7,71.26923076923077,158.39999999999998,3.9,30.0,13.906666666666665,48.2,73.8,257.6,24.799999999999997,8.0,15.05,27.699999999999996,73.625,120.0,20.0,15.0,14.986666666666666,35.9,72.93333333333334,168.0,24.799999999999997,31.0,13.845161290322578,49.2,73.93548387096774,281.6,24.799999999999997
East,1981,105.0,136.0,158.0,181.0,35.0,1319.3999999999994,0.8591239782504959,32.0,8.350000000000001,104.3,78.0,464.0,71.17999999999999,36.0,13.380555555555555,68.30000000000001,77.94444444444444,483.2,43.08,14.0,13.742857142857146,10.4,75.5,136.0,3.4,15.0,13.726666666666668,11.299999999999999,75.46666666666667,136.0,3.4,31.0,13.474193548387097,52.800000000000004,77.48387096774194,376.0,38.18
East,1982,111.0,137.0,156.0,176.0,34.0,1378.6,0.9235209080148008,27.0,9.807407407407409,31.699999999999996,72.0,224.0,8.4,35.0,15.468571428571428,101.89999999999999,76.57142857142857,427.2,42.68,16.0,15.462500000000002,54.4,77.0625,236.8,26.060000000000002,15.0,15.073333333333334,51.0,76.86666666666666,212.79999999999998,24.92666666666667,31.0,15.635483870967738,91.29999999999998,76.45161290322581,379.2,34.28
East,1983,113.0,138.0,163.0,184.0,33.0,1247.1000000000004,0.7829411764705885,26.0,9.98076923076923,85.8,78.76923076923077,436.79999999999995,33.666666666666664,34.0,12.4,56.699999999999996,77.70588235294117,374.4,40.766666666666666,9.0,13.0,0.8999999999999999,71.77777777777777,8.0,0.0,15.0,13.799999999999999,4.8,73.6,59.2,0.0,31.0,12.590322580645159,39.8,77.25806451612904,302.4,23.866666666666667
East,1984,123.0,150.0,171.0,191.0,22.0,1156.6999999999994,0.6765882352941167,28.0,9.432142857142859,64.39999999999999,76.21428571428571,276.8,49.75333333333334,23.0,14.143478260869566,51.400000000000006,77.95652173913044,288.0,26.140000000000004,2.0,19.450000000000003,9.200000000000001,80.0,33.6,3.520000000000001,15.0,15.513333333333332,36.5,78.46666666666667,174.39999999999998,19.94666666666667,31.0,13.112903225806454,102.29999999999998,79.48387096774194,438.40000000000003,75.5
East,1985,128.0,149.0,173.0,193.0,22.0,1111.4,0.615654988752252,22.0,12.027272727272726,79.0,81.0909090909091,328.00000000000006,54.16,23.0,12.02608695652174,79.7,76.26086956521739,304.00000000000006,72.0,,,,,,,15.0,11.473333333333334,60.0,77.46666666666667,256.0,53.8,31.0,12.422580645161291,108.9,77.45161290322581,403.2000000000001,90.88
East,1986,133.0,155.0,176.0,193.0,16.0,1081.1000000000004,0.569635302134639,23.0,11.68695652173913,45.6,75.91304347826087,281.6,24.440000000000005,17.0,13.817647058823528,9.0,71.47058823529412,100.8,2.6,,,,,,,15.0,14.393333333333334,5.0,71.6,52.800000000000004,0.0,31.0,12.929032258064517,30.999999999999996,74.19354838709677,262.40000000000003,15.44
East,1987,121.0,147.0,172.0,190.0,24.0,1127.9000000000003,0.6398145183254415,27.0,9.533333333333335,68.5,76.37037037037037,280.0,29.099999999999998,25.0,12.131999999999998,97.40000000000002,79.88,465.6,62.0,,,,,,,15.0,11.500000000000002,63.10000000000001,80.53333333333333,273.6,34.2,31.0,11.883870967741933,109.30000000000003,79.58064516129032,523.2,65.10000000000001
East,1988,109.0,133.0,158.0,179.0,39.0,1352.5,0.8796913750789035,25.0,10.352,62.3,78.52,406.4,49.199999999999996,40.0,12.682500000000001,44.2,76.925,344.0,15.446666666666667,15.0,13.286666666666665,9.2,78.6,110.39999999999998,2.4,15.0,13.286666666666665,9.2,78.6,110.39999999999998,2.4,31.0,12.974193548387097,38.0,77.19354838709677,270.40000000000003,14.14
East,1989,91.0,125.0,147.0,169.0,46.0,1489.6000000000001,1.055037050982237,35.0,7.6171428571428565,87.9,78.34285714285714,456.0,48.82,47.0,13.780851063829783,41.5,71.48936170212765,227.2,21.8,25.0,13.911999999999999,26.8,70.52,144.0,16.0,15.0,16.1,21.3,71.33333333333333,96.0,16.0,31.0,14.425806451612903,29.1,70.6774193548387,168.0,16.0
East,1990,79.0,112.0,136.0,159.0,59.0,1600.000000000001,1.1935698510454666,34.0,7.561764705882354,41.5,72.05882352941177,339.2,12.066666666666666,60.0,12.838333333333335,39.5,71.45,361.6,9.653333333333332,36.0,12.961111111111112,21.900000000000002,70.5,201.60000000000002,2.0,15.0,13.24,13.0,73.66666666666667,105.6,2.0,31.0,13.129032258064516,21.900000000000002,70.74193548387096,201.6,2.0
East,1991,105.0,138.0,163.0,185.0,33.0,1227.0000000000005,0.7622003834781789,34.0,7.688235294117646,51.2,75.32352941176471,347.20000000000005,22.400000000000002,34.0,11.867647058823527,54.2,77.08823529411765,432.0,28.8,9.0,12.21111111111111,31.0,77.66666666666667,158.4,18.5,15.0,12.42666666666667,46.0,77.93333333333334,284.79999999999995,25.299999999999997,31.0,11.816129032258065,54.2,76.74193548387096,404.79999999999995,28.8
East,1992,103.0,128.0,149.0,168.0,44.0,1502.5999999999997,1.077251991886644,26.0,9.773076923076923,52.3,74.23076923076923,296.0,26.3,45.0,15.119999999999997,59.8,74.31111111111112,331.2,31.69333333333333,24.0,15.745833333333332,48.099999999999994,76.375,288.0,31.693333333333335,15.0,15.626666666666669,14.799999999999999,74.0,96.00000000000001,4.893333333333333,31.0,16.21290322580645,48.5,74.58064516129032,288.0,31.69333333333333
East,1993,100.0,124.0,149.0,169.0,47.0,1485.9,1.0526270473542614,25.0,10.468,41.300000000000004,80.28,288.0,27.46,48.0,13.485416666666666,116.80000000000001,75.875,454.4000000000001,72.32666666666667,23.0,15.234782608695653,49.7,76.56521739130434,240.0,18.666666666666668,15.0,15.793333333333335,38.8,77.06666666666666,152.0,15.233333333333333,31.0,14.648387096774192,92.10000000000001,76.87096774193549,312.0,58.06
East,1994,109.0,131.0,157.0,177.0,40.0,1362.5000000000005,0.8942766693042993,23.0,11.29565217391304,25.599999999999998,75.43478260869566,190.39999999999998,11.2,41.0,12.560975609756097,46.699999999999996,75.21951219512195,323.2,26.72,15.0,14.49333333333333,4.3999999999999995,71.4,57.6,0.3333333333333333,15.0,14.49333333333333,4.3999999999999995,71.4,57.6,0.3333333333333333,31.0,12.851612903225805,34.300000000000004,74.41935483870968,214.4,23.693333333333335
East,1995,100.0,126.0,152.0,175.0,45.0,1379.2000000000003,0.9400011944926708,27.0,9.785185185185187,17.700000000000003,74.07407407407408,187.20000000000002,7.2,46.0,12.049999999999999,59.9,72.04347826086956,332.8,25.6,20.0,12.705000000000002,25.300000000000004,75.2,160.0,11.4,15.0,12.680000000000001,10.899999999999999,74.2,88.0,0.0,31.0,13.061290322580644,34.30000000000001,73.58064516129032,212.79999999999998,11.4
East,1996,122.0,151.0,169.0,190.0,21.0,1176.1999999999996,0.7110403918037239,30.0,8.95,35.1,73.36666666666666,292.8,23.9,22.0,16.10909090909091,2.5000000000000004,63.90909090909091,0.0,0.0,4.0,14.975,0.0,61.75,0.0,0.0,15.0,16.619999999999997,1.3,62.46666666666667,0.0,0.0,31.0,14.78709677419355,21.7,68.25806451612904,156.8,14.5
East,1997,95.0,123.0,150.0,169.0,48.0,1441.5999999999995,1.0352361855226644,29.0,9.196551724137931,22.599999999999998,71.13793103448276,110.4,8.0,49.0,13.085714285714287,107.5,73.53061224489795,505.6,51.60666666666667,22.0,15.045454545454549,48.900000000000006,72.18181818181819,200.0,13.799999999999999,15.0,15.419999999999998,47.800000000000004,75.06666666666666,172.8,13.799999999999999,31.0,13.722580645161294,50.2,71.70967741935483,224.0,13.799999999999999
East,1998,87.0,117.0,141.0,164.0,54.0,1529.6999999999994,1.1333292269158761,31.0,8.45483870967742,116.7,80.93548387096774,606.4000000000001,98.94,55.0,13.06,101.8,78.0,638.4,53.60666666666667,31.0,13.54193548387097,89.0,78.70967741935483,481.59999999999997,52.34,15.0,14.166666666666664,58.300000000000004,81.46666666666667,294.4,42.839999999999996,31.0,13.54193548387097,89.0,78.70967741935483,481.59999999999997,52.34
East,1999,94.0,121.0,144.0,167.0,50.0,1500.4000000000003,1.0912950791517892,28.0,9.25357142857143,53.099999999999994,78.89285714285714,326.4000000000001,24.060000000000002,51.0,13.358823529411763,95.60000000000001,75.25490196078431,473.6,32.57333333333334,28.0,13.825,70.39999999999999,76.07142857142857,288.0,22.413333333333334,15.0,13.813333333333333,37.1,77.13333333333334,164.8,19.213333333333335,31.0,13.748387096774193,70.89999999999999,75.48387096774194,291.20000000000005,22.413333333333334
East,2000,98.0,126.0,149.0,170.0,46.0,1498.5000000000007,1.068860518013249,29.0,8.920689655172414,74.6,80.17241379310344,457.59999999999997,42.199999999999996,47.0,14.07446808510638,112.4,76.95744680851064,600.0000000000001,67.88666666666667,24.0,15.045833333333333,47.00000000000001,74.875,222.39999999999998,24.0,15.0,16.46666666666667,17.1,72.33333333333333,97.6,1.4000000000000004,31.0,14.199999999999998,84.30000000000001,75.70967741935483,368.0,54.54
East,2001,117.0,140.0,163.0,182.0,31.0,1241.8,0.7831149538212062,24.0,10.575000000000001,44.8,75.29166666666667,180.8,18.3,32.0,13.378125,38.9,72.0625,216.0,28.0,9.0,14.11111111111111,28.099999999999998,73.66666666666667,96.0,24.1,15.0,12.979999999999999,36.1,72.53333333333333,168.0,28.0,31.0,13.390322580645162,38.9,71.96774193548387,216.0,28.0
East,2002,86.0,114.0,141.0,163.0,57.0,1567.6000000000006,1.167255513858834,29.0,8.848275862068967,4.300000000000001,73.89655172413794,105.60000000000001,0.0,58.0,12.948275862068966,123.5,76.17241379310344,716.8,44.6,31.0,14.277419354838708,68.89999999999999,75.61290322580645,388.8,15.299999999999999,15.0,15.440000000000001,17.7,76.6,168.0,8.2,31.0,14.277419354838708,68.89999999999999,75.61290322580645,388.8,15.299999999999999
East,2003,106.0,127.0,151.0,169.0,44.0,1473.6,1.0562223579400078,22.0,11.863636363636363,29.8,70.63636363636364,120.0,6.2,45.0,14.533333333333331,99.0,74.0,534.4,44.5,21.0,16.847619047619045,57.8,73.80952380952381,217.6,28.700000000000003,15.0,16.726666666666667,27.1,72.0,121.6,14.1,31.0,16.04193548387097,68.2,74.41935483870968,318.40000000000003,32.4
East,2004,100.0,125.0,150.0,168.0,47.0,1489.1000000000004,1.0765184258005365,26.0,9.973076923076924,56.2,78.42307692307692,236.8,20.060000000000002,48.0,13.9125,44.900000000000006,74.70833333333333,328.0,11.38,23.0,16.186956521739134,24.600000000000005,73.34782608695652,142.4,1.0800000000000003,15.0,16.92,10.0,70.4,49.6,0.0,31.0,14.90645161290323,25.000000000000004,72.6774193548387,144.0,1.0800000000000003
East,2005,98.0,123.0,150.0,170.0,48.0,1445.700000000001,1.0290243508088484,26.0,9.946153846153846,38.9,77.15384615384616,326.4,12.799999999999999,49.0,12.855102040816329,60.2,73.42857142857143,390.4,14.486666666666666,22.0,14.763636363636364,24.3,74.5909090909091,132.79999999999998,1.7866666666666666,15.0,15.073333333333332,4.8,73.46666666666667,54.400000000000006,0.0,31.0,14.761290322580644,32.1,73.80645161290323,211.2,6.986666666666666
East,2006,113.0,134.0,159.0,176.0,37.0,1345.0000000000002,0.9239145077432179,22.0,11.818181818181818,48.800000000000004,78.04545454545455,204.80000000000004,22.0,38.0,14.357894736842105,84.69999999999999,75.60526315789474,435.2,41.04666666666667,13.0,18.2,11.700000000000001,70.84615384615384,75.2,0.0,15.0,17.686666666666667,13.3,71.73333333333333,99.2,0.0,31.0,14.616129032258067,61.1,74.64516129032258,337.6,29.5
East,2007,85.0,111.0,135.0,158.0,60.0,1631.5999999999997,1.260603265843906,27.0,9.829629629629629,5.0,77.14814814814815,150.4,2.04,61.0,13.480327868852457,179.70000000000002,77.70491803278688,800.0,146.53333333333336,37.0,14.224324324324327,128.7,80.16216216216216,564.8000000000001,108.53333333333335,15.0,15.94,68.6,81.6,272.0,55.36666666666667,31.0,14.574193548387097,117.70000000000002,80.64516129032258,491.20000000000005,97.53333333333335
East,2008,95.0,125.0,148.0,169.0,47.0,1470.7000000000003,1.0596685096307874,31.0,8.33548387096774,57.800000000000004,76.90322580645162,372.8,32.46666666666667,48.0,13.810416666666667,112.1,75.75,473.6,70.28,25.0,14.096000000000002,67.4,78.92,358.4,53.760000000000005,15.0,13.833333333333332,23.4,75.53333333333333,155.2,13.8,31.0,13.861290322580649,100.39999999999999,77.83870967741936,406.4,65.75999999999999
East,2009,107.0,131.0,153.0,175.0,40.0,1361.8000000000002,0.9339024257768644,25.0,10.675999999999998,9.899999999999999,72.12,89.6,0.0,41.0,13.300000000000002,95.2,72.8780487804878,380.8,47.82666666666667,19.0,13.494736842105265,53.8,73.05263157894737,172.8,30.16,15.0,13.793333333333333,53.199999999999996,74.33333333333333,172.8,30.16,31.0,13.82258064516129,66.79999999999998,72.51612903225806,220.8,30.16
East,2010,120.0,144.0,165.0,183.0,27.0,1191.8,0.7336224687781366,25.0,10.532,16.3,71.44,171.2,4.6,28.0,13.585714285714285,53.4,73.46428571428571,257.6,26.4,7.0,12.0,0.6,72.71428571428571,20.8,0.0,15.0,13.513333333333332,37.900000000000006,76.6,160.0,22.799999999999997,31.0,13.890322580645162,53.400000000000006,73.35483870967742,259.2,26.4
East,2011,96.0,116.0,140.0,162.0,55.0,1551.7000000000003,1.1596613833391929,21.0,11.95238095238095,1.7,72.71428571428571,36.800000000000004,0.0,56.0,13.299999999999999,51.1,67.85714285714286,286.4,13.9,32.0,13.784375,41.599999999999994,68.90625,224.0,13.9,15.0,13.806666666666665,32.9,71.2,169.6,13.9,31.0,13.79032258064516,41.6,69.12903225806451,224.0,13.9
East,2012,98.0,129.0,153.0,176.0,43.0,1365.9,0.9469062915512348,32.0,7.846875,127.50000000000001,80.03125,630.4000000000001,105.58666666666666,44.0,12.879545454545458,104.7,77.22727272727273,542.4,49.5,20.0,12.794999999999998,72.10000000000001,76.95,276.8,25.1,15.0,13.359999999999998,47.29999999999999,76.33333333333333,192.0,17.599999999999998,31.0,13.887096774193548,75.10000000000001,77.16129032258064,392.0,25.099999999999998
East,2013,128.0,152.0,174.0,193.0,19.0,1087.6999999999998,0.6071605434886872,25.0,10.563999999999998,54.3,76.16,379.20000000000005,31.759999999999998,20.0,13.405000000000001,18.0,75.05,145.60000000000002,6.873333333333333,,,,,,,15.0,14.033333333333331,18.0,75.4,132.8,6.873333333333333,31.0,12.429032258064519,47.6,75.41935483870968,304.0,28.073333333333334
East,2014,88.0,112.0,138.0,159.0,59.0,1594.7000000000007,1.2270306758729608,25.0,10.452,20.300000000000004,76.36,190.4,10.5,60.0,13.335,119.89999999999999,77.1,609.5999999999999,37.506666666666675,34.0,14.673529411764704,73.39999999999999,76.97058823529412,291.20000000000005,12.066666666666666,15.0,15.600000000000001,11.4,75.2,80.0,0.0,31.0,14.474193548387095,71.89999999999999,77.41935483870968,267.2,12.066666666666666
East,2015,106.0,132.0,157.0,178.0,39.0,1318.6999999999996,0.8824027318020422,27.0,9.962962962962965,42.9,72.37037037037037,268.8,19.5,40.0,12.545,53.5,70.525,305.6,16.3,15.0,13.726666666666667,11.999999999999998,70.93333333333334,78.4,6.8,15.0,13.726666666666667,11.999999999999998,70.93333333333334,78.4,6.8,31.0,13.135483870967745,36.300000000000004,70.83870967741936,227.2,11.5
East,2016,103.0,131.0,156.0,175.0,41.0,1375.3999999999999,0.9449454020217819,29.0,8.879310344827585,57.400000000000006,75.13793103448276,318.4,38.0,42.0,13.423809523809526,94.4,80.02380952380952,510.4000000000001,53.879999999999995,17.0,15.194117647058825,47.89999999999999,81.05882352941177,240.0,38.43333333333334,15.0,15.32,47.900000000000006,80.73333333333333,212.8,38.43333333333334,31.0,13.81935483870968,61.19999999999999,80.83870967741936,401.6,42.68
East,2017,92.0,119.0,144.0,162.0,52.0,1615.0000000000005,1.2173200236954491,28.0,9.264285714285714,19.1,71.67857142857143,225.6,4.6,53.0,14.966037735849055,140.6,73.60377358490567,539.2,92.8,28.0,17.514285714285712,58.3,72.82142857142857,244.8,26.3,15.0,17.860000000000003,21.3,70.66666666666667,96.0,17.8,31.0,17.280645161290323,59.10000000000001,72.96774193548387,249.6,26.3
East,2018,108.0,128.0,150.0,169.0,43.0,1480.1999999999996,1.04774059244616,21.0,12.314285714285715,45.5,74.28571428571429,187.2,10.313333333333334,44.0,14.879545454545456,71.79999999999998,77.25,385.6,41.54666666666667,22.0,15.959090909090907,30.700000000000006,78.22727272727273,200.0,23.200000000000003,15.0,15.780000000000001,6.0,74.73333333333333,73.60000000000001,0.0,31.0,15.854838709677418,55.79999999999999,78.93548387096774,326.4,39.44666666666667
East,2019,92.0,119.0,146.0,166.0,52.0,1514.9,1.0938476494043547,28.0,9.260714285714286,19.0,72.96428571428571,209.60000000000002,0.0,53.0,12.843396226415093,139.0,75.0754716981132,665.6,68.58,26.0,14.730769230769234,101.4,76.11538461538461,432.0,47.10000000000001,15.0,14.126666666666667,82.69999999999999,78.8,288.0,40.900000000000006,31.0,14.725806451612906,101.99999999999999,74.61290322580645,432.0,47.1
East,2020,84.0,112.0,139.0,158.0,60.0,1650.7999999999995,1.2578823529411758,29.0,9.141379310344828,9.0,67.72413793103448,100.8,0.0,61.0,13.442622950819672,102.70000000000002,69.36065573770492,435.2,59.8,34.0,15.517647058823528,75.50000000000001,69.8529411764706,288.0,47.400000000000006,15.0,15.026666666666667,67.50000000000001,77.86666666666666,216.0,42.599999999999994,31.0,15.332258064516127,75.30000000000001,70.03225806451613,288.0,47.400000000000006
East,2021,108.0,136.0,159.0,177.0,35.0,1357.3999999999996,0.9127058823529406,29.0,8.741379310344827,57.69999999999998,72.75862068965517,328.0,25.3,36.0,14.888888888888893,90.9,75.30555555555556,398.4,76.5,13.0,17.73846153846154,45.0,74.38461538461539,99.2,40.3,15.0,17.713333333333335,45.199999999999996,74.2,99.2,40.3,31.0,15.535483870967742,76.10000000000001,74.54838709677419,278.4,61.699999999999996
East,2022,90.0,116.0,139.0,161.0,55.0,1611.8,1.2022346300089801,27.0,9.414814814814815,21.199999999999996,71.25925925925925,152.0,4.9,56.0,13.887500000000001,105.8,72.71428571428571,486.4,40.04666666666667,33.0,14.627272727272727,63.1,72.87878787878788,288.0,23.1,15.0,16.433333333333337,23.7,70.53333333333333,72.0,7.6,31.0,14.596774193548388,55.10000000000001,72.7741935483871,240.0,15.1
East,2023,93.0,121.0,145.0,165.0,50.0,1548.7000000000005,1.1370465890932389,29.0,8.982758620689655,66.1,75.3103448275862,348.8,34.63333333333333,51.0,14.09607843137255,76.5,74.54901960784314,382.4,36.940000000000005,27.0,15.55185185185185,34.300000000000004,71.37037037037037,110.4,8.3,15.0,17.9,33.7,69.46666666666667,99.2,8.3,31.0,15.258064516129032,34.300000000000004,71.58064516129032,110.4,8.3
East,2024,82.0,106.0,134.0,156.0,66.0,1651.7,1.2580757064443222,25.0,10.6,54.3,74.6,329.6,30.793333333333333,67.0,12.232835820895522,169.10000000000002,77.67164179104478,859.2,113.06666666666666,39.0,13.58205128205128,101.3,78.33333333333333,516.8,60.660000000000004,15.0,13.120000000000001,26.8,73.86666666666666,150.4,8.9,31.0,13.406451612903227,80.89999999999999,76.93548387096774,379.2,46.28
East,2025,101.0,122.0,147.0,165.0,49.0,1548.4999999999998,1.1375294117647055,22.0,11.609090909090908,28.200000000000003,75.5909090909091,132.79999999999998,0.29333333333333333,50.0,14.571999999999997,51.7,71.76,299.2,22.400000000000002,25.0,16.744,36.0,72.12,192.0,22.400000000000002,15.0,17.48666666666667,14.0,70.86666666666666,96.0,6.3,31.0,16.041935483870965,49.5,71.96774193548387,288.0,22.400000000000002
East,2026,87.0,111.0,139.0,155.0,60.0,1697.1999999999996,1.3124705882352934,25.0,10.064,11.299999999999999,70.76,92.8,0.0,61.0,14.327868852459014,81.9,72.40983606557377,467.2,42.04666666666667,33.0,17.34242424242424,61.6,72.6969696969697,313.6,38.56666666666667,15.0,16.14,39.20000000000001,77.66666666666667,191.99999999999997,19.06666666666667,31.0,17.53548387096774,57.900000000000006,72.58064516129032,289.6,35.36666666666666
East Midlands,1971,113.0,139.0,165.0,187.0,32.0,1217.9999999999995,0.7271935217897378,27.0,9.718518518518518,60.5,77.77777777777777,284.79999999999995,47.36666666666667,33.0,11.460606060606063,99.39999999999999,79.84848484848484,480.0,72.74666666666667,7.0,10.828571428571427,39.1,80.14285714285714,144.0,31.400000000000002,15.0,11.146666666666667,72.10000000000001,81.46666666666667,297.6,51.66,31.0,11.441935483870969,99.39999999999999,80.38709677419355,480.0,72.74666666666667
East Midlands,1972,113.0,140.0,167.0,189.0,32.0,1227.9,0.731071204030209,28.0,9.000000000000002,54.300000000000004,77.75,406.40000000000003,31.540000000000003,33.0,11.572727272727274,101.7,76.6969696969697,579.2,60.38666666666667,6.0,12.166666666666666,12.000000000000002,79.5,83.2,7.24,15.0,11.506666666666664,56.0,79.93333333333334,259.20000000000005,46.440000000000005,31.0,11.583870967741936,94.00000000000001,76.58064516129032,553.5999999999999,59.879999999999995
East Midlands,1973,117.0,143.0,165.0,183.0,28.0,1265.4,0.7743992938908945,27.0,9.6,63.8,76.37037037037037,307.2,32.013333333333335,29.0,14.372413793103446,73.1,74.44827586206897,240.0,46.28,7.0,16.014285714285712,43.300000000000004,72.0,72.0,27.6,15.0,15.520000000000001,44.6,71.93333333333334,83.2,27.6,31.0,14.341935483870966,78.4,75.0,270.4,51.58
East Midlands,1974,105.0,136.0,160.0,182.0,35.0,1312.0000000000002,0.8317688305527888,32.0,8.371875,45.9,75.4375,332.79999999999995,25.57333333333333,36.0,12.70277777777778,55.99999999999999,72.69444444444444,297.6,26.2,12.0,13.858333333333333,21.6,73.83333333333333,120.0,15.3,15.0,13.213333333333333,38.4,72.93333333333334,168.0,15.3,31.0,12.558064516129033,53.69999999999999,72.29032258064517,268.8,26.2
East Midlands,1975,113.0,139.0,165.0,185.0,32.0,1258.8000000000002,0.7597789812842942,27.0,9.733333333333334,50.50000000000001,78.55555555555556,348.80000000000007,21.38,33.0,12.081818181818182,21.6,72.54545454545455,193.60000000000002,11.399999999999999,7.0,14.342857142857142,3.5999999999999996,68.85714285714286,24.0,0.0,15.0,15.406666666666668,3.5999999999999996,70.33333333333333,30.4,0.0,31.0,12.064516129032256,21.599999999999998,72.35483870967742,192.0,11.399999999999999
East Midlands,1976,112.0,138.0,161.0,179.0,34.0,1333.3999999999994,0.8560778775533067,27.0,9.537037037037036,31.9,74.96296296296296,296.0,11.3,35.0,13.971428571428572,45.6,74.68571428571428,228.8,14.826666666666668,12.0,15.316666666666663,4.0,72.5,46.4,0.0,15.0,15.946666666666664,4.0,72.8,51.2,0.0,31.0,14.245161290322581,35.5,74.93548387096774,180.8,6.926666666666668
East Midlands,1977,120.0,147.0,172.0,192.0,24.0,1145.7,0.635121849452946,28.0,9.464285714285714,58.0,76.46428571428571,272.0,43.766666666666666,25.0,11.736,61.8,74.8,216.0,41.599999999999994,,,,,,,15.0,11.32,57.900000000000006,78.2,190.39999999999998,41.6,31.0,11.712903225806452,61.8,74.7741935483871,235.2,41.6
East Midlands,1978,127.0,151.0,172.0,195.0,20.0,1139.8000000000004,0.6360656239930811,25.0,10.792,22.499999999999996,78.8,270.4,16.9,21.0,14.00952380952381,69.89999999999999,74.61904761904762,179.20000000000002,51.099999999999994,,,,,,,15.0,12.646666666666667,55.199999999999996,73.6,102.4,47.3,31.0,13.412903225806451,71.0,75.41935483870968,230.4,51.099999999999994
East Midlands,1979,142.0,162.0,183.0,201.0,9.0,992.9000000000004,0.46169912759174764,21.0,12.399999999999999,47.5,79.9047619047619,273.59999999999997,25.119999999999997,10.0,14.679999999999998,6.7,77.1,96.0,2.8533333333333335,,,,,,,15.0,14.053333333333335,11.9,77.13333333333334,132.79999999999998,2.8533333333333335,31.0,13.106451612903223,68.3,79.03225806451613,387.2,42.07333333333334
East Midlands,1980,118.0,143.0,166.0,188.0,29.0,1239.0999999999997,0.7629276739657497,26.0,10.0,16.200000000000003,71.73076923076923,128.0,0.8466666666666668,30.0,13.51666666666667,81.0,76.03333333333333,363.20000000000005,48.93333333333334,7.0,14.157142857142857,29.5,76.57142857142857,96.0,29.099999999999998,15.0,14.066666666666666,50.5,77.13333333333334,225.6,38.84,31.0,13.4741935483871,81.1,76.0,363.2,48.93333333333334
East Midlands,1981,106.0,137.0,160.0,183.0,34.0,1294.5000000000005,0.8321880008603143,32.0,8.1375,121.80000000000001,79.125,497.6,94.14,35.0,13.162857142857142,72.50000000000001,78.45714285714286,473.6000000000001,37.400000000000006,12.0,13.500000000000002,7.8999999999999995,76.0,100.79999999999998,0.32,15.0,13.573333333333336,13.9,76.06666666666666,152.0,0.32,31.0,13.229032258064514,56.30000000000001,77.93548387096774,400.00000000000006,26.893333333333334
East Midlands,1982,110.0,136.0,156.0,176.0,35.0,1381.5999999999992,0.9277904435705089,27.0,9.662962962962963,11.5,69.22222222222223,142.4,0.0,36.0,15.199999999999998,97.0,75.36111111111111,507.2,48.24666666666667,16.0,15.03125,56.4,77.5625,259.2,33.78666666666666,15.0,14.626666666666669,49.300000000000004,77.2,235.2,26.686666666666667,31.0,15.41935483870968,87.8,75.6774193548387,411.2,43.84666666666667
East Midlands,1983,114.0,141.0,165.0,186.0,30.0,1211.3000000000002,0.7408235294117648,28.0,9.382142857142856,124.10000000000001,81.71428571428571,518.4,88.86000000000001,31.0,12.274193548387098,62.300000000000004,77.6774193548387,312.0,52.1,7.0,12.700000000000001,1.4,71.28571428571429,28.8,0.0,15.0,13.453333333333335,4.3,73.6,56.00000000000001,0.0,31.0,12.274193548387098,62.300000000000004,77.6774193548387,312.0,52.1
East Midlands,1984,125.0,151.0,172.0,192.0,21.0,1144.0,0.6616470588235293,27.0,9.51111111111111,60.0,75.55555555555556,200.0,34.82,22.0,14.45909090909091,39.0,78.0,259.20000000000005,16.106666666666666,1.0,18.8,11.0,85.0,24.0,0.7333333333333333,15.0,15.646666666666668,19.0,78.13333333333334,132.8,4.546666666666667,31.0,13.319354838709678,89.1,78.64516129032258,384.0,50.92666666666666
East Midlands,1985,126.0,148.0,174.0,193.0,23.0,1085.1000000000004,0.6072390244075707,23.0,11.356521739130434,73.70000000000002,81.21739130434783,344.0,50.666666666666664,24.0,11.508333333333335,69.89999999999999,76.91666666666667,294.4,53.86,,,,,,,15.0,11.053333333333335,59.9,77.8,248.0,48.099999999999994,31.0,11.816129032258063,97.5,78.09677419354838,441.6,66.52
East Midlands,1986,135.0,157.0,178.0,196.0,14.0,1044.8,0.533015818442829,23.0,11.4,52.599999999999994,75.26086956521739,249.60000000000002,18.58,15.0,13.766666666666667,12.4,75.26666666666667,115.19999999999999,5.8,,,,,,,15.0,13.766666666666667,12.4,75.26666666666667,115.19999999999999,5.8,31.0,12.535483870967743,31.5,74.96774193548387,292.80000000000007,10.98
East Midlands,1987,124.0,150.0,175.0,193.0,21.0,1096.4,0.5967170796478203,27.0,9.91851851851852,53.50000000000001,77.33333333333333,275.20000000000005,20.333333333333336,22.0,11.695454545454545,107.39999999999998,80.95454545454545,393.6,57.36666666666667,,,,,,,15.0,11.066666666666666,81.80000000000001,80.73333333333333,288.0,44.6,31.0,11.319354838709678,117.69999999999997,80.61290322580645,499.20000000000005,60.26666666666667
East Midlands,1988,108.0,133.0,158.0,179.0,39.0,1341.1000000000001,0.876212868082723,26.0,10.138461538461538,49.2,78.8076923076923,308.8,31.946666666666665,40.0,12.5425,64.0,77.35,388.80000000000007,35.19333333333333,15.0,13.619999999999997,12.9,79.13333333333334,115.19999999999999,3.4,15.0,13.619999999999997,12.9,79.13333333333334,115.19999999999999,3.4,31.0,12.961290322580643,53.8,77.29032258064517,294.4000000000001,31.16
East Midlands,1989,91.0,125.0,149.0,171.0,46.0,1454.6999999999991,1.0158366262732228,35.0,7.340000000000001,110.8,79.05714285714286,523.2,78.23333333333333,47.0,13.229787234042554,66.89999999999999,74.02127659574468,369.6,37.96666666666667,23.0,13.678260869565221,32.3,72.78260869565217,174.4,20.0,15.0,15.979999999999999,23.799999999999997,73.86666666666666,102.4,20.0,31.0,13.851612903225808,51.4,73.83870967741936,252.8,31.2
East Midlands,1990,79.0,113.0,137.0,162.0,58.0,1568.6,1.160978104385937,35.0,7.4228571428571435,32.2,72.45714285714286,337.59999999999997,14.206666666666667,59.0,12.601694915254237,49.99999999999999,71.49152542372882,379.20000000000005,14.7,35.0,12.808571428571428,34.800000000000004,70.17142857142858,220.8,9.8,15.0,13.153333333333334,19.599999999999998,73.53333333333333,100.8,3.2,31.0,13.061290322580644,33.3,70.3225806451613,196.8,9.8
East Midlands,1991,112.0,140.0,165.0,187.0,31.0,1195.7,0.7273995891938149,29.0,8.851724137931036,37.699999999999996,75.0,256.0,13.600000000000001,32.0,11.840625,39.8,76.0625,329.6,13.3,7.0,11.414285714285713,18.599999999999998,78.0,105.6,5.0,15.0,11.979999999999999,31.099999999999998,77.46666666666667,228.8,13.3,31.0,11.735483870967741,39.8,76.0,324.8,13.3
East Midlands,1992,103.0,129.0,150.0,169.0,43.0,1485.6999999999998,1.049929872225532,27.0,9.714814814814815,44.20000000000001,74.14814814814815,355.2,20.4,44.0,14.693181818181818,53.400000000000006,74.52272727272727,315.20000000000005,32.846666666666664,23.0,15.430434782608698,42.900000000000006,76.34782608695652,247.99999999999997,32.84666666666667,15.0,15.56,6.599999999999999,72.46666666666667,80.0,1.5466666666666666,31.0,15.758064516129032,44.800000000000004,75.35483870967742,276.8,32.84666666666667
East Midlands,1993,101.0,126.0,151.0,171.0,45.0,1446.5000000000002,1.002675116141091,26.0,10.076923076923077,34.2,79.26923076923077,308.79999999999995,15.653333333333334,46.0,13.095652173913043,114.29999999999997,77.56521739130434,532.8,53.906666666666666,21.0,14.952380952380953,47.70000000000001,78.33333333333333,228.8,22.02,15.0,15.293333333333333,42.60000000000001,78.46666666666667,179.2,20.66,31.0,14.061290322580646,81.89999999999999,78.64516129032258,358.40000000000003,40.48666666666667
East Midlands,1994,112.0,133.0,161.0,180.0,38.0,1308.9,0.8341076729389555,22.0,11.681818181818182,20.2,75.45454545454545,200.0,3.4,39.0,11.930769230769231,42.900000000000006,74.3076923076923,262.4,25.726666666666667,11.0,14.681818181818185,0.6,68.45454545454545,0.0,0.0,15.0,14.3,1.9,69.8,6.4,0.0,31.0,12.5,27.400000000000002,73.41935483870968,180.8,15.293333333333333
East Midlands,1995,102.0,127.0,155.0,177.0,44.0,1344.1999999999998,0.8961236146708298,26.0,9.915384615384616,22.3,73.73076923076923,190.4,9.5,45.0,11.708888888888888,69.70000000000002,71.28888888888889,361.6,38.4,17.0,12.799999999999999,12.3,72.47058823529412,72.0,4.4,15.0,12.81333333333333,7.699999999999999,71.8,48.0,0.0,31.0,13.009677419354837,32.8,72.12903225806451,193.6,11.600000000000001
East Midlands,1996,123.0,151.0,171.0,192.0,21.0,1149.5000000000002,0.6715157190951748,29.0,8.879310344827585,44.6,74.58620689655173,360.0,23.133333333333333,22.0,15.054545454545455,30.0,69.0909090909091,96.0,5.033333333333333,2.0,12.3,0.0,66.5,0.0,0.0,15.0,15.446666666666665,25.200000000000003,68.53333333333333,72.0,4.0,31.0,14.070967741935485,54.7,72.2258064516129,259.2,20.333333333333332
East Midlands,1997,97.0,123.0,151.0,171.0,48.0,1429.600000000001,1.005627814686472,27.0,9.492592592592594,26.7,71.55555555555556,123.2,7.2,49.0,12.63469387755102,106.80000000000001,74.08163265306122,510.4,49.61333333333333,21.0,14.580952380952377,53.5,73.23809523809524,214.39999999999998,25.21333333333333,15.0,14.833333333333332,52.2,76.4,190.39999999999998,25.21333333333334,31.0,13.419354838709678,53.70000000000001,72.25806451612904,222.39999999999998,25.21333333333334
East Midlands,1998,88.0,120.0,144.0,168.0,51.0,1494.7000000000003,1.0711028127216953,33.0,8.021212121212121,121.7,80.81818181818181,652.8,101.88666666666666,52.0,12.749999999999998,112.1,78.9423076923077,606.4,58.940000000000005,28.0,13.24642857142857,101.5,80.03571428571429,440.0,55.84,15.0,13.873333333333335,63.1,81.73333333333333,278.4,45.18000000000001,31.0,13.17741935483871,101.59999999999998,79.51612903225806,440.0,55.84
East Midlands,1999,93.0,121.0,145.0,168.0,50.0,1472.2999999999997,1.0630471252469924,29.0,9.0,70.1,80.06896551724138,392.0,41.3,51.0,12.994117647058824,88.19999999999997,76.19607843137256,590.4000000000001,33.75333333333334,27.0,13.492592592592596,55.4,76.11111111111111,291.2,22.006666666666668,15.0,13.559999999999999,24.400000000000006,76.46666666666667,145.60000000000002,19.40666666666667,31.0,13.41935483870968,58.2,75.48387096774194,339.19999999999993,22.006666666666668
East Midlands,2000,92.0,124.0,149.0,170.0,48.0,1455.8000000000002,1.0506681528206498,33.0,7.863636363636363,133.79999999999998,80.81818181818181,568.0,110.98,49.0,13.204081632653061,113.10000000000001,77.95918367346938,635.2,84.85333333333332,24.0,14.558333333333335,58.0,76.0,225.6,37.16,15.0,15.946666666666669,18.799999999999997,74.26666666666667,100.8,0.4600000000000001,31.0,13.67741935483871,93.20000000000002,76.80645161290323,393.6,69.46000000000001
East Midlands,2001,121.0,144.0,168.0,185.0,27.0,1181.3000000000004,0.7108747617877134,24.0,10.6375,37.6,77.95833333333333,209.60000000000002,26.85333333333333,28.0,13.057142857142853,34.8,73.25,200.0,24.0,4.0,13.75,0.0,71.5,4.800000000000001,0.0,15.0,12.673333333333336,32.3,73.66666666666667,148.8,24.0,31.0,13.074193548387093,34.8,73.19354838709677,201.60000000000002,24.0
East Midlands,2002,87.0,115.0,142.0,165.0,56.0,1534.6000000000006,1.137673358789755,29.0,8.886206896551723,5.0,74.55172413793103,126.4,0.0,57.0,12.738596491228071,131.7,75.3157894736842,731.2,58.626666666666665,30.0,14.12,66.8,73.96666666666667,360.0,21.1,15.0,15.286666666666665,21.5,74.86666666666666,168.0,17.599999999999998,31.0,14.141935483870967,76.30000000000001,74.09677419354838,384.0,30.599999999999998
East Midlands,2003,104.0,126.0,150.0,168.0,45.0,1464.6000000000004,1.0643083215505487,23.0,11.430434782608694,36.7,71.52173913043478,150.4,6.0,46.0,14.260869565217389,76.5,72.19565217391305,467.2,34.39333333333333,22.0,16.699999999999996,37.0,70.95454545454545,217.6,22.193333333333335,15.0,16.46,25.6,69.46666666666667,120.0,14.9,31.0,15.899999999999997,48.0,72.61290322580645,323.2,25.893333333333334
East Midlands,2004,98.0,124.0,149.0,168.0,48.0,1483.5,1.0768152062277054,27.0,9.692592592592591,64.89999999999999,78.81481481481481,280.0,32.95333333333333,49.0,13.622448979591834,72.2,75.38775510204081,443.20000000000005,33.52666666666667,24.0,15.566666666666668,35.7,74.66666666666667,222.4,11.600000000000001,15.0,16.293333333333333,11.5,72.33333333333333,112.0,4.4,31.0,14.5,38.5,73.80645161290323,248.0,11.600000000000001
East Midlands,2005,96.0,123.0,151.0,171.0,48.0,1419.0000000000002,1.0060126867180446,28.0,9.314285714285715,49.699999999999996,77.14285714285714,385.6,25.006666666666668,49.0,12.512244897959183,68.7,74.38775510204081,488.0,42.166666666666664,21.0,14.652380952380952,32.7,76.71428571428571,214.40000000000003,23.866666666666667,15.0,15.026666666666667,7.8,75.0,88.00000000000001,0.8666666666666667,31.0,14.364516129032259,48.0,75.06451612903226,289.6,36.36666666666667
East Midlands,2006,113.0,135.0,159.0,177.0,36.0,1324.5000000000002,0.9071684882926545,23.0,11.530434782608696,41.6,78.82608695652173,265.6,20.78,37.0,14.129729729729728,79.4,75.48648648648648,416.0,48.53999999999999,13.0,17.553846153846155,10.599999999999998,73.3076923076923,83.19999999999999,4.5,15.0,17.306666666666665,10.599999999999998,73.46666666666667,84.80000000000001,4.5,31.0,14.30322580645161,52.4,74.41935483870968,291.2,29.5
East Midlands,2007,87.0,112.0,138.0,161.0,59.0,1581.099999999999,1.1970895150943242,26.0,9.98076923076923,9.299999999999999,76.8076923076923,168.0,6.000000000000001,60.0,12.945,187.10000000000002,78.25,824.0,163.5666666666667,34.0,13.867647058823529,115.3,79.61764705882354,465.6,100.56666666666665,15.0,15.520000000000001,79.7,82.33333333333333,249.6,70.2,31.0,13.990322580645165,114.99999999999999,80.48387096774194,462.4,100.56666666666665
East Midlands,2008,96.0,127.0,151.0,172.0,45.0,1420.1,1.005605201575685,32.0,8.075000000000001,74.10000000000001,78.5625,532.8,50.22666666666667,46.0,13.293478260869565,83.30000000000001,76.56521739130434,484.8,54.45333333333334,22.0,13.931818181818182,46.7,76.81818181818181,307.2,27.9,15.0,13.746666666666668,28.9,74.66666666666667,204.8,12.7,31.0,13.648387096774192,79.20000000000002,77.09677419354838,427.2,53.6
East Midlands,2009,107.0,131.0,154.0,176.0,40.0,1340.2,0.9098660067634144,25.0,10.412,14.8,72.72,91.19999999999999,5.9,41.0,12.778048780487804,93.9,73.63414634146342,440.0,54.400000000000006,18.0,12.927777777777777,49.2,72.88888888888889,216.0,26.200000000000003,15.0,13.28,45.6,74.0,192.0,26.200000000000003,31.0,13.383870967741935,57.9,72.7741935483871,296.0,26.200000000000003
East Midlands,2010,120.0,144.0,167.0,184.0,27.0,1173.3999999999996,0.7181894753389465,25.0,10.468,16.599999999999998,73.0,144.0,5.9,28.0,13.442857142857145,52.1,73.85714285714286,264.0,17.060000000000002,5.0,12.22,1.1,71.2,24.0,0.0,15.0,13.306666666666667,36.300000000000004,77.0,187.2,16.9,31.0,13.838709677419354,52.099999999999994,73.74193548387096,267.2,17.06
East Midlands,2011,97.0,119.0,143.0,166.0,52.0,1503.700000000001,1.097262395434783,23.0,11.35217391304348,3.7,73.8695652173913,65.60000000000001,0.0,53.0,12.918867924528305,64.39999999999999,68.37735849056604,353.6,26.700000000000003,29.0,13.217241379310343,47.9,69.86206896551724,275.2,18.200000000000003,15.0,13.279999999999998,30.0,70.53333333333333,193.6,18.200000000000003,31.0,13.232258064516127,48.199999999999996,69.48387096774194,275.2,18.200000000000003
East Midlands,2012,98.0,131.0,155.0,178.0,41.0,1329.9000000000003,0.9059693981669082,34.0,7.655882352941177,144.3,80.97058823529412,684.8,114.3,42.0,12.51190476190476,121.89999999999999,78.23809523809524,596.8,63.419999999999995,18.0,12.472222222222223,95.39999999999999,79.55555555555556,316.79999999999995,48.22,15.0,12.973333333333334,60.1,79.06666666666666,244.79999999999998,33.72,31.0,13.516129032258064,104.3,79.2258064516129,451.2,52.32000000000001
East Midlands,2013,130.0,153.0,175.0,194.0,18.0,1073.8000000000006,0.5841228481253662,24.0,10.579166666666667,65.4,74.5,318.4,39.6,19.0,13.5,24.0,74.63157894736842,145.60000000000002,17.293333333333337,,,,,,,15.0,13.846666666666664,24.0,75.46666666666667,140.8,17.293333333333337,31.0,12.519354838709676,56.9,74.38709677419355,275.2,38.193333333333335
East Midlands,2014,91.0,117.0,141.0,163.0,54.0,1538.0000000000002,1.147874526850766,27.0,9.822222222222221,36.9,79.4074074074074,316.8,25.16,55.0,13.263636363636364,140.70000000000002,77.94545454545455,646.4,82.1,31.0,14.16774193548387,97.39999999999999,79.16129032258064,372.79999999999995,55.89999999999999,15.0,15.54,24.099999999999998,76.8,100.8,0.0,31.0,14.16774193548387,97.39999999999999,79.16129032258064,372.79999999999995,55.89999999999999
East Midlands,2015,107.0,133.0,159.0,180.0,38.0,1289.1000000000001,0.838492769924103,27.0,9.61111111111111,45.89999999999999,71.81481481481481,171.2,15.6,39.0,12.033333333333333,59.099999999999994,71.53846153846153,286.4,18.0,13.0,13.207692307692309,14.9,74.07692307692308,84.80000000000001,8.6,15.0,13.113333333333335,14.9,72.06666666666666,84.80000000000001,8.6,31.0,12.587096774193547,44.599999999999994,71.6774193548387,235.2,15.2
East Midlands,2016,104.0,133.0,159.0,178.0,39.0,1334.3999999999996,0.8945905986017239,30.0,8.696666666666665,66.5,76.66666666666667,350.4,44.53999999999999,40.0,13.005,107.7,81.05,513.6,60.93333333333333,14.0,15.192857142857141,78.5,84.5,254.4,59.646666666666675,15.0,15.126666666666667,78.49999999999999,84.06666666666666,259.2,59.64666666666666,31.0,13.541935483870967,96.39999999999999,82.35483870967742,459.20000000000005,60.93333333333334
East Midlands,2017,95.0,124.0,147.0,167.0,47.0,1544.3000000000002,1.1184961128439783,30.0,8.919999999999998,16.8,72.1,161.6,0.0,48.0,14.625,113.6,75.125,448.0,63.7,25.0,16.496000000000002,54.199999999999996,74.4,236.8,22.400000000000002,15.0,17.06,21.6,73.0,81.6,10.1,31.0,16.483870967741936,54.5,74.3225806451613,246.39999999999998,22.4
East Midlands,2018,113.0,135.0,156.0,176.0,36.0,1379.7,0.9183017722041027,23.0,11.086956521739127,50.099999999999994,73.91304347826087,240.0,8.5,37.0,14.645945945945945,44.70000000000001,77.43243243243244,281.6,28.853333333333335,16.0,15.206249999999999,7.5,74.625,78.4,0.0,15.0,15.326666666666666,7.4,74.46666666666667,75.19999999999999,0.0,31.0,15.18709677419355,44.60000000000001,78.51612903225806,281.6,28.853333333333335
East Midlands,2019,99.0,127.0,152.0,174.0,44.0,1422.1000000000008,0.9586243770060403,29.0,8.89310344827586,27.500000000000007,74.6896551724138,289.59999999999997,17.900000000000002,45.0,12.688888888888886,179.6,76.71111111111111,630.4000000000001,129.03333333333333,20.0,13.580000000000002,134.0,79.1,384.0,107.19999999999999,15.0,13.026666666666669,123.19999999999999,81.6,336.0,107.2,31.0,13.696774193548386,144.6,76.58064516129032,481.6,109.8
East Midlands,2020,92.0,117.0,143.0,165.0,55.0,1557.3000000000002,1.1478823529411766,26.0,10.207692307692307,7.0,68.03846153846153,75.2,0.0,56.0,12.973214285714286,112.19999999999999,69.67857142857143,500.79999999999995,73.06666666666666,30.0,14.41333333333333,82.9,71.43333333333334,339.2,62.46666666666667,15.0,13.913333333333332,68.2,81.66666666666667,267.2,55.96666666666666,31.0,14.516129032258062,83.4,70.90322580645162,339.2,62.46666666666666
East Midlands,2021,111.0,139.0,161.0,181.0,32.0,1300.3,0.8455294117647056,29.0,8.689655172413794,92.10000000000001,73.48275862068965,486.4,59.779999999999994,33.0,14.487878787878788,63.1,74.54545454545455,345.6,45.81999999999999,11.0,16.781818181818185,17.400000000000002,71.18181818181819,78.4,11.120000000000001,15.0,16.8,25.000000000000004,71.86666666666666,126.4,13.92,31.0,14.774193548387098,51.800000000000004,74.29032258064517,297.59999999999997,34.519999999999996
East Midlands,2022,96.0,122.0,144.0,166.0,49.0,1536.999999999999,1.1098306463568022,27.0,9.651851851851852,17.4,73.92592592592592,211.20000000000002,6.9,50.0,13.913999999999998,93.8,72.14,449.6,45.480000000000004,28.0,14.078571428571427,42.699999999999996,70.89285714285714,196.8,14.906666666666668,15.0,15.813333333333334,22.1,68.53333333333333,72.0,11.8,31.0,14.09677419354839,44.99999999999999,71.09677419354838,220.79999999999998,14.906666666666668
East Midlands,2023,95.0,124.0,147.0,168.0,47.0,1496.7000000000005,1.074124168078928,30.0,8.846666666666666,80.89999999999999,77.46666666666667,420.79999999999995,35.72,48.0,13.858333333333334,82.9,74.75,416.0,50.39999999999999,25.0,15.044,30.5,72.2,134.4,14.0,15.0,16.906666666666666,29.4,70.8,120.0,14.0,31.0,14.725806451612902,30.5,71.93548387096774,134.4,14.0
East Midlands,2024,88.0,114.0,139.0,162.0,58.0,1572.4999999999998,1.157389948335982,27.0,9.537037037037036,58.3,75.77777777777777,390.40000000000003,30.1,59.0,12.547457627118645,150.60000000000002,77.49152542372882,659.2,88.82666666666665,34.0,13.008823529411764,87.2,76.26470588235294,374.4,54.67333333333333,15.0,12.733333333333333,41.3,73.6,168.0,28.799999999999997,31.0,12.932258064516125,86.89999999999998,76.25806451612904,361.6,54.67333333333334
East Midlands,2025,104.0,126.0,149.0,168.0,45.0,1497.1999999999998,1.077176470588235,23.0,11.121739130434783,12.4,72.1304347826087,116.80000000000001,2.6,46.0,14.645652173913044,60.9,69.3695652173913,272.0,23.9,23.0,16.556521739130435,36.50000000000001,68.69565217391305,176.0,14.0,15.0,17.36,18.8,67.0,96.0,11.7,31.0,15.71290322580645,60.00000000000001,69.54838709677419,272.0,23.9
East Midlands,2026,93.0,119.0,144.0,162.0,52.0,1586.5000000000005,1.1822352941176475,27.0,9.803703703703704,16.2,72.22222222222223,163.2,2.9799999999999995,53.0,14.254716981132074,88.69999999999999,72.62264150943396,560.0,45.400000000000006,28.0,16.557142857142857,51.9,72.53571428571429,324.8,30.700000000000003,15.0,15.626666666666669,33.60000000000001,75.26666666666667,204.8,20.6,31.0,16.73548387096774,54.3,72.54838709677419,353.6,30.700000000000003
North East,1971,129.0,152.0,181.0,200.0,19.0,1028.8999999999996,0.507563538033132,24.0,10.454166666666667,49.0,78.70833333333333,299.20000000000005,31.373333333333335,20.0,9.67,47.4,81.9,310.4,31.486666666666665,,,,,,,15.0,9.253333333333332,47.4,82.33333333333333,265.6,31.486666666666665,31.0,9.88709677419355,88.30000000000001,81.74193548387096,476.79999999999995,58.16000000000001
North East,1972,131.0,158.0,185.0,207.0,14.0,1018.1999999999997,0.4748840471601134,28.0,9.371428571428572,64.50000000000001,77.96428571428571,452.8,36.586666666666666,15.0,10.406666666666668,55.900000000000006,83.06666666666666,278.40000000000003,44.6,,,,,,,15.0,10.406666666666668,55.900000000000006,83.06666666666666,278.40000000000003,44.6,31.0,10.316129032258061,95.89999999999999,79.70967741935483,540.8,67.20666666666666
North East,1973,133.0,157.0,178.0,197.0,14.0,1070.6,0.5373492059008338,25.0,10.52,45.1,79.0,304.0,31.933333333333334,15.0,14.306666666666668,15.9,73.73333333333333,104.0,6.1,,,,,,,15.0,14.306666666666668,15.9,73.73333333333333,104.0,6.1,31.0,12.86774193548387,44.900000000000006,77.03225806451613,332.8,30.299999999999997
North East,1974,130.0,153.0,179.0,201.0,18.0,1078.6000000000001,0.5436699716225524,24.0,10.716666666666667,37.2,74.91666666666667,259.20000000000005,17.12,19.0,11.573684210526316,42.0,75.26315789473684,212.79999999999998,26.726666666666667,,,,,,,15.0,11.68,39.4,76.46666666666667,188.79999999999998,26.726666666666667,31.0,11.080645161290324,54.8,74.7741935483871,313.6,35.02666666666667
North East,1975,130.0,159.0,182.0,201.0,12.0,1025.9000000000003,0.48729581624040635,30.0,8.573333333333332,55.400000000000006,78.16666666666667,352.0,36.099999999999994,13.0,13.807692307692308,11.2,74.38461538461539,83.2,9.7,,,,,,,15.0,14.253333333333332,11.2,74.6,89.6,9.7,31.0,10.606451612903227,38.99999999999999,76.35483870967742,304.0,21.0
North East,1976,131.0,154.0,176.0,192.0,18.0,1098.9,0.5832717411025448,24.0,10.466666666666667,73.6,78.41666666666667,315.2,43.0,19.0,13.373684210526314,9.3,76.42105263157895,123.19999999999999,2.566666666666667,,,,,,,15.0,14.046666666666663,8.4,75.46666666666667,91.2,2.566666666666667,31.0,12.54516129032258,60.1,78.25806451612904,305.6,34.06666666666667
North East,1977,141.0,165.0,189.0,211.0,6.0,915.4000000000001,0.3616546819960692,25.0,10.228000000000002,63.9,77.6,268.79999999999995,48.95333333333333,7.0,9.428571428571429,2.3,79.85714285714286,62.4,2.3,,,,,,,15.0,9.373333333333333,56.8,80.73333333333333,209.6,48.95333333333333,31.0,10.035483870967743,63.9,77.87096774193549,307.19999999999993,48.95333333333333
North East,1978,144.0,162.0,188.0,210.0,9.0,954.0999999999999,0.42414048772595486,19.0,14.005263157894738,11.400000000000002,74.05263157894737,107.2,1.0266666666666666,10.0,11.32,1.8,70.8,38.4,0.0,,,,,,,15.0,11.54,8.1,70.0,62.4,0.0,31.0,12.816129032258063,15.8,73.96774193548387,195.20000000000002,1.0266666666666666
North East,1979,157.0,177.0,198.0,219.0,0.0,788.0999999999998,0.21397301728255796,21.0,12.838095238095239,27.3,78.71428571428571,268.8,19.2,,,,,,,,,,,,,15.0,12.939999999999998,12.5,80.26666666666667,196.79999999999995,7.8999999999999995,31.0,11.71290322580645,93.60000000000001,81.09677419354838,476.80000000000007,64.52666666666667
North East,1980,137.0,158.0,184.0,208.0,14.0,1014.0999999999999,0.4938738767363178,22.0,11.67727272727273,48.800000000000004,75.86363636363636,267.2,20.86,15.0,12.160000000000002,52.6,82.4,310.4,42.86666666666667,,,,,,,15.0,12.160000000000002,52.6,82.4,310.4,42.86666666666667,31.0,11.774193548387098,85.99999999999999,80.41935483870968,529.5999999999999,59.626666666666665
North East,1981,129.0,152.0,176.0,199.0,19.0,1078.5,0.5770341819515413,24.0,11.325000000000001,60.2,82.91666666666667,457.6,39.906666666666666,20.0,12.045,26.400000000000002,78.2,225.6,4.74,,,,,,,15.0,11.786666666666665,13.7,78.73333333333333,195.2,2.4,31.0,11.845161290322583,59.2,79.74193548387096,457.6,33.839999999999996
North East,1982,124.0,149.0,170.0,193.0,22.0,1139.7999999999995,0.6609103981012343,26.0,10.0,21.8,73.6923076923077,192.0,10.0,23.0,13.795652173913044,49.4,79.26086956521739,251.2,14.3,2.0,10.55,0.5,79.0,12.8,0.0,15.0,12.08666666666667,42.400000000000006,80.93333333333334,206.39999999999998,14.3,31.0,13.280645161290321,60.300000000000004,78.54838709677419,350.4,22.2
North East,1983,132.0,159.0,183.0,201.0,12.0,982.9999999999998,0.47223529411764664,28.0,9.217857142857143,81.50000000000001,83.82142857142857,481.6,56.84,13.0,12.27692307692308,5.9,75.53846153846153,96.0,0.0,,,,,,,15.0,12.026666666666667,7.800000000000001,76.2,123.2,0.0,31.0,10.448387096774194,65.49999999999999,80.41935483870968,391.99999999999994,46.1
North East,1984,141.0,164.0,187.0,206.0,8.0,956.9000000000001,0.44152941176470584,24.0,10.691666666666665,53.0,81.16666666666667,323.20000000000005,33.08666666666667,9.0,15.255555555555553,13.5,80.55555555555556,120.0,4.813333333333333,,,,,,,15.0,13.88,19.5,81.53333333333333,196.79999999999998,10.813333333333333,31.0,11.983870967741936,63.699999999999996,81.0,411.2,37.89999999999999
North East,1985,138.0,162.0,186.0,207.0,9.0,903.2000000000003,0.41050976378310655,25.0,10.607999999999999,56.5,78.6,356.8,32.28666666666667,10.0,10.34,28.6,78.6,118.4,24.8,,,,,,,15.0,9.826666666666664,45.6,78.06666666666666,214.39999999999998,35.78,31.0,10.56451612903226,65.8,77.83870967741936,379.2,45.300000000000004
North East,1986,147.0,169.0,191.0,211.0,2.0,865.0000000000001,0.3289313641076803,23.0,11.539130434782608,50.0,78.26086956521739,262.4,27.813333333333333,3.0,10.866666666666667,1.3,82.33333333333333,51.2,0.0,,,,,,,15.0,12.32,26.8,79.26666666666667,161.6,22.413333333333334,31.0,11.251612903225807,55.9,77.54838709677419,339.2,31.313333333333333
North East,1987,136.0,162.0,187.0,209.0,9.0,907.4000000000003,0.3933268591471543,27.0,9.288888888888888,69.4,82.07407407407408,475.2,44.45333333333334,10.0,9.330000000000002,39.8,83.0,180.8,33.36666666666667,,,,,,,15.0,9.546666666666669,66.39999999999999,83.46666666666667,300.8,59.96666666666666,31.0,9.625806451612902,98.40000000000002,82.6774193548387,566.3999999999999,68.11999999999999
North East,1988,126.0,152.0,176.0,197.0,20.0,1099.3999999999999,0.5901871717305005,27.0,9.84814814814815,51.00000000000001,80.85185185185185,360.0,20.78666666666667,21.0,12.223809523809523,10.7,78.38095238095238,209.6,3.2666666666666666,,,,,,,15.0,12.58,6.7,79.46666666666667,153.6,1.1666666666666665,31.0,11.735483870967741,40.4,78.51612903225806,337.59999999999997,15.153333333333332
North East,1989,105.0,138.0,164.0,185.0,33.0,1244.3000000000004,0.7924220390560777,34.0,7.858823529411764,28.299999999999997,76.05882352941177,344.00000000000006,14.8,34.0,12.508823529411764,31.7,75.41176470588235,257.6,0.7666666666666666,8.0,17.6125,2.5,71.125,24.0,0.0,15.0,14.739999999999998,22.9,75.06666666666666,115.2,0.7666666666666666,31.0,12.451612903225806,31.299999999999997,74.61290322580645,216.0,0.7666666666666666
North East,1990,92.0,125.0,154.0,178.0,46.0,1333.3000000000002,0.8967797582000755,34.0,7.776470588235293,19.5,75.6470588235294,315.2,8.28,47.0,11.08723404255319,68.70000000000002,76.82978723404256,478.4,35.13333333333333,18.0,11.827777777777778,17.9,76.44444444444444,137.6,4.9,15.0,11.92666666666667,15.800000000000002,76.66666666666667,113.6,4.9,31.0,11.732258064516127,29.8,75.29032258064517,222.4,7.0
North East,1991,131.0,156.0,182.0,202.0,15.0,981.9999999999998,0.47936511120880876,26.0,10.042307692307693,22.5,77.96153846153847,252.8,2.5,16.0,10.21875,55.800000000000004,80.4375,299.20000000000005,45.400000000000006,,,,,,,15.0,10.333333333333336,55.699999999999996,81.0,299.2,45.4,31.0,10.158064516129032,70.5,79.09677419354838,449.6,47.9
North East,1992,115.0,141.0,164.0,184.0,31.0,1246.3000000000002,0.7929984529352222,27.0,9.52962962962963,27.299999999999997,76.5925925925926,304.0,5.846666666666666,32.0,13.59375,36.5,80.3125,465.59999999999997,23.486666666666665,9.0,13.966666666666665,2.4,70.11111111111111,24.0,0.0,15.0,13.833333333333334,5.6,75.93333333333334,128.0,0.0,31.0,13.574193548387097,36.3,80.16129032258064,449.59999999999997,23.486666666666665
North East,1993,111.0,139.0,165.0,188.0,32.0,1191.3999999999999,0.7433410783825845,29.0,8.924137931034483,89.1,81.65517241379311,424.0,60.44,33.0,11.766666666666666,52.0,81.18181818181819,462.4,25.086666666666666,7.0,11.885714285714286,14.300000000000002,79.14285714285714,104.0,3.2,15.0,12.88,30.999999999999996,80.33333333333333,187.2,16.046666666666667,31.0,11.922580645161293,46.49999999999999,81.2258064516129,433.6,24.046666666666663
North East,1994,127.0,156.0,179.0,198.0,15.0,1038.6999999999998,0.5231277027273481,30.0,8.73,28.600000000000005,76.23333333333333,260.79999999999995,13.326666666666666,16.0,12.34375,5.4,72.25,60.8,0.0,,,,,,,15.0,12.513333333333332,4.8999999999999995,72.8,60.8,0.0,31.0,10.838709677419354,19.999999999999996,74.29032258064517,185.60000000000002,7.446666666666667
North East,1995,121.0,147.0,173.0,194.0,24.0,1088.4,0.6205942873458279,27.0,9.74074074074074,34.0,73.4074074074074,203.20000000000002,9.56,25.0,11.495999999999999,45.1,77.0,356.8,20.599999999999998,,,,,,,15.0,11.233333333333333,12.000000000000002,76.0,164.8,0.0,31.0,11.593548387096776,49.4,76.06451612903226,380.8,20.6
North East,1996,139.0,162.0,185.0,205.0,10.0,949.8000000000002,0.4628617949379358,24.0,11.108333333333334,43.3,75.83333333333333,324.8,9.64,11.0,13.227272727272725,5.8,72.0909090909091,48.0,3.2,,,,,,,15.0,13.473333333333331,15.7,71.66666666666667,96.0,7.9,31.0,12.119354838709677,38.800000000000004,74.38709677419355,300.8,10.64
North East,1997,109.0,139.0,164.0,189.0,32.0,1202.6000000000004,0.7538338668288527,31.0,8.487096774193548,71.80000000000001,79.12903225806451,468.79999999999995,49.02,33.0,11.927272727272728,70.8,78.15151515151516,336.0,29.753333333333334,8.0,11.725000000000001,23.0,81.0,131.2,12.953333333333333,15.0,13.106666666666666,65.8,79.73333333333333,227.2,27.753333333333334,31.0,11.967741935483874,68.29999999999998,77.29032258064517,288.0,27.753333333333334
North East,1998,98.0,133.0,159.0,183.0,38.0,1266.6000000000004,0.8207006182609397,36.0,7.272222222222221,85.69999999999999,79.25,556.8,56.593333333333334,39.0,11.628205128205126,102.19999999999999,81.56410256410257,572.8000000000001,76.82666666666665,13.0,12.130769230769232,38.599999999999994,81.15384615384616,214.4,25.226666666666667,15.0,12.213333333333335,49.79999999999999,81.93333333333334,262.4,28.226666666666667,31.0,11.325806451612902,101.8,81.51612903225806,479.99999999999994,76.82666666666665
North East,1999,112.0,138.0,165.0,186.0,33.0,1219.9999999999995,0.7601520184663495,27.0,9.814814814814815,47.5,83.29629629629629,470.40000000000003,37.53333333333333,34.0,11.697058823529412,54.699999999999996,77.47058823529412,304.0,30.14,7.0,14.228571428571428,8.7,75.28571428571429,52.8,4.8,15.0,12.06,36.9,78.93333333333334,172.8,27.8,31.0,11.780645161290325,54.099999999999994,77.2258064516129,280.0,30.14
North East,2000,113.0,138.0,167.0,190.0,34.0,1207.6999999999998,0.7572136719199319,26.0,9.757692307692308,39.300000000000004,83.96153846153847,430.4,18.666666666666668,35.0,11.434285714285712,100.30000000000001,77.45714285714286,534.4000000000001,82.00000000000001,6.0,16.433333333333334,0.7,74.83333333333333,20.8,0.0,15.0,14.106666666666666,14.099999999999998,75.53333333333333,126.4,10.2,31.0,11.690322580645162,88.2,77.38709677419355,438.40000000000003,73.2
North East,2001,140.0,162.0,184.0,205.0,9.0,941.1999999999998,0.427726772069096,23.0,11.695652173913047,25.700000000000003,74.78260869565217,211.2,5.2,10.0,11.41,28.3,81.4,115.19999999999999,21.340000000000003,,,,,,,15.0,10.68,45.60000000000001,79.46666666666667,187.20000000000002,21.34,31.0,11.66451612903226,53.900000000000006,76.96774193548387,324.8,26.540000000000003
North East,2002,105.0,134.0,159.0,182.0,37.0,1284.599999999999,0.846986856350256,30.0,8.673333333333334,35.1,78.66666666666667,403.2,13.126666666666667,38.0,12.484210526315788,84.4,78.55263157894737,526.4000000000001,44.120000000000005,13.0,13.369230769230771,25.999999999999996,76.76923076923077,100.79999999999998,12.1,15.0,13.393333333333336,29.8,78.8,148.8,14.9,31.0,12.503225806451612,76.2,78.2258064516129,424.0,39.120000000000005
North East,2003,114.0,140.0,161.0,181.0,31.0,1252.4999999999998,0.8272185640882935,27.0,9.559259259259258,88.2,76.62962962962963,400.0,65.36666666666666,32.0,14.243749999999999,47.5,75.5625,377.6,11.0,11.0,14.672727272727274,13.9,72.36363636363636,81.6,0.0,15.0,14.613333333333335,26.500000000000007,72.93333333333334,129.6,0.0,31.0,14.383870967741936,45.3,75.48387096774194,353.6,8.8
North East,2004,112.0,137.0,161.0,184.0,35.0,1254.0999999999997,0.8295076687469642,26.0,10.2,37.8,80.92307692307692,329.6,11.406666666666666,36.0,12.677777777777779,40.49999999999999,75.69444444444444,291.2,21.333333333333332,12.0,13.766666666666667,21.2,75.33333333333333,100.8,11.2,15.0,14.353333333333333,21.3,75.93333333333334,116.8,11.2,31.0,12.75483870967742,38.599999999999994,76.48387096774194,267.2,21.333333333333332
North East,2005,111.0,141.0,167.0,186.0,30.0,1187.0000000000002,0.7379668520466628,31.0,8.35483870967742,46.7,77.12903225806451,382.4,28.84,31.0,12.390322580645158,38.800000000000004,77.93548387096774,342.40000000000003,6.413333333333334,5.0,17.8,5.5,82.0,65.60000000000001,2.453333333333333,15.0,13.379999999999999,13.299999999999999,77.8,147.2,2.453333333333333,31.0,12.390322580645158,38.800000000000004,77.93548387096774,342.40000000000003,6.413333333333334
North East,2006,125.0,149.0,170.0,190.0,22.0,1105.1000000000006,0.6640194184345656,25.0,10.235999999999999,106.1,79.0,414.4,81.9,23.0,13.973913043478262,28.0,75.47826086956522,201.60000000000002,2.5,2.0,14.600000000000001,2.7,74.0,24.0,0.0,15.0,15.833333333333336,19.900000000000002,75.8,115.19999999999999,2.5,31.0,12.677419354838708,57.69999999999999,75.83870967741936,326.4,27.799999999999997
North East,2007,97.0,122.0,152.0,174.0,49.0,1335.3,0.9526842928117457,26.0,9.934615384615386,11.4,79.34615384615384,254.39999999999998,2.4,50.0,11.338,136.8,79.86,748.8,103.02666666666667,20.0,13.304999999999998,71.6,85.2,356.79999999999995,65.26,15.0,13.360000000000001,71.1,85.86666666666666,291.2,65.26,31.0,12.33548387096774,85.79999999999998,80.70967741935483,476.79999999999995,69.86
North East,2008,118.0,143.0,167.0,190.0,29.0,1174.4000000000003,0.7198391497722464,26.0,10.096153846153847,39.300000000000004,80.38461538461539,307.2,20.560000000000002,30.0,12.253333333333334,75.60000000000001,78.93333333333334,432.0,44.986666666666665,6.0,11.516666666666667,16.7,74.66666666666667,72.0,4.8,15.0,12.186666666666667,32.4,75.6,219.2,11.206666666666667,31.0,12.138709677419355,75.7,78.87096774193549,435.20000000000005,44.986666666666665
North East,2009,117.0,144.0,170.0,189.0,27.0,1136.6000000000004,0.6714840624467909,28.0,9.335714285714285,67.5,78.0,432.0,42.666666666666664,28.0,11.542857142857143,62.89999999999999,75.60714285714286,270.40000000000003,35.519999999999996,2.0,12.2,1.4,73.0,1.6,0.0,15.0,11.159999999999998,45.199999999999996,77.46666666666667,179.2,35.52,31.0,11.503225806451615,68.4,76.0,310.4000000000001,39.82
North East,2010,137.0,157.0,179.0,198.0,14.0,969.4000000000001,0.49425915833456197,21.0,12.304761904761904,21.3,76.61904761904762,196.8,3.4,15.0,12.006666666666664,21.700000000000003,78.8,145.6,14.799999999999999,,,,,,,15.0,12.006666666666664,21.700000000000003,78.8,145.6,14.799999999999999,31.0,12.219354838709679,39.400000000000006,77.12903225806451,280.00000000000006,18.2
North East,2011,109.0,134.0,161.0,184.0,37.0,1240.6,0.7978289415285574,26.0,10.261538461538462,33.6,74.88461538461539,268.79999999999995,13.4,38.0,11.33157894736842,62.400000000000006,73.57894736842105,390.40000000000003,22.4,11.0,11.863636363636363,34.800000000000004,76.36363636363636,148.8,17.2,15.0,11.593333333333335,38.900000000000006,74.66666666666667,196.8,19.2,31.0,11.46774193548387,57.400000000000006,73.48387096774194,334.4,22.4
North East,2012,108.0,145.0,171.0,192.0,27.0,1117.5000000000002,0.6740579597880607,38.0,7.078947368421052,143.79999999999998,82.47368421052632,688.0,114.44000000000001,28.0,11.571428571428571,79.8,81.07142857142857,372.8,54.04666666666667,2.0,11.850000000000001,0.1,74.0,1.6,0.0,15.0,11.166666666666666,64.79999999999998,82.0,201.6,48.48,31.0,11.59677419354839,79.79999999999998,81.61290322580645,428.79999999999995,54.04666666666667
North East,2013,143.0,166.0,188.0,205.0,5.0,891.0999999999999,0.38864108149940607,24.0,10.908333333333331,35.9,78.04166666666667,268.8,26.673333333333332,6.0,13.666666666666666,9.5,75.0,56.0,3.5,,,,,,,15.0,12.773333333333333,21.5,77.66666666666667,168.0,14.18,31.0,11.329032258064515,42.6,77.48387096774194,312.0,26.673333333333332
North East,2014,105.0,133.0,158.0,180.0,38.0,1290.0999999999997,0.8729741425754738,29.0,9.006896551724138,64.39999999999999,81.24137931034483,473.6,54.14666666666667,39.0,12.712820512820514,98.3,81.07692307692308,528.0,61.94,14.0,14.107142857142856,19.299999999999994,81.0,200.00000000000003,4.3,15.0,14.053333333333331,19.299999999999997,80.53333333333333,200.00000000000003,4.3,31.0,12.780645161290321,93.60000000000001,82.0,470.4,60.34
North East,2015,120.0,148.0,175.0,194.0,23.0,1059.8999999999999,0.5967048318451877,29.0,8.931034482758621,64.0,75.27586206896552,310.4,24.299999999999997,24.0,10.9,30.700000000000003,72.625,201.6,16.3,,,,,,,15.0,11.54,8.5,73.2,80.0,2.5,31.0,10.861290322580647,32.9,72.80645161290323,236.79999999999998,16.3
North East,2016,126.0,149.0,173.0,195.0,23.0,1088.2,0.631025847336942,24.0,10.512499999999998,31.0,79.83333333333333,305.6,16.2,24.0,12.316666666666668,28.2,84.33333333333333,368.0,18.12666666666667,,,,,,,15.0,13.279999999999998,28.2,85.0,249.59999999999997,18.12666666666667,31.0,11.896774193548387,50.50000000000001,83.83870967741936,503.99999999999994,34.32666666666667
North East,2017,97.0,129.0,151.0,172.0,42.0,1390.5000000000002,0.998873487543452,33.0,7.927272727272728,18.9,74.60606060606061,255.99999999999997,4.533333333333333,43.0,13.934883720930236,94.9,77.09302325581395,432.0,49.49333333333334,21.0,14.87142857142857,64.5,75.76190476190476,166.4,37.2,15.0,15.24,46.800000000000004,77.0,118.4,37.2,31.0,14.990322580645161,73.89999999999998,76.74193548387096,281.6,37.57333333333334
North East,2018,123.0,144.0,165.0,185.0,27.0,1199.1,0.745741053764932,22.0,11.80909090909091,21.800000000000004,76.0909090909091,200.0,13.5,28.0,13.842857142857142,41.0,81.46428571428571,388.8,24.78666666666667,7.0,14.085714285714285,7.7,73.28571428571429,75.2,0.0,15.0,13.753333333333332,9.100000000000001,77.06666666666666,153.6,0.0,31.0,13.63225806451613,41.099999999999994,81.2258064516129,407.99999999999994,24.786666666666672
North East,2019,97.0,129.0,155.0,179.0,42.0,1282.0000000000002,0.885745501444525,33.0,7.8121212121212125,53.2,78.60606060606061,398.4,43.36666666666667,43.0,11.820930232558139,162.89999999999998,77.86046511627907,638.4,99.22666666666667,17.0,12.076470588235294,115.60000000000001,79.6470588235294,291.2,71.31333333333333,15.0,12.093333333333334,94.10000000000001,79.6,243.2,66.71333333333332,31.0,12.454838709677416,143.89999999999998,77.48387096774194,518.4,90.61333333333334
North East,2020,100.0,129.0,153.0,176.0,43.0,1369.7000000000003,0.9271764705882355,30.0,8.9,31.199999999999996,75.76666666666667,195.20000000000002,17.9,44.0,12.343181818181819,118.19999999999999,74.27272727272727,454.4,88.60000000000001,20.0,12.454999999999998,99.49999999999999,81.3,355.2,77.80000000000001,15.0,12.606666666666664,82.99999999999997,84.8,283.20000000000005,69.3,31.0,13.074193548387099,107.99999999999997,76.03225806451613,403.2,83.70000000000002
North East,2021,122.0,150.0,170.0,191.0,21.0,1155.0,0.6745882352941175,29.0,9.051724137931034,120.9,80.86206896551724,601.6,105.7,22.0,14.840909090909088,6.999999999999999,73.95454545454545,100.79999999999998,0.0,2.0,13.25,0.6,75.5,1.6,0.0,15.0,15.46,5.099999999999999,72.8,51.2,0.0,31.0,13.55161290322581,31.3,75.90322580645162,249.6,16.4
North East,2022,98.0,126.0,151.0,173.0,45.0,1374.2999999999997,0.9693170533931409,29.0,8.886206896551723,37.2,79.03448275862068,379.2,10.120000000000001,46.0,12.606521739130434,81.69999999999999,74.84782608695652,552.0,47.3,21.0,13.21904761904762,37.9,74.38095238095238,208.0,19.7,15.0,14.126666666666667,20.5,72.06666666666666,104.0,5.9,31.0,12.73225806451613,55.800000000000004,74.03225806451613,352.0,30.8
North East,2023,93.0,125.0,150.0,171.0,46.0,1369.8999999999996,1.0069561760081323,33.0,7.751515151515151,71.80000000000001,80.6969696969697,496.0,46.620000000000005,47.0,12.999999999999998,72.79999999999998,77.02127659574468,416.0,42.733333333333334,22.0,14.109090909090908,36.4,75.04545454545455,156.8,20.4,15.0,15.426666666666668,35.8,73.66666666666667,118.4,20.4,31.0,13.73225806451613,37.1,74.80645161290323,169.60000000000002,20.4
North East,2024,92.0,123.0,146.0,171.0,49.0,1413.0000000000002,1.028568167537198,32.0,8.2375,114.69999999999999,78.78125,593.5999999999999,72.78,50.0,12.508,161.5,80.7,827.1999999999999,110.87333333333333,27.0,12.055555555555557,80.89999999999999,77.18518518518519,420.8,58.379999999999995,15.0,11.613333333333335,46.699999999999996,75.86666666666666,235.20000000000002,33.0,31.0,12.122580645161289,118.60000000000001,78.48387096774194,497.59999999999997,86.72
North East,2025,112.0,135.0,160.0,178.0,36.0,1321.6999999999998,0.8707058823529408,24.0,10.791666666666666,4.800000000000001,75.54166666666667,128.0,0.0,37.0,13.372972972972974,75.39999999999999,74.83783783783784,382.4,25.406666666666666,12.0,16.075,13.0,73.75,76.80000000000001,7.699999999999999,15.0,15.046666666666669,23.0,74.26666666666667,148.79999999999998,16.0,31.0,13.764516129032257,75.2,74.54838709677419,368.0,25.406666666666666
North East,2026,103.0,132.0,154.0,175.0,39.0,1374.9999999999998,0.9334117647058819,30.0,8.759999999999998,55.9,78.03333333333333,305.6,19.133333333333333,40.0,13.605,84.30000000000001,75.975,486.40000000000003,42.599999999999994,18.0,13.949999999999998,37.1,76.55555555555556,265.6,23.799999999999997,15.0,14.120000000000001,24.500000000000004,76.26666666666667,217.6,11.5,31.0,14.919354838709676,54.000000000000014,75.54838709677419,342.40000000000003,27.9
North West,1971,113.0,138.0,164.0,187.0,33.0,1256.9999999999998,0.7443343518614979,26.0,10.161538461538463,80.00000000000001,76.88461538461539,291.2,61.666666666666664,34.0,11.414705882352942,92.8,78.76470588235294,432.0,52.68000000000001,8.0,10.8125,41.1,80.5,120.0,27.700000000000003,15.0,11.053333333333335,57.0,79.73333333333333,222.4,28.313333333333333,31.0,11.545161290322582,91.50000000000001,78.6774193548387,396.79999999999995,52.68000000000001
North West,1972,113.0,140.0,168.0,192.0,32.0,1203.2999999999995,0.7101299085308395,28.0,9.039285714285715,75.00000000000001,77.64285714285714,412.8,62.5,33.0,10.966666666666667,160.5,80.66666666666667,680.0,139.61333333333334,5.0,11.66,23.8,83.0,110.4,22.919999999999998,15.0,11.246666666666666,61.60000000000001,81.93333333333334,289.6,56.88666666666667,31.0,10.929032258064517,152.1,80.96774193548387,655.9999999999999,139.61333333333332
North West,1973,116.0,143.0,166.0,185.0,28.0,1235.0000000000005,0.7423477416175129,28.0,9.142857142857142,84.6,77.42857142857143,422.4,44.519999999999996,29.0,13.558620689655172,55.2,78.6896551724138,387.20000000000005,22.873333333333335,6.0,15.5,8.5,77.83333333333333,65.6,1.3600000000000003,15.0,14.386666666666667,14.3,78.26666666666667,183.99999999999997,1.7733333333333337,31.0,13.561290322580644,64.0,78.90322580645162,435.20000000000005,30.37333333333333
North West,1974,100.0,131.0,157.0,180.0,40.0,1327.3000000000004,0.8645988851389104,32.0,8.0625,51.5,74.0,249.59999999999997,29.4,41.0,12.029268292682929,104.8,76.17073170731707,561.6,81.25999999999999,15.0,12.833333333333334,66.3,77.86666666666666,262.40000000000003,61.0,15.0,12.833333333333334,66.3,77.86666666666666,262.40000000000003,61.0,31.0,12.02258064516129,93.8,76.51612903225806,452.80000000000007,75.66000000000001
North West,1975,110.0,137.0,163.0,184.0,34.0,1267.0000000000002,0.7866163349930169,28.0,9.221428571428572,78.20000000000002,80.96428571428571,416.0,56.00666666666667,35.0,12.071428571428571,29.0,72.62857142857143,134.4,0.29333333333333333,9.0,13.444444444444443,8.799999999999999,77.22222222222223,86.4,0.29333333333333333,15.0,15.053333333333333,8.8,74.93333333333334,86.4,0.29333333333333333,31.0,12.232258064516131,29.000000000000004,72.80645161290323,134.39999999999998,0.29333333333333333
North West,1976,110.0,138.0,161.0,181.0,34.0,1286.8,0.8237174970886321,29.0,9.26896551724138,81.2,76.44827586206897,280.0,48.17333333333333,35.0,12.977142857142857,78.89999999999999,81.11428571428571,555.2,39.88666666666666,12.0,13.633333333333335,22.200000000000003,82.08333333333333,233.6,17.513333333333335,15.0,14.293333333333335,22.7,81.13333333333334,251.20000000000002,17.513333333333335,31.0,13.29032258064516,62.8,81.19354838709677,500.8,32.56666666666666
North West,1977,120.0,147.0,172.0,191.0,24.0,1140.1999999999998,0.6360517594415416,28.0,9.467857142857142,73.8,75.28571428571429,326.4,56.14,25.0,11.668,77.60000000000001,75.32,262.4,62.43333333333334,,,,,,,15.0,11.240000000000002,72.10000000000001,76.8,216.0,60.599999999999994,31.0,11.861290322580645,77.60000000000002,74.12903225806451,262.4,62.43333333333334
North West,1978,124.0,147.0,168.0,192.0,24.0,1179.0,0.7004560799524273,24.0,10.854166666666666,24.1,78.04166666666667,291.2,10.84,25.0,14.36,35.7,73.28,254.4,6.8,4.0,13.2,0.0,72.25,11.2,0.0,15.0,12.466666666666669,16.3,72.0,134.4,3.4,31.0,13.79032258064516,37.0,74.38709677419355,316.8,6.8
North West,1979,143.0,164.0,187.0,207.0,7.0,960.8999999999999,0.41969225491937234,22.0,12.17727272727273,70.39999999999999,82.18181818181819,390.4,64.44,8.0,13.8875,18.2,82.375,115.19999999999999,18.2,,,,,,,15.0,13.506666666666668,28.3,82.33333333333333,222.4,23.240000000000002,31.0,12.438709677419356,94.4,81.6774193548387,529.5999999999999,88.44
North West,1980,119.0,142.0,166.0,190.0,30.0,1237.7,0.74641567235764,24.0,11.025,10.9,65.58333333333333,51.2,0.0,31.0,12.596774193548386,107.6,80.35483870967742,526.4,73.68666666666665,7.0,13.314285714285715,43.599999999999994,83.14285714285714,168.0,42.4,15.0,13.033333333333335,73.8,82.06666666666666,291.2,63.18666666666665,31.0,12.596774193548386,107.6,80.35483870967742,526.4,73.68666666666665
North West,1981,107.0,136.0,160.0,184.0,35.0,1285.7,0.8139780325091565,30.0,8.48,97.7,78.06666666666666,444.8,31.799999999999997,36.0,12.558333333333334,141.5,81.33333333333333,656.0,89.99333333333334,12.0,12.775,30.900000000000002,82.08333333333333,196.8,27.3,15.0,12.826666666666666,51.0,82.0,268.8,34.800000000000004,31.0,12.62258064516129,115.4,81.74193548387096,560.0,81.19333333333334
North West,1982,111.0,138.0,159.0,181.0,33.0,1332.8000000000002,0.8523903259336294,28.0,9.435714285714285,33.0,73.78571428571429,276.8,20.0,34.0,14.120588235294118,92.9,80.32352941176471,531.2,48.38,13.0,13.576923076923077,37.5,78.6923076923077,188.8,3.266666666666667,15.0,13.953333333333331,39.5,79.6,220.79999999999998,5.2666666666666675,31.0,14.361290322580645,89.3,80.2258064516129,473.59999999999997,46.18
North West,1983,114.0,141.0,167.0,188.0,30.0,1195.1,0.7217647058823526,28.0,9.24642857142857,108.7,81.35714285714286,584.0,88.22666666666667,31.0,11.961290322580648,74.3,80.74193548387096,476.8,51.33333333333333,5.0,13.7,0.1,77.8,32.0,0.0,15.0,12.926666666666668,24.000000000000004,78.73333333333333,182.4,11.399999999999999,31.0,11.961290322580648,74.3,80.74193548387096,476.8,51.33333333333333
North West,1984,121.0,146.0,169.0,191.0,26.0,1179.6,0.7035294117647056,26.0,10.123076923076923,26.0,70.07692307692308,188.79999999999998,9.913333333333334,27.0,12.962962962962965,55.8,80.18518518518519,411.2,36.14666666666666,4.0,15.325000000000001,0.7,88.5,86.4,0.0,15.0,14.3,16.1,83.13333333333334,214.39999999999998,6.766666666666666,31.0,12.870967741935488,68.0,80.03225806451613,483.2,45.24666666666666
North West,1985,127.0,149.0,174.0,195.0,22.0,1083.5999999999997,0.603308886406882,23.0,11.31304347826087,64.0,80.04347826086956,289.6,55.266666666666666,23.0,11.6,54.800000000000004,76.30434782608695,228.79999999999998,38.22666666666667,,,,,,,15.0,10.646666666666667,52.6,79.0,199.99999999999997,37.806666666666665,31.0,11.783870967741938,92.4,77.25806451612904,356.8,73.62666666666668
North West,1986,136.0,160.0,180.0,200.0,11.0,1007.1000000000001,0.4881021313757154,25.0,10.832,82.0,79.64,364.8,45.593333333333334,12.0,13.775,29.800000000000004,78.33333333333333,123.19999999999999,19.400000000000002,,,,,,,15.0,13.073333333333332,29.800000000000004,77.86666666666666,132.8,19.400000000000002,31.0,11.761290322580646,78.9,79.12903225806451,408.0,61.099999999999994
North West,1987,123.0,148.0,175.0,195.0,23.0,1084.4000000000003,0.6001106573888412,26.0,9.653846153846153,42.099999999999994,77.92307692307692,235.2,11.1,24.0,11.254166666666668,112.89999999999999,82.54166666666667,505.6,93.80000000000001,,,,,,,15.0,10.826666666666666,69.2,81.0,289.6,54.60000000000001,31.0,11.238709677419354,116.1,81.0,564.8,93.8
North West,1988,98.0,127.0,152.0,174.0,45.0,1365.3000000000004,0.9805004831428392,30.0,8.726666666666668,57.3,79.1,379.2,38.70666666666667,46.0,12.799999999999999,74.3,76.17391304347827,484.7999999999999,30.526666666666667,21.0,13.857142857142858,20.0,77.0952380952381,212.79999999999995,11.8,15.0,14.580000000000002,5.8999999999999995,76.13333333333334,123.20000000000002,2.3,31.0,13.206451612903225,58.3,76.51612903225806,342.3999999999999,28.706666666666667
North West,1989,83.0,120.0,145.0,169.0,51.0,1449.6999999999991,1.066820092544209,38.0,6.771052631578947,117.1,78.10526315789474,558.4,68.82666666666667,52.0,12.72307692307692,67.70000000000002,75.67307692307692,494.4,34.6,27.0,13.25925925925926,38.599999999999994,74.11111111111111,246.39999999999998,21.4,15.0,15.500000000000002,25.0,74.66666666666667,115.2,17.5,31.0,13.7,53.8,74.2258064516129,294.4,29.4
North West,1990,83.0,118.0,143.0,167.0,53.0,1529.9000000000005,1.0829442406637089,36.0,7.297222222222222,75.7,77.02777777777777,472.0,53.026666666666664,54.0,12.435185185185185,92.10000000000001,76.75925925925925,596.8,53.25333333333333,29.0,12.837931034482759,62.39999999999999,76.13793103448276,353.6,38.99999999999999,15.0,13.093333333333334,32.199999999999996,77.46666666666667,184.0,17.3,31.0,12.764516129032259,62.39999999999999,76.0,353.6,38.99999999999999
North West,1991,114.0,141.0,168.0,188.0,30.0,1175.2000000000007,0.6958276545062906,28.0,9.257142857142856,28.599999999999998,76.21428571428571,200.0,4.6,31.0,11.36774193548387,65.0,79.12903225806451,446.4,38.4,4.0,10.850000000000001,11.3,81.25,56.0,6.1,15.0,11.4,50.00000000000001,81.46666666666667,294.4,37.733333333333334,31.0,11.36774193548387,65.0,79.12903225806451,446.4,38.4
North West,1992,102.0,130.0,151.0,171.0,42.0,1448.0999999999992,1.0221620172165986,29.0,8.782758620689656,89.70000000000002,79.72413793103448,523.1999999999999,69.82,43.0,14.486046511627906,74.6,76.32558139534883,403.2,42.760000000000005,22.0,15.190909090909093,39.099999999999994,76.36363636363636,212.8,24.26,15.0,15.393333333333336,12.0,73.73333333333333,73.6,0.0,31.0,15.438709677419359,55.3,76.19354838709677,284.8,24.26
North West,1993,99.0,125.0,151.0,173.0,46.0,1419.6999999999998,0.983376228128012,27.0,9.592592592592593,61.2,80.0,361.6,50.68,47.0,12.534042553191487,181.1,79.40425531914893,652.8,137.24666666666667,21.0,14.00952380952381,76.5,82.04761904761905,329.59999999999997,54.96666666666667,15.0,14.226666666666668,64.0,81.8,249.6,47.00666666666667,31.0,13.367741935483872,116.29999999999998,80.6774193548387,473.59999999999997,89.66666666666669
North West,1994,113.0,136.0,164.0,185.0,35.0,1242.2999999999995,0.7578638730528076,24.0,11.054166666666665,51.0,77.04166666666667,308.79999999999995,26.3,36.0,11.019444444444444,37.4,76.22222222222223,318.40000000000003,16.6,8.0,13.0,2.9,80.125,91.19999999999999,0.0,15.0,12.406666666666668,12.8,80.2,164.79999999999998,0.0,31.0,11.496774193548388,37.4,77.70967741935483,318.40000000000003,16.6
North West,1995,104.0,130.0,158.0,180.0,41.0,1287.1999999999996,0.8403670241674557,27.0,9.574074074074076,28.5,74.25925925925925,212.8,17.7,42.0,11.16904761904762,98.49999999999999,76.76190476190476,593.6,52.29333333333333,14.0,12.364285714285716,11.799999999999999,77.21428571428571,147.2,2.6,15.0,12.38,13.1,77.86666666666666,171.2,2.6,31.0,12.493548387096773,63.500000000000014,78.25806451612904,401.6,24.693333333333335
North West,1996,118.0,149.0,171.0,194.0,23.0,1132.2,0.6661425773095722,32.0,8.240625,82.1,77.03125,472.0,60.19999999999999,24.0,13.179166666666667,42.4,77.95833333333333,344.0,22.086666666666666,2.0,12.149999999999999,1.5,74.5,24.0,0.0,15.0,13.726666666666665,22.700000000000003,76.46666666666667,161.6,11.5,31.0,12.593548387096776,75.6,79.29032258064517,502.40000000000003,52.58666666666666
North West,1997,99.0,127.0,153.0,175.0,44.0,1389.0999999999992,0.9527852584917601,29.0,8.931034482758621,90.7,79.44827586206897,344.0,61.96000000000001,45.0,12.455555555555556,121.19999999999999,77.11111111111111,595.2,87.4,19.0,14.026315789473685,54.400000000000006,77.10526315789474,272.0,35.8,15.0,13.960000000000003,52.80000000000001,79.26666666666667,248.0,35.8,31.0,13.283870967741937,55.5,75.19354838709677,323.2,35.8
North West,1998,89.0,123.0,146.0,170.0,48.0,1474.299999999999,1.0309643985416164,35.0,7.631428571428572,117.79999999999998,78.34285714285714,548.8,83.66666666666667,49.0,12.79795918367347,160.29999999999998,80.06122448979592,752.0,117.22666666666666,26.0,12.796153846153848,124.3,80.03846153846153,432.0,87.86666666666667,15.0,13.319999999999997,96.40000000000002,82.53333333333333,278.4,62.89999999999999,31.0,12.754838709677422,126.40000000000002,80.25806451612904,492.79999999999995,87.86666666666667
North West,1999,93.0,122.0,147.0,170.0,49.0,1419.3000000000004,1.0173602917297109,30.0,8.696666666666667,75.0,81.43333333333334,481.59999999999997,46.33333333333333,50.0,12.408000000000001,156.9,79.48,734.4000000000001,112.61333333333332,25.0,12.8,66.3,80.2,353.6,35.46,15.0,12.899999999999999,32.8,80.53333333333333,212.79999999999998,23.159999999999997,31.0,12.625806451612904,80.39999999999999,79.48387096774194,459.19999999999993,45.21333333333333
North West,2000,93.0,125.0,151.0,172.0,47.0,1404.9000000000003,1.0033835947560983,33.0,7.836363636363637,106.9,78.66666666666667,444.79999999999995,88.06,48.0,12.625,152.6,78.8125,598.4,113.33333333333334,22.0,13.795454545454545,71.1,79.5909090909091,297.6,53.30000000000001,15.0,14.606666666666664,22.1,78.0,148.8,7.2,31.0,12.606451612903225,111.60000000000001,79.41935483870968,433.59999999999997,75.5
North West,2001,125.0,146.0,171.0,188.0,25.0,1155.3999999999999,0.6609035863716083,22.0,11.981818181818182,47.8,76.68181818181819,145.6,23.2,26.0,12.23076923076923,61.8,79.88461538461539,376.0,33.75333333333333,1.0,13.9,1.9,77.0,24.0,0.0,15.0,12.046666666666669,44.099999999999994,78.53333333333333,212.8,21.406666666666666,31.0,12.593548387096776,61.8,79.0,377.6,33.75333333333333
North West,2002,87.0,116.0,143.0,167.0,55.0,1493.3000000000006,1.0894431621242524,30.0,8.513333333333334,33.400000000000006,76.46666666666667,267.20000000000005,5.640000000000001,56.0,12.157142857142857,218.4,78.85714285714286,888.0,152.8,29.0,13.28965517241379,106.29999999999998,78.75862068965517,463.99999999999994,73.79333333333334,15.0,14.306666666666668,40.1,79.26666666666667,198.39999999999998,32.9,31.0,13.329032258064512,115.39999999999998,78.64516129032258,512.0,82.89333333333333
North West,2003,104.0,126.0,152.0,172.0,45.0,1421.4000000000003,0.9984507997890805,23.0,11.156521739130433,88.3,74.8695652173913,316.8,80.9,46.0,13.18913043478261,175.1,79.52173913043478,702.4,110.06666666666668,20.0,15.070000000000002,53.0,78.5,254.4,22.233333333333334,15.0,14.933333333333334,47.9,78.86666666666666,192.0,20.033333333333335,31.0,14.658064516129032,88.10000000000001,80.3225806451613,438.4,52.06666666666666
North West,2004,95.0,123.0,149.0,169.0,49.0,1430.1000000000006,1.0392955752248532,29.0,9.055172413793102,59.3,80.55172413793103,478.40000000000003,47.36666666666666,50.0,12.718,91.30000000000001,80.3,667.2,40.946666666666665,24.0,14.366666666666667,37.300000000000004,79.83333333333333,318.4,15.773333333333333,15.0,14.700000000000001,19.7,79.66666666666667,185.60000000000002,10.920000000000002,31.0,13.616129032258064,39.400000000000006,78.06451612903226,348.79999999999995,15.773333333333333
North West,2005,92.0,121.0,150.0,171.0,50.0,1409.3,1.001127630157958,30.0,8.683333333333334,115.60000000000001,78.23333333333333,470.40000000000003,87.58000000000001,51.0,12.03921568627451,146.70000000000002,77.90196078431373,702.4,96.52000000000001,22.0,13.7,75.20000000000002,80.95454545454545,339.2,41.519999999999996,15.0,14.139999999999999,43.5,81.0,216.0,29.32,31.0,13.380645161290323,110.20000000000002,80.0,507.2,73.52000000000001
North West,2006,113.0,135.0,160.0,180.0,36.0,1284.3999999999996,0.8655089083618142,23.0,11.447826086956523,43.5,77.8695652173913,329.6,21.906666666666666,37.0,13.172972972972971,130.6,79.43243243243244,545.6,119.83999999999999,12.0,16.23333333333333,24.999999999999996,78.0,155.2,18.74,15.0,16.113333333333333,24.999999999999996,78.46666666666667,180.79999999999998,18.74,31.0,13.306451612903224,77.7,78.16129032258064,401.60000000000014,66.94
North West,2007,86.0,112.0,138.0,161.0,59.0,1560.4000000000003,1.1795883688439828,27.0,9.418518518518518,8.7,80.0,252.8,5.1,60.0,12.751666666666667,206.7,78.55,864.0,183.0333333333333,34.0,13.626470588235295,91.60000000000001,78.76470588235294,478.40000000000003,73.83333333333334,15.0,15.22666666666667,73.4,82.2,252.8,65.87333333333333,31.0,13.793548387096774,85.3,79.29032258064517,430.4,69.33333333333334
North West,2008,97.0,128.0,151.0,173.0,44.0,1410.2999999999993,0.9913389437208201,32.0,8.253125,83.6,79.59375,460.8,55.333333333333336,45.0,13.204444444444443,64.3,75.06666666666666,366.4,19.3,22.0,13.368181818181819,41.99999999999999,78.04545454545455,249.6,10.7,15.0,12.826666666666666,32.4,76.6,128.0,5.5,31.0,13.251612903225809,57.599999999999994,76.45161290322581,305.6,19.299999999999997
North West,2009,111.0,136.0,160.0,180.0,35.0,1307.9999999999995,0.8195029626052965,26.0,10.138461538461538,86.69999999999999,77.0,449.6,63.75999999999999,36.0,12.522222222222222,104.00000000000001,77.05555555555556,470.4,62.4,12.0,12.950000000000001,33.49999999999999,77.41666666666667,171.2,6.58,15.0,12.440000000000001,43.599999999999994,76.46666666666667,195.2,16.380000000000003,31.0,12.812903225806451,65.0,76.58064516129032,350.4,23.4
North West,2010,124.0,148.0,170.0,189.0,23.0,1134.6000000000001,0.6652580825840716,25.0,10.368,26.700000000000003,76.6,276.8,10.379999999999999,24.0,13.416666666666666,35.2,76.875,228.79999999999998,14.34,2.0,12.25,0.0,65.5,0.0,0.0,15.0,13.533333333333331,18.700000000000003,78.0,136.0,5.34,31.0,13.48709677419355,39.7,77.19354838709677,324.7999999999999,16.62
North West,2011,101.0,124.0,149.0,173.0,47.0,1402.5999999999997,0.9721277386592478,24.0,10.804166666666667,7.6,71.41666666666667,187.2,0.0,48.0,12.09375,158.1,77.20833333333333,755.1999999999999,95.93333333333334,23.0,12.378260869565217,55.400000000000006,77.73913043478261,312.0,18.78,15.0,12.113333333333333,41.6,77.2,206.4,13.8,31.0,12.138709677419353,85.3,77.12903225806451,432.0,33.580000000000005
North West,2012,98.0,132.0,157.0,180.0,40.0,1321.1000000000001,0.8747036076569451,35.0,7.582857142857142,160.4,80.05714285714286,576.0,100.85333333333332,41.0,12.058536585365854,137.6,78.85365853658537,587.2,111.50666666666666,16.0,12.4,84.99999999999999,80.9375,272.0,70.94,15.0,12.533333333333335,82.0,80.86666666666666,248.0,70.94,31.0,13.116129032258062,115.99999999999999,80.0,454.40000000000003,97.20666666666668
North West,2013,137.0,159.0,181.0,199.0,12.0,1043.9000000000003,0.5031612303613389,23.0,11.35217391304348,41.5,78.30434782608695,227.2,21.833333333333336,13.0,14.007692307692308,28.799999999999997,77.53846153846153,174.4,25.5,,,,,,,15.0,14.1,28.799999999999997,76.93333333333334,176.0,25.5,31.0,12.461290322580645,55.7,77.16129032258064,328.0,44.79333333333334
North West,2014,92.0,118.0,144.0,166.0,53.0,1497.2999999999997,1.0965672967348312,27.0,9.537037037037036,60.6,81.77777777777777,428.8,49.29333333333333,54.0,12.83148148148148,172.29999999999998,81.44444444444444,928.0,129.59333333333333,28.0,13.95,78.8,82.10714285714286,478.4,49.93333333333333,15.0,15.166666666666666,40.7,82.06666666666666,243.20000000000002,16.633333333333333,31.0,13.758064516129032,90.0,81.83870967741936,528.0,56.086666666666666
North West,2015,112.0,139.0,166.0,186.0,32.0,1216.8,0.7330710044610358,28.0,9.025,115.30000000000001,76.82142857142857,459.2,70.06,33.0,11.469696969696969,71.89999999999999,77.0,374.4,52.57333333333334,6.0,13.116666666666667,4.3999999999999995,80.33333333333333,57.6,0.3733333333333333,15.0,12.706666666666665,10.900000000000002,76.46666666666667,89.60000000000001,0.3733333333333333,31.0,11.648387096774192,61.19999999999999,76.83870967741936,326.4,41.873333333333335
North West,2016,106.0,133.0,158.0,177.0,39.0,1357.1999999999998,0.9181716828280819,28.0,9.017857142857142,46.9,75.25,339.2,17.259999999999998,40.0,13.607499999999998,114.69999999999999,79.15,499.2,95.06,15.0,15.713333333333331,73.50000000000001,82.73333333333333,292.8,63.300000000000004,15.0,15.713333333333331,73.50000000000001,82.73333333333333,292.8,63.300000000000004,31.0,14.345161290322583,98.89999999999999,79.93548387096774,420.8,85.1
North West,2017,91.0,121.0,146.0,166.0,50.0,1518.7000000000003,1.1129393721922716,31.0,8.603225806451611,26.999999999999996,76.48387096774194,254.4,13.473333333333333,51.0,13.6921568627451,123.5,76.03921568627452,571.2,89.99333333333333,26.0,15.346153846153847,89.9,78.07692307692308,368.0,65.75333333333333,15.0,15.479999999999999,57.1,78.93333333333334,216.0,41.54,31.0,15.338709677419354,92.69999999999999,77.7741935483871,411.20000000000005,65.75333333333334
North West,2018,113.0,138.0,157.0,177.0,33.0,1353.7000000000005,0.9055421996056882,26.0,9.96923076923077,63.39999999999999,78.26923076923077,403.2,48.78,34.0,15.420588235294117,44.599999999999994,75.29411764705883,291.2,9.506666666666666,15.0,15.340000000000003,22.3,74.33333333333333,152.0,2.1,15.0,15.340000000000003,22.3,74.33333333333333,152.0,2.1,31.0,15.674193548387096,44.599999999999994,75.64516129032258,291.20000000000005,9.506666666666668
North West,2019,96.0,121.0,149.0,172.0,50.0,1422.2000000000007,0.9905317199629435,26.0,10.042307692307693,44.8,72.11538461538461,184.0,28.6,51.0,11.607843137254903,206.40000000000003,77.90196078431373,868.8,162.64000000000001,23.0,12.965217391304344,143.60000000000005,79.34782608695652,489.6,116.92,15.0,12.426666666666666,106.99999999999999,79.66666666666667,336.0,102.02,31.0,12.719354838709675,166.00000000000003,79.3225806451613,595.2,132.44000000000003
North West,2020,92.0,117.0,145.0,166.0,55.0,1532.0999999999997,1.1182352941176465,26.0,9.98846153846154,7.5,69.6923076923077,134.4,2.0,56.0,12.617857142857142,149.0,71.73214285714286,616.0,118.79999999999998,28.0,14.607142857142858,105.29999999999998,72.53571428571429,408.0,87.1,15.0,14.346666666666668,86.49999999999999,80.13333333333334,312.0,79.6,31.0,14.548387096774194,113.0,71.87096774193549,456.0,92.49999999999999
North West,2021,112.0,141.0,163.0,183.0,30.0,1265.2999999999997,0.8043529411764702,30.0,8.689999999999998,128.39999999999998,76.33333333333333,496.0,95.85999999999999,31.0,14.187096774193549,40.50000000000001,74.90322580645162,220.79999999999998,19.193333333333335,9.0,15.299999999999999,2.8000000000000003,72.33333333333333,28.8,0.0,15.0,15.593333333333335,6.800000000000001,74.06666666666666,64.0,0.19333333333333333,31.0,14.187096774193549,40.50000000000001,74.90322580645162,220.79999999999998,19.193333333333335
North West,2022,88.0,118.0,142.0,165.0,53.0,1522.7999999999997,1.1072941176470583,31.0,8.461290322580647,64.99999999999999,75.35483870967742,377.6,54.940000000000005,54.0,12.81111111111111,137.3,76.25925925925925,777.5999999999999,81.94,30.0,13.209999999999999,77.8,75.46666666666667,438.4,51.64666666666666,15.0,14.373333333333335,23.3,74.4,144.0,15.7,31.0,13.196774193548386,78.4,75.45161290322581,438.4,51.64666666666666
North West,2023,85.0,115.0,141.0,162.0,56.0,1535.2000000000003,1.214322044405872,31.0,8.203225806451613,107.49999999999999,78.12903225806451,428.8,73.99333333333333,57.0,13.773684210526314,105.19999999999999,73.91228070175438,411.20000000000005,66.78,31.0,15.822580645161288,29.3,68.74193548387096,96.0,13.2,15.0,18.153333333333332,28.9,64.66666666666667,72.0,13.2,31.0,15.822580645161288,29.3,68.74193548387096,96.0,13.2
North West,2024,82.0,109.0,136.0,158.0,63.0,1526.3999999999999,1.2028687720954523,28.0,8.985714285714288,193.29999999999998,79.28571428571429,564.8,155.51333333333332,64.0,12.146875000000001,204.49999999999997,79.046875,1019.2,148.68666666666667,37.0,12.964864864864863,151.90000000000003,79.1891891891892,654.4000000000001,129.18,15.0,12.066666666666668,60.09999999999999,77.06666666666666,275.2,50.099999999999994,31.0,12.506451612903225,143.70000000000002,79.3225806451613,568.0,123.47999999999999
North West,2025,100.0,122.0,144.0,166.0,49.0,1527.6000000000004,1.1129411764705885,23.0,11.556521739130435,27.9,70.91304347826087,176.0,12.6,50.0,13.968000000000002,162.6,70.6,507.2,103.25333333333333,28.0,14.567857142857141,160.2,78.17857142857143,483.19999999999993,103.25333333333333,15.0,15.46,78.3,77.93333333333334,222.4,45.74666666666667,31.0,14.425806451612903,162.29999999999995,76.7741935483871,507.19999999999993,103.25333333333334
North West,2026,93.0,119.0,145.0,166.0,52.0,1531.1999999999998,1.117176470588235,27.0,9.6,39.7,74.37037037037037,297.6,28.1,53.0,13.273584905660377,218.79999999999995,77.73584905660377,865.6,183.46666666666664,27.0,15.38888888888889,131.0,78.51851851851852,470.4,115.97999999999999,15.0,14.666666666666668,77.89999999999999,79.66666666666667,300.79999999999995,71.97999999999999,31.0,15.393548387096773,134.1,78.90322580645162,520.0,118.77999999999999
South East,1971,109.0,133.0,157.0,179.0,38.0,1338.3999999999999,0.8699451364160803,25.0,10.732000000000001,51.599999999999994,77.76,232.00000000000003,46.2,39.0,12.656410256410256,166.7,79.7948717948718,579.2,106.28666666666668,15.0,12.826666666666666,117.3,81.13333333333334,278.4,81.92666666666666,15.0,12.826666666666666,117.3,81.13333333333334,278.4,81.92666666666666,31.0,12.793548387096774,155.29999999999998,80.87096774193549,494.4,97.90666666666667
South East,1972,104.0,131.0,158.0,182.0,41.0,1340.2999999999995,0.8506169550143662,28.0,9.239285714285716,54.300000000000004,79.10714285714286,337.6,21.21333333333333,42.0,11.44047619047619,91.39999999999999,78.26190476190476,737.5999999999999,60.699999999999996,15.0,12.106666666666666,23.200000000000003,77.66666666666667,200.0,13.899999999999999,15.0,12.106666666666666,23.200000000000003,77.66666666666667,200.0,13.899999999999999,31.0,12.100000000000001,60.3,77.90322580645162,497.6,38.599999999999994
South East,1973,113.0,139.0,160.0,178.0,32.0,1337.2000000000005,0.8665514226594654,27.0,9.955555555555556,74.4,79.03703703703704,350.4,47.339999999999996,33.0,14.80909090909091,83.1,75.72727272727273,292.8,63.66,12.0,16.224999999999998,42.9,72.66666666666667,59.2,33.4,15.0,15.846666666666666,42.9,72.8,65.6,33.4,31.0,14.82258064516129,77.0,75.45161290322581,244.79999999999998,58.96
South East,1974,95.0,124.0,149.0,170.0,47.0,1478.0999999999997,1.021638396983847,30.0,8.623333333333333,24.200000000000003,76.56666666666666,278.4,9.7,48.0,12.977083333333333,57.5,72.70833333333333,366.4,12.5,23.0,14.017391304347825,30.0,71.26086956521739,171.2,2.8,15.0,14.246666666666666,25.4,71.93333333333334,131.2,2.8,31.0,13.658064516129032,40.300000000000004,71.70967741935483,198.39999999999998,2.8
South East,1975,107.0,132.0,160.0,179.0,39.0,1374.1000000000004,0.8683861394432343,26.0,10.21923076923077,43.0,80.26923076923077,353.6,28.200000000000003,40.0,12.257499999999999,59.3,74.6,360.0,37.2,12.0,15.700000000000001,16.099999999999998,71.83333333333333,76.8,7.1000000000000005,15.0,15.913333333333334,16.099999999999998,71.06666666666666,76.8,7.1000000000000005,31.0,12.819354838709678,26.7,72.06451612903226,201.60000000000002,7.1000000000000005
South East,1976,108.0,132.0,155.0,173.0,40.0,1445.3000000000006,0.9941136914780726,25.0,10.38,10.3,72.48,155.2,0.0,41.0,14.660975609756095,34.0,69.63414634146342,152.0,5.6,18.0,16.805555555555557,9.2,68.55555555555556,49.6,5.6,15.0,17.453333333333333,8.799999999999999,68.53333333333333,49.6,5.6,31.0,15.558064516129033,21.9,69.51612903225806,104.0,5.6
South East,1977,108.0,136.0,160.0,182.0,35.0,1322.7000000000003,0.8331662884837971,29.0,9.062068965517241,74.5,79.24137931034483,504.0,50.14,36.0,12.733333333333333,71.7,75.61111111111111,371.2,53.86,12.0,13.275,51.9,82.08333333333333,224.0,46.8,15.0,12.926666666666668,59.70000000000001,80.26666666666667,296.0,53.60000000000001,31.0,13.058064516129035,64.1,75.54838709677419,323.2,53.60000000000001
South East,1978,119.0,142.0,162.0,184.0,29.0,1276.0999999999995,0.7956228590857148,24.0,10.720833333333333,79.80000000000001,82.375,368.0,59.4,30.0,14.513333333333334,25.900000000000002,74.73333333333333,256.0,11.7,10.0,13.62,14.1,73.7,99.2,7.7,15.0,14.213333333333335,20.900000000000002,72.4,150.4,11.7,31.0,14.370967741935486,26.700000000000003,75.06451612903226,272.0,11.7
South East,1979,131.0,151.0,171.0,190.0,20.0,1143.3999999999996,0.6554852042307164,21.0,13.061904761904762,84.69999999999999,82.66666666666667,400.0,64.3,21.0,14.633333333333335,44.4,81.04761904761905,291.2000000000001,23.333333333333336,1.0,17.4,0.0,81.0,9.600000000000001,0.0,15.0,14.213333333333333,35.800000000000004,80.93333333333334,207.99999999999997,22.94666666666667,31.0,13.829032258064515,95.0,82.19354838709677,531.1999999999999,71.13333333333333
South East,1980,107.0,134.0,157.0,178.0,38.0,1366.2000000000007,0.9216891150372385,28.0,9.532142857142858,20.8,75.14285714285714,222.39999999999998,7.226666666666667,39.0,13.88974358974359,57.800000000000004,73.92307692307692,336.0,38.36666666666667,16.0,15.34375,35.7,76.375,208.0,25.666666666666668,15.0,15.07333333333333,35.7,76.4,206.39999999999998,25.666666666666668,31.0,13.987096774193548,57.400000000000006,75.93548387096774,334.40000000000003,38.36666666666667
South East,1981,100.0,130.0,152.0,174.0,41.0,1408.6000000000004,0.9652389844584519,31.0,8.787096774193548,70.9,78.35483870967742,481.59999999999997,49.160000000000004,42.0,13.630952380952381,103.19999999999999,80.73809523809524,609.6,66.86,20.0,14.265,17.100000000000005,77.9,168.00000000000003,4.573333333333332,15.0,14.113333333333333,10.200000000000001,77.73333333333333,124.8,1.4933333333333332,31.0,13.741935483870968,58.5,80.29032258064517,417.6,37.959999999999994
South East,1982,106.0,133.0,153.0,171.0,38.0,1472.6000000000004,1.0173657450814053,28.0,9.142857142857142,29.8,73.67857142857143,214.4,10.3,39.0,16.007692307692306,95.6,75.82051282051282,452.8,62.02666666666667,19.0,16.80526315789474,68.3,77.15789473684211,286.4,52.699999999999996,15.0,15.813333333333334,51.6,76.46666666666667,211.2,44.26,31.0,16.200000000000003,88.29999999999998,76.64516129032258,380.8,60.02666666666667
South East,1983,106.0,131.0,157.0,177.0,40.0,1343.3000000000006,0.8961176470588241,26.0,9.715384615384615,94.2,82.0,484.8,57.68,41.0,12.668292682926829,116.10000000000001,78.95121951219512,552.0000000000001,72.91333333333333,15.0,14.420000000000003,18.900000000000006,75.2,70.4,0.0,15.0,14.420000000000003,18.900000000000006,75.2,70.4,0.0,31.0,13.28064516129032,62.600000000000016,77.87096774193549,323.20000000000005,31.96666666666667
South East,1984,115.0,140.0,165.0,183.0,32.0,1264.0999999999997,0.8029411764705877,26.0,9.799999999999999,18.3,73.92307692307692,158.4,4.960000000000001,33.0,13.342424242424244,82.6,79.18181818181819,398.4,40.44,8.0,17.674999999999997,5.2,75.75,36.8,0.0,15.0,16.006666666666664,9.5,77.06666666666666,91.2,0.5733333333333333,31.0,13.625806451612902,74.4,78.90322580645162,369.59999999999997,38.8
South East,1985,122.0,144.0,167.0,186.0,27.0,1200.7999999999993,0.7241989349571326,23.0,11.130434782608695,63.699999999999996,81.21739130434783,296.0,49.019999999999996,28.0,13.492857142857144,61.800000000000004,76.42857142857143,318.40000000000003,29.906666666666666,5.0,13.38,10.9,75.0,28.8,0.0,15.0,12.700000000000001,31.700000000000006,75.13333333333334,196.8,12.600000000000001,31.0,13.393548387096773,79.4,77.3225806451613,376.00000000000006,46.906666666666666
South East,1986,129.0,151.0,172.0,189.0,20.0,1133.6000000000001,0.6341016286127424,23.0,11.626086956521737,50.1,79.56521739130434,315.2,17.073333333333334,21.0,13.928571428571425,18.5,76.66666666666667,161.6,3.9466666666666663,,,,,,,15.0,14.579999999999997,9.299999999999999,75.2,78.4,0.96,31.0,13.158064516129029,36.49999999999999,77.35483870967742,299.2,13.926666666666666
South East,1987,118.0,143.0,166.0,185.0,28.0,1206.8000000000002,0.7318595529828466,26.0,10.246153846153845,51.9,76.03846153846153,257.6,15.026666666666666,29.0,12.96551724137931,109.8,80.20689655172414,500.8,78.38000000000001,6.0,12.35,29.799999999999997,81.5,120.0,28.9,15.0,12.420000000000003,77.4,80.73333333333333,312.0,63.5,31.0,12.706451612903223,115.2,79.93548387096774,524.8,78.38000000000001
South East,1988,97.0,125.0,148.0,171.0,47.0,1479.7000000000005,1.0375227021808138,29.0,8.937931034482759,52.1,79.96551724137932,409.59999999999997,32.339999999999996,48.0,13.299999999999999,62.8,77.35416666666667,468.79999999999995,31.533333333333335,25.0,13.6,29.3,77.48,235.2,12.04,15.0,14.113333333333333,1.9000000000000001,76.8,89.60000000000001,0.0,31.0,13.516129032258064,44.7,76.6774193548387,283.2,24.14
South East,1989,85.0,116.0,141.0,163.0,55.0,1609.5000000000007,1.1958609643157694,32.0,8.134374999999999,86.1,80.71875,483.20000000000005,59.733333333333334,56.0,13.739285714285714,71.5,73.21428571428571,310.4,34.5,31.0,15.16451612903226,53.2,71.74193548387096,136.0,21.9,15.0,16.413333333333334,23.4,72.86666666666666,62.4,21.9,31.0,15.16451612903226,53.2,71.74193548387096,136.0,21.9
South East,1990,74.0,103.0,128.0,151.0,68.0,1705.5999999999997,1.329648003377079,30.0,8.603333333333333,19.5,74.56666666666666,208.0,5.233333333333333,69.0,12.768115942028986,69.30000000000001,72.47826086956522,520.0,25.293333333333337,44.0,13.431818181818182,39.8,71.68181818181819,275.20000000000005,8.46,15.0,13.840000000000002,16.099999999999998,75.46666666666667,126.39999999999999,4.66,31.0,13.738709677419354,25.6,71.12903225806451,200.0,4.66
South East,1991,100.0,131.0,157.0,179.0,40.0,1320.7000000000003,0.8741491803505061,32.0,8.08125,66.4,76.96875,308.8,32.086666666666666,41.0,12.163414634146342,61.9,77.92682926829268,492.79999999999995,30.82,15.0,12.873333333333331,51.5,80.06666666666666,246.4,28.02,15.0,12.873333333333331,51.5,80.06666666666666,246.4,28.02,31.0,12.364516129032259,57.699999999999996,77.93548387096774,383.99999999999994,30.820000000000004
South East,1992,99.0,125.0,146.0,165.0,47.0,1555.6,1.14022126615961,27.0,9.674074074074074,55.8,76.77777777777777,374.40000000000003,43.7,48.0,15.047916666666667,91.3,75.9375,392.0,53.46666666666667,27.0,16.003703703703703,77.89999999999999,77.33333333333333,276.8,53.46666666666667,15.0,15.680000000000001,31.299999999999997,75.06666666666666,120.0,21.26,31.0,16.299999999999997,78.6,76.2258064516129,276.8,53.46666666666667
South East,1993,95.0,119.0,143.0,162.0,52.0,1577.7000000000003,1.1609963434109534,25.0,10.32,62.8,80.68,348.8,38.300000000000004,53.0,14.067924528301889,142.9,77.94339622641509,575.9999999999999,72.26666666666667,29.0,15.586206896551724,100.99999999999999,79.13793103448276,315.2,51.04,15.0,16.246666666666663,68.5,79.86666666666666,152.0,29.34,31.0,15.383870967741935,101.2,78.87096774193549,318.4,51.04
South East,1994,95.0,124.0,149.0,171.0,47.0,1461.7999999999993,1.0123837671276317,30.0,8.856666666666667,53.0,77.6,360.00000000000006,29.04,48.0,12.729166666666666,112.5,78.16666666666667,563.2,75.23333333333335,23.0,13.77826086956522,24.5,74.56521739130434,148.8,14.46,15.0,14.593333333333334,10.799999999999999,74.33333333333333,76.8,3.7600000000000007,31.0,13.170967741935483,62.199999999999996,77.0,284.79999999999995,38.733333333333334
South East,1995,92.0,118.0,143.0,166.0,53.0,1512.1000000000004,1.0991093708696713,27.0,9.41111111111111,13.799999999999999,75.55555555555556,227.2,3.1599999999999997,54.0,12.75925925925926,61.1,72.14814814814815,371.2,18.706666666666667,29.0,13.696551724137931,37.800000000000004,74.72413793103448,232.0,8.906666666666666,15.0,13.32,12.5,74.13333333333334,147.2,0.30666666666666664,31.0,13.574193548387095,39.0,74.48387096774194,256.0,8.906666666666666
South East,1996,115.0,144.0,164.0,184.0,28.0,1265.9999999999993,0.80418967399613,30.0,8.886666666666667,56.60000000000001,75.13333333333334,360.0,36.4,29.0,14.975862068965515,18.500000000000004,73.17241379310344,164.8,7.1066666666666665,9.0,15.088888888888887,1.7,66.33333333333333,24.0,0.0,15.0,16.55333333333333,3.5999999999999996,68.6,56.0,0.0,31.0,14.683870967741935,28.7,73.64516129032258,212.8,17.306666666666665
South East,1997,93.0,121.0,145.0,165.0,50.0,1521.5000000000011,1.1130480458596497,29.0,9.065517241379311,13.100000000000001,71.0,80.0,6.2,51.0,13.74313725490196,79.2,74.6078431372549,588.8,40.379999999999995,27.0,15.081481481481479,36.8,72.48148148148148,262.4,12.3,15.0,16.086666666666666,30.7,76.0,190.39999999999998,12.3,31.0,14.564516129032256,39.3,72.16129032258064,286.4,14.8
South East,1998,86.0,114.0,138.0,159.0,57.0,1605.3999999999999,1.2064488364226658,29.0,8.889655172413793,107.7,83.3103448275862,585.6000000000001,88.18,58.0,13.556896551724138,114.4,79.63793103448276,737.5999999999999,67.0,34.0,14.126470588235295,94.1,79.70588235294117,505.6,51.5,15.0,14.573333333333332,49.1,82.13333333333334,281.6,34.0,31.0,14.077419354838709,92.4,80.35483870967742,481.6,51.49999999999999
South East,1999,89.0,115.0,139.0,161.0,56.0,1585.3000000000006,1.1978092422072137,27.0,9.588888888888889,53.300000000000004,81.33333333333333,415.99999999999994,32.586666666666666,57.0,13.614035087719298,95.6,77.21052631578948,603.2,37.68,33.0,14.515151515151516,69.39999999999999,76.81818181818181,355.19999999999993,25.413333333333334,15.0,14.806666666666665,24.800000000000004,75.93333333333334,152.0,12.873333333333335,31.0,14.477419354838709,63.0,76.41935483870968,307.20000000000005,19.013333333333335
South East,2000,89.0,119.0,141.0,164.0,53.0,1575.5,1.176269180389239,31.0,8.312903225806451,129.9,81.29032258064517,569.6,98.86666666666666,54.0,14.011111111111108,135.8,80.03703703703704,766.4000000000001,68.8,32.0,14.365625,88.70000000000002,78.28125,401.59999999999997,44.95333333333333,15.0,16.640000000000004,13.100000000000001,76.26666666666667,128.0,0.0,31.0,14.470967741935485,88.3,78.41935483870968,401.59999999999997,44.95333333333333
South East,2001,103.0,132.0,154.0,175.0,39.0,1375.8000000000002,0.9368792834259865,30.0,8.67,49.1,77.53333333333333,403.2,32.79333333333334,40.0,13.8075,46.9,72.0,246.4,22.8,18.0,13.755555555555555,33.400000000000006,69.0,120.0,22.3,15.0,13.92,33.400000000000006,70.53333333333333,120.0,22.3,31.0,14.019354838709678,36.10000000000001,70.70967741935483,185.60000000000002,22.3
South East,2002,78.0,108.0,134.0,156.0,63.0,1640.1999999999994,1.2685735757581793,31.0,8.658064516129032,20.2,76.87096774193549,256.0,10.566666666666666,64.0,12.942187500000001,164.2,79.515625,969.5999999999999,80.75333333333333,38.0,14.228947368421053,99.80000000000001,80.26315789473684,542.4,37.766666666666666,15.0,15.146666666666668,29.600000000000005,82.6,246.4,15.073333333333332,31.0,14.196774193548388,95.2,80.41935483870968,472.0,36.91333333333333
South East,2003,98.0,122.0,146.0,164.0,49.0,1539.9999999999998,1.1504822873946685,25.0,10.54,29.6,72.88,217.60000000000002,7.186666666666666,50.0,14.594000000000001,92.1,75.32,499.2,47.86666666666667,26.0,16.93846153846154,53.4,75.46153846153847,227.20000000000002,28.68,15.0,17.15333333333333,20.200000000000003,73.8,118.4,3.68,31.0,16.306451612903224,59.199999999999996,76.09677419354838,291.2,28.826666666666664
South East,2004,93.0,119.0,144.0,163.0,53.0,1560.1,1.1810451087712877,27.0,9.696296296296296,46.5,78.88888888888889,344.0,21.913333333333338,54.0,14.079629629629629,85.1,76.53703703703704,513.5999999999999,46.093333333333334,29.0,15.679310344827588,25.1,73.06896551724138,180.8,5.493333333333333,15.0,17.04,9.8,71.66666666666667,57.6,0.29333333333333333,31.0,15.351612903225805,25.5,72.90322580645162,180.8,5.493333333333333
South East,2005,94.0,120.0,146.0,167.0,51.0,1510.6999999999994,1.1041322751759055,27.0,9.570370370370371,61.8,80.48148148148148,425.59999999999997,37.120000000000005,52.0,13.467307692307688,52.900000000000006,75.90384615384616,542.4000000000001,13.233333333333334,26.0,15.426923076923078,23.2,75.34615384615384,220.8,3.0066666666666664,15.0,15.746666666666668,5.1,73.46666666666667,81.6,0.0,31.0,15.022580645161293,28.2,76.16129032258064,291.20000000000005,6.706666666666667
South East,2006,109.0,130.0,153.0,171.0,41.0,1414.3999999999996,1.0133984447008946,22.0,11.736363636363638,42.5,79.5,262.40000000000003,26.9,42.0,14.733333333333333,94.79999999999998,77.28571428571429,462.40000000000003,60.413333333333334,19.0,16.92105263157895,25.200000000000003,74.94736842105263,80.0,6.4,15.0,17.59333333333333,24.200000000000006,73.93333333333334,56.00000000000001,6.4,31.0,15.051612903225806,69.39999999999999,76.38709677419355,280.0,42.5
South East,2007,77.0,106.0,129.0,151.0,65.0,1760.3,1.3860902743771777,30.0,9.050000000000002,17.099999999999998,77.73333333333333,238.39999999999998,8.46,66.0,14.066666666666666,133.10000000000002,78.27272727272727,782.4000000000001,99.12666666666667,43.0,14.632558139534883,126.6,81.13953488372093,689.5999999999999,98.12666666666668,15.0,16.62,41.099999999999994,81.53333333333333,233.6,27.066666666666666,31.0,15.329032258064515,89.0,80.87096774193549,451.2,64.62666666666667
South East,2008,89.0,119.0,140.0,161.0,53.0,1592.0999999999995,1.20292873281319,31.0,8.46774193548387,52.400000000000006,78.74193548387096,398.4,31.280000000000005,54.0,14.32777777777778,135.39999999999998,76.61111111111111,480.0,72.10666666666667,33.0,14.575757575757576,101.69999999999999,77.0,305.6,56.16,15.0,14.780000000000001,20.3,74.93333333333334,97.6,0.0,31.0,14.864516129032259,101.7,77.70967741935483,305.6,56.16
South East,2009,103.0,125.0,149.0,170.0,46.0,1452.5000000000002,1.0345731941203884,23.0,11.073913043478262,40.7,77.3913043478261,214.4,33.0,47.0,13.668085106382978,71.80000000000001,75.2127659574468,408.0,43.92,23.0,14.617391304347828,30.1,73.3913043478261,187.2,15.100000000000001,15.0,14.593333333333335,27.3,73.6,150.39999999999998,15.100000000000001,31.0,14.412903225806453,50.8,74.0,267.19999999999993,33.5
South East,2010,115.0,140.0,160.0,179.0,31.0,1252.2000000000005,0.824859841710109,26.0,10.088461538461539,34.8,75.92307692307692,220.8,13.673333333333332,32.0,14.271875,52.3,75.46875,249.60000000000002,22.353333333333335,12.0,13.666666666666666,23.0,76.58333333333333,89.60000000000001,17.053333333333335,15.0,14.16,38.199999999999996,77.13333333333334,161.60000000000002,22.35333333333333,31.0,14.212903225806452,52.1,75.45161290322581,248.00000000000003,22.35333333333333
South East,2011,91.0,112.0,134.0,155.0,59.0,1630.7000000000003,1.2671544828274106,22.0,12.063636363636364,1.7000000000000002,72.86363636363636,72.0,0.0,60.0,13.868333333333332,63.70000000000001,70.05,376.0,35.46,38.0,13.918421052631578,53.70000000000001,71.89473684210526,310.4,30.16,15.0,13.793333333333333,49.50000000000001,76.66666666666667,235.20000000000002,30.16,31.0,14.0,52.600000000000016,72.74193548387096,300.8,30.16
South East,2012,91.0,122.0,147.0,168.0,50.0,1471.4,1.0820342388792923,32.0,8.175,128.7,79.9375,489.6,87.70666666666668,51.0,13.192156862745097,166.8,79.43137254901961,712.0,135.11333333333334,26.0,14.546153846153848,100.3,78.5,352.0,78.06666666666666,15.0,13.82,71.5,79.8,220.79999999999998,55.48666666666667,31.0,14.858064516129035,100.3,78.87096774193549,401.6,78.06666666666666
South East,2013,123.0,146.0,169.0,188.0,25.0,1164.8999999999999,0.6960698364201203,24.0,10.816666666666668,49.6,76.33333333333333,276.8,15.566666666666666,26.0,13.399999999999999,26.0,77.65384615384616,262.4,2.9,3.0,17.9,4.0,83.33333333333333,57.6,2.9,15.0,14.366666666666667,9.7,78.2,174.4,2.9,31.0,12.809677419354838,40.199999999999996,77.25806451612904,321.6,12.200000000000001
South East,2014,78.0,104.0,131.0,153.0,67.0,1700.6999999999996,1.345780124675423,27.0,9.92222222222222,26.6,78.22222222222223,281.6,18.133333333333333,68.0,13.163235294117646,167.0,77.44117647058823,784.0,90.25999999999999,41.0,14.602439024390243,94.30000000000001,76.58536585365853,460.8,47.8,15.0,16.326666666666668,18.7,73.86666666666666,96.0,0.0,31.0,14.91935483870968,77.8,77.64516129032258,364.8,36.9
South East,2015,100.0,125.0,150.0,170.0,46.0,1427.8,1.0194642923023625,26.0,10.030769230769229,28.4,75.73076923076923,249.60000000000002,14.866666666666667,47.0,13.32127659574468,52.8,72.57446808510639,398.4,11.32,22.0,14.51818181818182,17.0,71.0909090909091,152.0,0.32,15.0,14.853333333333335,12.600000000000001,70.4,91.2,0.32,31.0,14.029032258064515,23.399999999999995,71.61290322580645,214.4,1.02
South East,2016,95.0,126.0,148.0,168.0,46.0,1484.2000000000003,1.082693745922867,32.0,8.296875,60.6,77.125,424.0,27.880000000000003,47.0,14.289361702127657,119.99999999999999,79.8936170212766,592.0000000000001,63.940000000000005,25.0,14.867999999999997,78.2,82.96,366.4,38.78666666666667,15.0,15.56,69.2,82.93333333333334,236.79999999999998,36.97333333333333,31.0,14.464516129032257,89.89999999999999,82.09677419354838,433.6,46.56666666666667
South East,2017,93.0,120.0,145.0,163.0,51.0,1578.6999999999991,1.1814516684338894,28.0,9.192857142857141,14.600000000000001,72.25,169.6,1.9200000000000004,52.0,14.590384615384616,112.30000000000001,76.73076923076923,558.4,79.04666666666665,27.0,16.825925925925926,34.8,75.22222222222223,203.20000000000002,11.346666666666668,15.0,17.086666666666662,17.0,73.8,81.6,9.4,31.0,16.654838709677417,35.0,75.35483870967742,219.2,11.346666666666668
South East,2018,106.0,127.0,149.0,169.0,44.0,1481.4999999999998,1.0628068956586112,22.0,11.577272727272726,47.2,77.4090909090909,209.6,25.46,45.0,14.859999999999998,57.0,79.26666666666667,433.59999999999997,19.093333333333334,23.0,15.847826086956525,31.799999999999997,80.52173913043478,238.39999999999998,15.633333333333333,15.0,15.573333333333334,7.8,77.93333333333334,100.80000000000001,0.0,31.0,15.883870967741936,44.3,80.90322580645162,374.4,19.093333333333334
South East,2019,97.0,122.0,148.0,170.0,49.0,1462.1999999999996,1.0314573626699362,26.0,9.826923076923077,39.1,75.76923076923077,249.6,26.813333333333333,50.0,12.672,142.00000000000003,77.02,587.2,45.44,24.0,14.070833333333333,91.9,79.45833333333333,334.4,23.826666666666668,15.0,13.666666666666666,78.9,80.73333333333333,241.59999999999997,21.826666666666668,31.0,14.193548387096774,95.10000000000001,77.48387096774194,364.79999999999995,23.826666666666668
South East,2020,85.0,112.0,140.0,159.0,60.0,1635.3000000000002,1.2396470588235295,28.0,9.282142857142857,6.4,69.25,83.2,2.4,61.0,13.254098360655734,88.0,70.32786885245902,372.8,52.27333333333333,33.0,15.309090909090909,57.3,70.27272727272727,249.60000000000002,32.873333333333335,15.0,14.553333333333336,52.6,77.8,225.60000000000002,32.873333333333335,31.0,15.183870967741935,57.300000000000004,70.38709677419355,249.60000000000002,32.873333333333335
South East,2021,109.0,138.0,160.0,178.0,33.0,1336.0999999999997,0.8876470588235289,30.0,8.833333333333334,65.6,74.63333333333334,388.8,38.86,34.0,14.87058823529412,93.5,78.11764705882354,395.20000000000005,69.75999999999999,12.0,17.483333333333334,46.39999999999999,80.58333333333333,136.0,27.3,15.0,17.28666666666667,46.89999999999999,79.93333333333334,147.2,27.3,31.0,15.267741935483873,87.19999999999999,77.96774193548387,337.6,64.25999999999999
South East,2022,88.0,116.0,140.0,162.0,55.0,1581.5,1.186035542802294,29.0,9.027586206896553,29.000000000000004,74.41379310344827,291.2,13.220000000000002,56.0,13.594642857142857,90.9,75.67857142857143,532.8,37.586666666666666,32.0,14.396875,57.0,75.21875,344.0,27.080000000000002,15.0,16.073333333333334,20.5,72.8,107.2,9.4,31.0,14.432258064516128,55.8,75.25806451612904,320.0,27.08
South East,2023,92.0,122.0,146.0,166.0,49.0,1510.3999999999996,1.1127187311160027,31.0,8.538709677419355,88.80000000000001,79.58064516129032,448.00000000000006,52.193333333333335,50.0,13.95,73.0,76.06,340.8,35.826666666666675,26.0,15.650000000000002,32.0,72.96153846153847,91.2,1.0666666666666667,15.0,17.993333333333332,32.0,71.66666666666667,72.0,1.0666666666666667,31.0,15.180645161290322,32.2,73.19354838709677,97.60000000000001,1.0666666666666667
South East,2024,83.0,108.0,136.0,158.0,64.0,1626.9999999999995,1.2321571165658665,26.0,9.892307692307693,65.1,78.23076923076923,488.0,40.486666666666665,65.0,12.303076923076922,156.20000000000002,77.92307692307692,787.2,84.42000000000002,37.0,13.605405405405408,67.39999999999999,77.24324324324324,420.80000000000007,29.400000000000002,15.0,13.306666666666668,17.3,74.13333333333334,134.39999999999998,5.1,31.0,13.535483870967743,52.5,76.19354838709677,336.0,24.340000000000003
South East,2025,102.0,123.0,147.0,166.0,48.0,1532.7000000000003,1.1189411764705883,22.0,11.781818181818181,28.2,75.81818181818181,126.4,7.366666666666666,49.0,14.530612244897961,56.3,72.81632653061224,350.40000000000003,17.7,25.0,16.52,42.0,73.96,220.8,17.7,15.0,17.413333333333338,27.099999999999998,71.26666666666667,105.6,17.7,31.0,15.819354838709677,52.3,74.25806451612904,297.6,17.7
South East,2026,85.0,111.0,137.0,153.0,60.0,1713.4999999999995,1.3316470588235287,27.0,9.596296296296297,7.8,73.88888888888889,140.79999999999998,0.0,61.0,14.472131147540981,104.39999999999999,73.0,521.6,42.19333333333333,35.0,16.874285714285712,86.3,74.91428571428571,379.2,37.193333333333335,15.0,15.86666666666667,49.900000000000006,80.4,222.39999999999998,24.79333333333333,31.0,17.432258064516127,76.8,74.48387096774194,324.80000000000007,32.49333333333333
South West,1971,107.0,132.0,155.0,179.0,39.0,1340.8999999999999,0.8755825927421149,26.0,10.123076923076923,51.7,78.5,316.8,46.099999999999994,40.0,12.49,148.9,79.425,513.6,106.88666666666668,17.0,12.305882352941177,105.30000000000001,81.17647058823529,267.2,87.52666666666666,15.0,12.013333333333332,105.30000000000001,82.53333333333333,267.2,87.52666666666667,31.0,12.33225806451613,138.2,80.54838709677419,454.4,106.88666666666667
South West,1972,100.0,128.0,158.0,183.0,44.0,1328.3999999999994,0.8481613586619409,29.0,8.786206896551725,57.099999999999994,77.6896551724138,347.2,22.606666666666666,45.0,10.633333333333335,124.4,79.97777777777777,881.6,101.42,15.0,11.433333333333334,45.10000000000001,80.8,276.8,38.56666666666667,15.0,11.433333333333334,45.10000000000001,80.8,276.8,38.56666666666667,31.0,11.261290322580646,81.7,79.61290322580645,580.8,65.45333333333333
South West,1973,110.0,138.0,160.0,179.0,33.0,1330.5,0.8468702238674589,29.0,8.927586206896553,76.40000000000002,78.65517241379311,407.99999999999994,48.25333333333334,34.0,14.014705882352942,64.2,77.88235294117646,387.2,38.69333333333333,12.0,15.074999999999998,16.2,75.33333333333333,91.2,7.766666666666666,15.0,15.293333333333331,16.4,74.86666666666666,96.0,7.766666666666666,31.0,14.099999999999998,51.0,77.19354838709677,332.79999999999995,33.37333333333333
South West,1974,93.0,122.0,149.0,171.0,49.0,1449.8999999999999,1.0041441975989445,30.0,8.719999999999999,33.6,74.8,243.2,13.746666666666666,50.0,12.09,101.0,75.72,561.5999999999999,73.58,23.0,13.630434782608695,34.400000000000006,73.0,219.20000000000002,25.400000000000002,15.0,13.973333333333334,31.3,73.0,176.0,23.466666666666665,31.0,13.167741935483871,46.10000000000001,73.96774193548387,299.2,29.0
South West,1975,105.0,128.0,156.0,174.0,43.0,1421.9999999999995,0.9395575427633348,24.0,10.683333333333332,47.400000000000006,79.5,337.6,33.49333333333334,44.0,12.58409090909091,66.8,72.93181818181819,385.59999999999997,36.96,16.0,16.01875,8.1,69.4375,70.4,0.0,15.0,16.166666666666664,8.1,68.53333333333333,57.6,0.0,31.0,13.380645161290321,20.1,70.06451612903226,176.0,1.5600000000000003
South West,1976,104.0,129.0,154.0,174.0,43.0,1431.0000000000002,0.9780440806757799,26.0,9.8,16.4,73.76923076923077,214.4,7.713333333333333,44.0,13.534090909090908,32.800000000000004,76.38636363636364,348.80000000000007,15.233333333333334,19.0,15.378947368421052,10.3,76.6842105263158,148.8,2.7,15.0,15.906666666666666,9.4,77.46666666666667,145.6,2.7,31.0,14.425806451612901,13.5,76.19354838709677,188.79999999999998,2.7
South West,1977,107.0,136.0,159.0,182.0,35.0,1314.9000000000003,0.8246688003448491,30.0,8.783333333333331,89.2,78.43333333333334,396.8,51.00000000000001,36.0,12.594444444444443,125.2,73.52777777777777,367.99999999999994,100.53333333333332,13.0,11.938461538461537,103.5,82.0,223.99999999999997,100.53333333333333,15.0,11.853333333333333,106.5,81.13333333333334,271.99999999999994,100.53333333333333,31.0,12.938709677419356,118.10000000000001,74.0,343.99999999999994,100.53333333333333
South West,1978,119.0,142.0,162.0,184.0,29.0,1298.1999999999991,0.8028022214393575,24.0,10.608333333333333,42.4,80.5,289.6,18.360000000000003,30.0,14.68,16.5,73.5,176.0,2.9,10.0,13.790000000000001,5.0,69.5,48.0,0.0,15.0,13.873333333333333,10.600000000000001,71.73333333333333,120.0,2.9,31.0,14.587096774193547,16.7,73.58064516129032,177.60000000000002,2.9
South West,1979,132.0,154.0,175.0,194.0,17.0,1104.2999999999997,0.5919217704035615,23.0,11.560869565217393,101.20000000000002,83.52173913043478,448.0,79.82,18.0,14.305555555555555,19.200000000000003,80.77777777777777,236.8,6.300000000000001,,,,,,,15.0,14.159999999999998,19.1,80.6,204.8,6.300000000000001,31.0,12.916129032258068,106.49999999999999,81.80645161290323,494.40000000000003,74.84
South West,1980,107.0,134.0,157.0,179.0,38.0,1354.6000000000006,0.9035303670812875,28.0,9.625,28.300000000000004,75.0,204.8,12.926666666666666,39.0,13.335897435897433,126.0,76.07692307692308,403.2,80.36666666666667,16.0,13.74375,91.7,81.875,257.6,74.56666666666666,15.0,13.506666666666668,83.8,81.86666666666666,233.6,72.46000000000001,31.0,13.116129032258062,118.80000000000001,79.06451612903226,379.2,80.36666666666667
South West,1981,98.0,128.0,153.0,174.0,43.0,1400.4999999999995,0.9476916765702149,31.0,8.574193548387095,66.10000000000001,80.0,459.2,43.493333333333325,44.0,12.718181818181817,134.89999999999998,83.5,840.0,112.80000000000001,19.0,13.657894736842104,37.0,81.15789473684211,288.0,29.060000000000002,15.0,13.786666666666667,17.2,80.66666666666667,206.4,10.76,31.0,13.087096774193547,85.69999999999999,82.93548387096774,560.0000000000001,71.3
South West,1982,101.0,130.0,152.0,170.0,41.0,1479.1,1.0190193836562251,30.0,8.610000000000001,29.500000000000004,75.1,188.8,19.1,42.0,14.742857142857142,100.19999999999999,77.26190476190476,467.20000000000005,37.50000000000001,20.0,16.12,81.99999999999999,78.85,294.40000000000003,23.4,15.0,15.373333333333333,62.50000000000001,77.26666666666667,196.79999999999998,10.5,31.0,15.338709677419354,96.89999999999999,78.29032258064517,396.8,37.5
South West,1983,101.0,131.0,158.0,178.0,40.0,1325.7,0.8754117647058822,31.0,8.303225806451614,120.5,82.90322580645162,609.6,104.56666666666666,41.0,12.204878048780488,124.4,80.70731707317073,625.5999999999999,85.58,14.0,14.05,25.2,77.07142857142857,116.8,0.0,15.0,14.013333333333334,25.2,76.6,116.8,0.0,31.0,12.929032258064517,70.7,79.6774193548387,400.0,33.599999999999994
South West,1984,113.0,135.0,161.0,179.0,37.0,1328.8999999999992,0.8791764705882341,23.0,10.956521739130435,5.4,64.04347826086956,52.8,0.0,38.0,13.331578947368422,106.6,79.07894736842105,486.40000000000003,80.23333333333333,12.0,17.025000000000002,3.2,78.91666666666667,105.6,0.0,15.0,16.566666666666666,8.2,79.0,139.2,1.3066666666666666,31.0,13.86774193548387,86.4,79.64516129032258,398.40000000000003,68.43333333333334
South West,1985,119.0,142.0,165.0,186.0,29.0,1225.1999999999998,0.750223215050171,24.0,10.825000000000001,28.599999999999998,78.625,222.39999999999998,14.7,30.0,13.096666666666668,56.6,75.23333333333333,328.0,29.020000000000003,7.0,12.585714285714285,4.4,73.57142857142857,41.6,0.9,15.0,12.259999999999998,27.299999999999997,75.0,161.6,9.360000000000001,31.0,13.074193548387099,62.9,75.61290322580645,352.0,35.32
South West,1986,130.0,152.0,174.0,191.0,19.0,1109.3999999999999,0.6065897771440039,23.0,11.247826086956522,64.39999999999999,81.43478260869566,321.59999999999997,31.506666666666664,20.0,13.725,23.9,77.9,166.39999999999998,20.560000000000002,,,,,,,15.0,14.16,23.6,77.06666666666666,112.0,20.56,31.0,12.790322580645162,37.4,78.7741935483871,291.2,24.666666666666664
South West,1987,116.0,139.0,164.0,185.0,32.0,1228.7000000000003,0.7549470372338387,24.0,10.637500000000001,25.8,76.54166666666667,201.6,6.1,33.0,12.172727272727272,73.3,78.21212121212122,384.0,34.593333333333334,8.0,11.725,20.5,78.875,110.4,14.399999999999999,15.0,11.606666666666666,27.599999999999998,77.33333333333333,158.4,19.2,31.0,12.261290322580644,73.3,78.48387096774194,384.0,34.593333333333334
South West,1988,96.0,125.0,148.0,170.0,47.0,1496.0999999999997,1.0525855026598827,30.0,8.926666666666666,53.89999999999999,80.43333333333334,384.0,43.10666666666666,48.0,13.439583333333337,69.8,77.02083333333333,472.0,43.946666666666665,25.0,13.988000000000001,36.5,77.32,232.0,24.513333333333332,15.0,15.313333333333333,2.0,75.13333333333334,67.2,0.0,31.0,13.667741935483871,55.2,77.0,305.59999999999997,36.71333333333333
South West,1989,84.0,118.0,141.0,163.0,53.0,1607.8,1.1906192509108438,35.0,7.354285714285713,90.80000000000001,80.08571428571429,547.2,69.14,54.0,14.125925925925925,38.9,74.46296296296296,489.59999999999997,18.119999999999997,31.0,15.280645161290327,31.799999999999997,71.51612903225806,259.20000000000005,18.12,15.0,16.486666666666665,17.9,72.53333333333333,123.2,12.200000000000001,31.0,15.280645161290327,31.799999999999997,71.51612903225806,259.20000000000005,18.12
South West,1990,72.0,103.0,129.0,152.0,68.0,1690.1000000000001,1.3099030277488026,32.0,8.184375000000001,28.799999999999997,77.21875,291.2,9.766666666666667,69.0,12.565217391304348,81.4,73.40579710144928,598.3999999999999,28.686666666666667,43.0,13.306976744186047,57.09999999999999,73.27906976744185,356.8,17.74666666666667,15.0,13.5,27.0,76.66666666666667,172.8,13.16,31.0,13.54516129032258,43.89999999999999,72.93548387096774,276.8,13.16
South West,1991,103.0,133.0,157.0,180.0,38.0,1314.7,0.8571954699394254,31.0,8.351612903225806,55.199999999999996,76.12903225806451,252.80000000000004,18.233333333333334,39.0,12.528205128205128,51.199999999999996,78.15384615384616,369.59999999999997,26.613333333333333,15.0,12.493333333333334,44.699999999999996,81.13333333333334,243.2,26.613333333333333,15.0,12.493333333333334,44.699999999999996,81.13333333333334,243.2,26.613333333333333,31.0,12.674193548387096,51.199999999999996,78.06451612903226,305.59999999999997,26.613333333333333
South West,1992,99.0,126.0,147.0,167.0,46.0,1527.0000000000007,1.096401246622671,28.0,9.342857142857142,53.89999999999999,79.0,364.8,36.57333333333334,47.0,14.646808510638298,85.99999999999999,76.31914893617021,440.0,44.513333333333335,26.0,15.246153846153845,63.5,77.11538461538461,278.4,36.91333333333333,15.0,15.646666666666667,12.6,73.86666666666666,86.4,7.1066666666666665,31.0,15.619354838709677,67.3,76.09677419354838,305.6,36.913333333333334
South West,1993,89.0,117.0,142.0,162.0,54.0,1585.6999999999998,1.1624242901320128,29.0,9.334482758620691,105.80000000000001,84.51724137931035,536.0,76.46666666666665,55.0,13.425454545454546,156.8,79.43636363636364,793.6000000000001,100.28,30.0,14.923333333333334,114.50000000000001,82.73333333333333,454.4,68.56,15.0,15.453333333333337,59.2,83.46666666666667,209.59999999999997,33.959999999999994,31.0,14.793548387096774,114.5,82.58064516129032,459.2,68.55999999999999
South West,1994,91.0,122.0,149.0,171.0,49.0,1459.9999999999998,1.0115925114027662,32.0,8.196875,63.099999999999994,77.4375,424.0,39.42,50.0,12.306,115.69999999999999,77.94,516.8,80.34,23.0,13.569565217391307,14.8,75.69565217391305,116.79999999999998,11.0,15.0,14.459999999999999,1.1,74.86666666666666,41.60000000000001,0.0,31.0,12.98709677419355,54.0,78.0,260.80000000000007,48.7
South West,1995,92.0,119.0,145.0,168.0,52.0,1491.6999999999996,1.059392321889674,28.0,9.235714285714286,34.0,77.17857142857143,259.20000000000005,2.5,53.0,12.350943396226413,62.6,74.09433962264151,404.79999999999995,29.139999999999997,27.0,13.28888888888889,37.1,75.70370370370371,228.8,19.939999999999998,15.0,13.540000000000001,2.3,73.46666666666667,64.0,0.0,31.0,13.229032258064517,39.900000000000006,75.2258064516129,252.8,19.939999999999998
South West,1996,111.0,140.0,164.0,184.0,32.0,1272.5,0.8072072082912531,30.0,8.406666666666666,81.10000000000001,75.43333333333334,347.2,68.0,33.0,13.363636363636363,77.90000000000002,80.36363636363636,441.6,50.346666666666664,9.0,15.488888888888889,3.7,72.55555555555556,24.0,0.0,15.0,15.386666666666667,17.1,76.13333333333334,100.8,3.146666666666667,31.0,13.72258064516129,61.2,80.29032258064517,393.6,35.14666666666667
South West,1997,91.0,118.0,145.0,165.0,53.0,1510.5000000000007,1.1027914050329723,28.0,9.053571428571429,20.400000000000002,74.60714285714286,145.60000000000002,8.72,54.0,12.964814814814817,164.00000000000003,78.24074074074075,835.2,135.22666666666666,27.0,14.41111111111111,68.7,76.07407407407408,387.2,48.96,15.0,14.553333333333333,56.8,82.33333333333333,312.0,45.699999999999996,31.0,14.009677419354839,77.89999999999999,76.29032258064517,428.79999999999995,57.26
South West,1998,85.0,116.0,139.0,160.0,55.0,1583.4999999999998,1.1782317534637767,32.0,8.121875000000001,131.3,84.375,673.6,114.92666666666665,56.0,13.567857142857141,128.5,78.96428571428571,723.2,80.84666666666666,33.0,13.857575757575757,95.5,79.18181818181819,440.00000000000006,56.70666666666666,15.0,14.020000000000001,53.699999999999996,82.06666666666666,254.4,35.300000000000004,31.0,13.641935483870967,95.5,79.74193548387096,440.00000000000006,56.70666666666666
South West,1999,89.0,117.0,141.0,163.0,54.0,1551.4999999999998,1.1430662270442717,29.0,9.155172413793103,97.39999999999999,83.6896551724138,548.8,73.69333333333333,55.0,13.178181818181818,96.69999999999999,78.92727272727272,656.0,72.52000000000001,31.0,13.638709677419353,64.99999999999999,78.96774193548387,385.6,50.44,15.0,13.713333333333336,8.6,77.06666666666666,121.60000000000001,5.8,31.0,13.638709677419353,64.99999999999999,78.96774193548387,385.6,50.44
South West,2000,91.0,123.0,146.0,169.0,49.0,1511.3000000000006,1.0820288679131425,33.0,7.842424242424243,137.70000000000002,82.12121212121212,528.0,113.52000000000001,50.0,13.517999999999999,114.89999999999999,81.44,792.0,82.03999999999999,27.0,13.94814814814815,55.1,80.33333333333333,369.6,40.526666666666664,15.0,15.660000000000002,6.4,79.46666666666667,142.4,1.1600000000000001,31.0,13.629032258064518,67.19999999999999,80.90322580645162,454.4,47.739999999999995
South West,2001,102.0,132.0,154.0,175.0,39.0,1370.0999999999995,0.9264158448382708,31.0,8.719354838709679,49.39999999999999,76.29032258064517,265.6,18.9,40.0,13.5,46.8,74.125,240.0,33.74666666666667,18.0,13.366666666666667,28.400000000000002,71.94444444444444,107.2,22.5,15.0,13.426666666666668,25.1,72.8,83.19999999999999,22.5,31.0,13.89032258064516,31.2,72.96774193548387,160.00000000000003,22.5
South West,2002,79.0,108.0,136.0,159.0,63.0,1600.3,1.2053135602839162,30.0,8.596666666666666,14.500000000000002,78.26666666666667,296.0,6.966666666666667,64.0,12.126562499999999,168.3,80.515625,1036.8000000000002,117.08666666666667,36.0,13.480555555555558,113.3,81.33333333333333,670.4000000000001,89.54666666666665,15.0,14.23333333333333,31.000000000000004,83.53333333333333,299.2,26.1,31.0,13.300000000000002,98.5,81.38709677419355,580.8000000000001,81.53333333333333
South West,2003,93.0,118.0,145.0,165.0,53.0,1512.5,1.1246710142431129,26.0,9.984615384615385,32.099999999999994,71.5,193.60000000000002,21.700000000000003,54.0,13.187037037037037,121.60000000000001,80.18518518518519,742.4000000000001,92.15333333333334,27.0,15.392592592592594,31.8,79.62962962962963,318.4,17.866666666666667,15.0,15.886666666666665,24.999999999999996,78.26666666666667,174.39999999999998,17.0,31.0,15.02258064516129,41.400000000000006,80.3225806451613,408.0,23.953333333333333
South West,2004,93.0,120.0,145.0,165.0,52.0,1537.1999999999991,1.1451185284672665,28.0,9.282142857142858,74.39999999999999,81.14285714285714,436.79999999999995,50.940000000000005,53.0,13.745283018867925,82.60000000000001,78.66037735849056,577.6,68.24,28.0,15.460714285714285,24.500000000000004,76.71428571428571,259.2,16.166666666666668,15.0,16.34,7.3,75.0,92.8,1.8666666666666665,31.0,15.032258064516132,24.8,75.80645161290323,259.20000000000005,16.166666666666668
South West,2005,93.0,121.0,147.0,169.0,50.0,1480.3999999999996,1.063644827266738,29.0,9.193103448275863,90.10000000000001,82.37931034482759,548.8,74.77999999999999,51.0,12.937254901960783,88.5,78.52941176470588,503.99999999999994,61.20666666666666,25.0,14.776000000000002,35.2,79.76,241.6,14.10666666666667,15.0,15.6,12.1,78.2,129.6,3.9,31.0,14.338709677419354,57.2,80.2258064516129,329.6,35.00666666666667
South West,2006,110.0,132.0,156.0,174.0,39.0,1396.6999999999994,0.9657381119966666,23.0,11.491304347826087,56.00000000000001,82.82608695652173,356.8,39.18666666666667,40.0,14.415000000000001,96.3,78.85,483.20000000000005,86.4,16.0,16.9875,23.2,75.6875,147.20000000000002,18.299999999999997,15.0,17.066666666666666,23.199999999999996,75.66666666666667,145.6,18.299999999999997,31.0,14.858064516129037,65.5,77.09677419354838,308.79999999999995,58.8
South West,2007,76.0,105.0,128.0,152.0,66.0,1733.8999999999999,1.362167177890401,30.0,8.766666666666667,15.299999999999999,76.23333333333333,224.00000000000006,1.6533333333333333,67.0,13.68507462686567,174.79999999999998,78.58208955223881,915.1999999999999,117.93333333333331,44.0,13.865909090909094,157.5,81.52272727272727,732.8,110.53333333333332,15.0,15.966666666666667,44.5,82.86666666666666,283.2,38.43333333333334,31.0,14.477419354838709,99.89999999999999,81.3225806451613,496.0,57.733333333333334
South West,2008,89.0,120.0,143.0,163.0,52.0,1558.8000000000002,1.1475729090419076,32.0,8.0625,81.5,80.625,513.6,54.86,53.0,13.809433962264151,162.49999999999997,78.43396226415095,699.1999999999999,119.65333333333334,30.0,14.2,114.60000000000001,79.53333333333333,443.2,83.08666666666667,15.0,14.146666666666667,11.900000000000002,76.33333333333333,158.4,4.9,31.0,14.122580645161289,114.60000000000002,79.25806451612904,443.2,83.08666666666667
South West,2009,105.0,130.0,153.0,174.0,41.0,1401.6000000000004,0.9487994436670718,26.0,10.388461538461538,37.1,79.65384615384616,352.00000000000006,23.093333333333334,42.0,13.28095238095238,87.4,76.5,432.0,39.626666666666665,19.0,13.857894736842104,47.400000000000006,75.6842105263158,204.8,25.78666666666667,15.0,13.406666666666666,47.300000000000004,78.46666666666667,204.8,25.78666666666667,31.0,13.974193548387095,61.4,75.7741935483871,283.2,25.78666666666667
South West,2010,117.0,142.0,162.0,181.0,29.0,1259.8000000000004,0.8024980237521341,26.0,10.092307692307692,48.400000000000006,78.73076923076923,276.8,25.36,30.0,14.546666666666669,51.30000000000001,74.26666666666667,241.60000000000002,17.273333333333333,10.0,14.24,5.9,70.7,72.0,2.0,15.0,14.420000000000003,28.699999999999996,75.26666666666667,160.0,17.273333333333333,31.0,14.616129032258065,51.500000000000014,74.51612903225806,252.8,17.273333333333333
South West,2011,91.0,113.0,136.0,159.0,58.0,1576.3999999999999,1.1850590167361308,23.0,11.626086956521737,8.299999999999999,77.78260869565217,190.4,2.32,59.0,12.930508474576271,112.30000000000001,74.61016949152543,569.6,87.00666666666667,36.0,12.925,77.2,76.80555555555556,406.4,59.60666666666667,15.0,12.753333333333332,56.2,80.0,236.79999999999998,50.5,31.0,12.983870967741936,75.60000000000001,76.90322580645162,382.40000000000003,59.60666666666667
South West,2012,89.0,121.0,147.0,169.0,51.0,1468.1999999999998,1.058869631894987,33.0,7.742424242424242,138.40000000000003,80.81818181818181,552.0,120.53999999999998,52.0,12.657692307692312,151.29999999999998,79.92307692307692,760.0,112.52666666666666,26.0,14.107692307692307,94.99999999999999,80.1923076923077,417.6,72.73333333333333,15.0,13.106666666666664,74.39999999999999,81.66666666666667,313.6,62.67333333333333,31.0,14.406451612903227,94.99999999999999,80.12903225806451,457.6,72.73333333333333
South West,2013,119.0,143.0,167.0,187.0,28.0,1205.9,0.733288267913005,25.0,10.316,41.5,75.68,241.6,18.8,29.0,13.124137931034484,52.7,74.93103448275862,334.4,38.13333333333334,5.0,16.18,9.4,79.2,83.2,6.200000000000001,15.0,14.73333333333333,22.200000000000003,76.46666666666667,209.6,11.233333333333333,31.0,13.093548387096773,52.800000000000004,75.16129032258064,348.8,38.13333333333333
South West,2014,83.0,111.0,138.0,160.0,60.0,1598.4,1.2156895309010713,29.0,8.979310344827585,80.50000000000001,81.75862068965517,387.2,48.406666666666666,61.0,12.922950819672131,191.39999999999998,81.01639344262296,886.4000000000001,112.88666666666666,34.0,14.388235294117647,106.1,80.52941176470588,438.4,55.49333333333333,15.0,16.08,18.2,76.86666666666666,94.39999999999999,0.0,31.0,14.361290322580643,98.9,80.61290322580645,387.2,49.89333333333333
South West,2015,101.0,125.0,151.0,172.0,46.0,1425.6999999999998,0.9864894790439238,25.0,10.236,29.300000000000004,73.76,188.8,20.726666666666667,47.0,12.704255319148936,72.5,74.74468085106383,436.8,19.07333333333333,21.0,14.128571428571428,31.1,72.0952380952381,156.8,9.1,15.0,14.6,20.200000000000003,70.86666666666666,84.8,3.0,31.0,13.548387096774194,38.0,73.54838709677419,233.60000000000002,9.1
South West,2016,96.0,127.0,150.0,170.0,45.0,1470.4,1.0495346676499395,32.0,7.921875,54.5,76.96875,340.8,29.72,46.0,14.208695652173908,138.2,81.32608695652173,729.5999999999999,116.27333333333334,23.0,15.321739130434782,77.1,82.82608695652173,395.19999999999993,66.27333333333334,15.0,15.553333333333336,74.6,85.6,328.0,66.27333333333334,31.0,14.629032258064514,94.19999999999999,81.96774193548387,495.99999999999994,81.67333333333333
South West,2017,90.0,118.0,144.0,165.0,53.0,1557.3,1.1483832034801855,29.0,8.841379310344827,19.500000000000004,77.34482758620689,247.99999999999997,11.233333333333334,54.0,13.588888888888889,108.1,78.94444444444444,632.0,70.84,28.0,15.742857142857144,33.8,78.82142857142857,312.0,24.80666666666667,15.0,16.133333333333333,8.1,76.46666666666667,96.0,5.0,31.0,15.577419354838709,34.2,79.0,339.2,24.806666666666665
South West,2018,107.0,130.0,152.0,171.0,41.0,1452.3000000000004,1.0152172003397715,24.0,11.012500000000001,36.3,79.91666666666667,323.2,28.2,42.0,14.680952380952382,90.3,79.92857142857143,555.1999999999999,53.35333333333333,20.0,15.939999999999998,17.400000000000002,80.75,257.6,8.0,15.0,15.879999999999997,14.8,80.13333333333334,198.4,5.7,31.0,15.909677419354837,85.19999999999997,81.41935483870968,460.80000000000007,51.35333333333334
South West,2019,92.0,119.0,147.0,170.0,52.0,1455.2999999999995,1.02314465644135,28.0,9.114285714285716,63.4,76.5,305.6,40.166666666666664,53.0,11.864150943396226,135.9,78.05660377358491,668.8,55.00666666666667,25.0,13.024000000000001,103.99999999999999,80.56,417.6,51.440000000000005,15.0,12.5,93.0,83.13333333333334,308.8,48.040000000000006,31.0,13.14516129032258,107.69999999999999,79.38709677419355,443.2,51.68666666666667
South West,2020,85.0,111.0,138.0,158.0,61.0,1638.5999999999992,1.2435294117647049,27.0,9.507407407407406,13.0,69.03703703703704,83.2,0.0,62.0,13.11290322580645,116.0,70.20967741935483,452.79999999999995,74.68,35.0,14.625714285714286,87.1,71.14285714285714,328.0,61.1,15.0,13.860000000000003,76.6,80.6,270.4,61.1,31.0,14.816129032258065,87.1,70.7741935483871,318.4,61.1
South West,2021,104.0,135.0,159.0,179.0,36.0,1329.7000000000003,0.8801176470588237,32.0,8.221875,95.9,73.71875,384.0,73.1,37.0,13.505405405405405,114.6,79.32432432432432,486.40000000000003,99.27999999999999,13.0,16.00769230769231,23.7,79.76923076923077,136.0,15.18,15.0,15.860000000000003,25.4,80.53333333333333,172.8,15.18,31.0,14.119354838709679,65.39999999999999,78.41935483870968,342.4,50.08
South West,2022,86.0,114.0,139.0,162.0,57.0,1574.8999999999992,1.170333866344657,29.0,8.820689655172414,41.29999999999999,78.17241379310344,364.8,15.86,58.0,13.027586206896551,109.80000000000001,77.22413793103448,651.1999999999999,45.35333333333334,33.0,13.881818181818183,62.5,76.6969696969697,387.2,37.72,15.0,15.1,24.699999999999996,77.0,169.6,11.2,31.0,13.935483870967746,58.2,76.3225806451613,353.6,36.0
South West,2023,93.0,121.0,146.0,165.0,50.0,1547.4000000000003,1.1489035983694589,29.0,8.713793103448275,70.9,80.3103448275862,406.40000000000003,42.286666666666676,51.0,14.452941176470587,96.7,74.72549019607843,406.40000000000003,48.0,26.0,16.553846153846155,39.2,69.11538461538461,121.6,6.746666666666666,15.0,18.313333333333333,39.1,69.93333333333334,121.6,6.746666666666666,31.0,16.096774193548388,39.2,69.70967741935483,121.6,6.746666666666666
South West,2024,85.0,111.0,138.0,161.0,61.0,1594.0000000000002,1.177033838522831,27.0,9.566666666666666,83.8,80.70370370370371,508.8,59.0,62.0,12.14193548387097,185.9,78.7741935483871,852.8,133.32,35.0,13.171428571428569,82.5,77.22857142857143,408.0,62.6,15.0,12.993333333333332,18.6,73.26666666666667,120.0,9.899999999999999,31.0,13.041935483870967,66.5,76.7741935483871,356.8,47.7
South West,2025,96.0,120.0,142.0,162.0,51.0,1597.5,1.195176470588235,25.0,10.475999999999999,63.0,75.16,299.2,44.07333333333333,52.0,14.898076923076921,79.4,69.75,438.40000000000003,48.14666666666667,30.0,15.643333333333334,62.5,76.0,366.4,45.24666666666666,15.0,16.486666666666668,27.4,75.73333333333333,116.8,15.046666666666667,31.0,15.564516129032258,75.0,76.19354838709677,390.40000000000003,45.24666666666667
South West,2026,82.0,109.0,134.0,153.0,62.0,1703.2999999999995,1.3196470588235287,28.0,9.285714285714286,23.599999999999998,79.14285714285714,348.8,11.6,63.0,13.853968253968254,134.7,73.25396825396825,715.2,91.0,38.0,15.271052631578948,98.49999999999999,78.05263157894737,585.6,78.30000000000001,15.0,15.146666666666667,30.900000000000006,81.13333333333334,217.6,23.0,31.0,16.36774193548387,69.6,77.16129032258064,417.6,50.699999999999996
Wales,1971,110.0,135.0,161.0,184.0,36.0,1257.8000000000004,0.7896510193269858,26.0,10.176923076923078,70.3,77.84615384615384,384.0,56.32,37.0,11.513513513513514,139.7,78.83783783783784,521.6,103.83333333333333,11.0,11.127272727272727,87.10000000000001,82.27272727272727,222.4,75.38,15.0,11.346666666666666,99.8,82.26666666666667,294.4,85.38,31.0,11.648387096774192,134.2,80.0,470.40000000000003,103.83333333333333
Wales,1972,110.0,139.0,168.0,194.0,33.0,1206.5,0.7011201186609212,30.0,8.51,75.5,77.43333333333334,395.20000000000005,68.27333333333334,34.0,10.408823529411766,131.6,80.91176470588235,652.8,112.44,5.0,11.52,8.6,82.8,105.6,6.300000000000001,15.0,10.819999999999999,48.6,81.0,260.8,43.70000000000001,31.0,10.48709677419355,125.3,80.87096774193549,616.0,111.26
Wales,1973,114.0,141.0,165.0,184.0,30.0,1261.2,0.7624471219964787,28.0,9.225,63.800000000000004,77.78571428571429,388.79999999999995,33.82666666666667,31.0,13.241935483870966,46.5,77.90322580645162,403.2,31.76,7.0,14.214285714285717,9.7,74.14285714285714,89.6,6.473333333333333,15.0,14.32,10.899999999999999,76.06666666666666,153.6,6.473333333333333,31.0,13.241935483870966,46.5,77.90322580645162,403.2,31.76
Wales,1974,99.0,131.0,158.0,179.0,40.0,1342.0999999999995,0.8648501789912684,33.0,7.890909090909091,75.8,75.3030303030303,315.20000000000005,43.833333333333336,41.0,11.990243902439024,64.5,76.36585365853658,508.8,42.79333333333334,14.0,13.507142857142856,25.700000000000003,73.35714285714286,152.0,15.5,15.0,13.306666666666667,28.3,73.06666666666666,176.0,18.1,31.0,12.341935483870966,39.5,74.58064516129032,345.6,21.226666666666667
Wales,1975,109.0,134.0,160.0,179.0,37.0,1334.3000000000004,0.8490022785544274,26.0,9.969230769230771,49.4,78.96153846153847,372.8,24.52666666666667,38.0,12.63421052631579,24.900000000000002,70.13157894736842,233.60000000000002,9.0,12.0,15.366666666666667,10.200000000000001,68.91666666666667,102.39999999999999,6.1,15.0,15.693333333333333,10.200000000000001,68.4,102.39999999999999,6.1,31.0,13.05483870967742,22.7,68.83870967741936,208.0,9.0
Wales,1976,110.0,137.0,162.0,181.0,35.0,1309.7,0.8260050496249582,28.0,9.482142857142858,30.499999999999996,74.53571428571429,217.60000000000002,10.773333333333333,36.0,12.775,50.899999999999984,79.86111111111111,456.0,34.846666666666664,11.0,14.045454545454545,17.6,82.27272727272727,184.0,14.200000000000001,15.0,14.413333333333332,20.5,81.53333333333333,230.39999999999998,14.200000000000001,31.0,13.24193548387097,27.7,79.64516129032258,360.0,14.946666666666667
Wales,1977,115.0,143.0,167.0,188.0,28.0,1216.7999999999995,0.7096735772588812,29.0,8.879310344827589,61.2,73.51724137931035,302.4,22.500000000000004,29.0,12.475862068965515,63.1,71.86206896551724,336.0,53.8,5.0,12.1,1.7999999999999998,73.6,24.0,0.0,15.0,11.493333333333336,58.099999999999994,76.73333333333333,264.0,53.8,31.0,12.474193548387095,63.1,70.90322580645162,336.0,53.8
Wales,1978,123.0,146.0,167.0,191.0,25.0,1208.1999999999996,0.721686712374902,24.0,10.741666666666667,18.8,77.41666666666667,256.0,0.0,26.0,14.23076923076923,28.199999999999996,73.65384615384616,180.79999999999998,8.2,5.0,13.959999999999999,2.2,71.4,25.6,0.0,15.0,12.906666666666666,18.9,72.8,116.8,5.2,31.0,13.845161290322581,32.2,74.0,238.4,8.2
Wales,1979,139.0,162.0,184.0,204.0,9.0,993.4,0.4528114613593581,24.0,11.087499999999999,79.80000000000001,81.66666666666667,390.4,55.980000000000004,10.0,13.979999999999999,7.3999999999999995,79.5,102.4,0.0,,,,,,,15.0,13.473333333333333,11.099999999999998,80.66666666666667,179.20000000000002,0.0,31.0,12.022580645161288,87.00000000000001,81.64516129032258,489.59999999999997,55.980000000000004
Wales,1980,113.0,138.0,162.0,186.0,34.0,1279.4000000000003,0.8024913793104356,26.0,9.98076923076923,22.0,71.3076923076923,137.6,8.6,35.0,12.642857142857142,102.5,76.57142857142857,435.2,68.47333333333334,11.0,13.081818181818182,73.39999999999999,81.54545454545455,233.6,53.973333333333336,15.0,12.860000000000001,74.39999999999999,80.53333333333333,265.6,53.97333333333333,31.0,12.545161290322582,96.5,77.83870967741936,411.2,68.47333333333333
Wales,1981,103.0,134.0,160.0,183.0,37.0,1304.8000000000002,0.8249002459119931,32.0,8.359375,64.2,77.1875,396.79999999999995,37.13333333333333,38.0,11.934210526315788,173.89999999999998,83.73684210526316,742.4000000000001,152.75333333333333,12.0,12.858333333333333,17.599999999999998,80.5,160.0,16.8,15.0,12.806666666666667,36.900000000000006,81.53333333333333,231.99999999999997,27.813333333333336,31.0,12.248387096774193,122.60000000000001,82.93548387096774,580.8000000000001,105.91333333333333
Wales,1982,109.0,135.0,157.0,178.0,36.0,1382.0000000000002,0.8953667693237926,27.0,9.58148148148148,20.299999999999997,71.25925925925925,176.0,6.4,37.0,13.95945945945946,86.1,79.64864864864865,502.4,21.66,15.0,14.446666666666669,56.3,78.0,193.6,4.300000000000001,15.0,14.446666666666669,56.3,78.0,193.6,4.300000000000001,31.0,14.380645161290325,78.30000000000001,79.35483870967742,409.6,21.66
Wales,1983,111.0,140.0,165.0,186.0,31.0,1213.4000000000005,0.7432941176470593,30.0,8.71,153.00000000000003,84.53333333333333,660.8,138.10666666666665,32.0,11.965625,48.8,79.6875,432.0,29.18,7.0,13.071428571428571,1.7,71.42857142857143,24.0,0.0,15.0,13.08,10.399999999999999,77.06666666666666,158.4,0.0,31.0,12.064516129032256,42.2,79.41935483870968,408.0,22.580000000000002
Wales,1984,117.0,141.0,166.0,186.0,31.0,1243.8000000000002,0.7790588235294118,25.0,10.392000000000001,30.7,65.08,124.8,17.6,32.0,12.946875,80.9,79.125,449.6,53.24000000000001,7.0,16.785714285714285,0.1,81.28571428571429,70.4,0.0,15.0,15.293333333333333,2.7,81.33333333333333,174.4,0.4200000000000001,31.0,13.025806451612903,74.1,79.03225806451613,425.6,53.24000000000001
Wales,1985,124.0,147.0,172.0,193.0,24.0,1125.7999999999997,0.6421116589183925,24.0,10.791666666666666,56.599999999999994,79.75,332.79999999999995,35.74,25.0,12.024,56.5,74.8,264.0,31.52,,,,,,,15.0,11.246666666666666,42.6,76.73333333333333,200.0,20.42,31.0,12.054838709677421,86.80000000000001,76.93548387096774,396.79999999999995,54.21333333333333
Wales,1986,136.0,159.0,179.0,199.0,12.0,1010.4999999999998,0.49997345703707863,24.0,10.745833333333332,55.89999999999999,79.5,294.4,16.426666666666666,13.0,13.869230769230771,42.2,78.07692307692308,108.8,31.3,,,,,,,15.0,13.386666666666667,42.2,77.6,116.8,31.3,31.0,12.019354838709674,61.9,78.61290322580645,315.2,39.56
Wales,1987,120.0,146.0,171.0,191.0,25.0,1134.7999999999997,0.6490534386209648,27.0,10.003703703703705,27.299999999999997,74.55555555555556,259.2,4.9,26.0,11.603846153846153,83.19999999999999,80.42307692307692,350.4,56.126666666666665,1.0,12.2,0.3,80.0,8.0,0.0,15.0,10.913333333333332,33.8,76.93333333333334,161.6,22.7,31.0,11.441935483870967,86.69999999999999,79.35483870967742,403.2,56.126666666666665
Wales,1988,103.0,129.0,155.0,176.0,43.0,1391.8000000000002,0.934601080775823,27.0,9.459259259259259,61.10000000000001,81.11111111111111,384.00000000000006,46.88,44.0,12.663636363636364,100.4,77.31818181818181,462.4,72.46000000000001,18.0,14.011111111111111,20.4,76.0,134.4,16.993333333333332,15.0,14.493333333333334,16.2,76.13333333333334,110.39999999999999,13.193333333333333,31.0,12.790322580645158,93.89999999999999,77.96774193548387,376.00000000000006,72.46000000000001
Wales,1989,88.0,124.0,145.0,168.0,47.0,1507.000000000001,1.071942354547099,37.0,7.248648648648649,86.6,78.54054054054055,521.6,55.15333333333333,48.0,13.779166666666663,50.1,73.54166666666667,448.0,24.099999999999998,27.0,13.951851851851854,35.900000000000006,70.96296296296296,249.6,15.5,15.0,15.72,21.9,72.4,168.0,15.5,31.0,14.496774193548386,43.099999999999994,71.64516129032258,297.6,20.0
Wales,1990,79.0,113.0,137.0,160.0,58.0,1589.6999999999998,1.177757250879386,35.0,7.297142857142856,27.900000000000002,74.25714285714285,395.19999999999993,11.04,59.0,12.9,72.19999999999999,71.33898305084746,360.0,37.3,35.0,13.02,56.49999999999999,70.88571428571429,252.8,29.0,15.0,13.166666666666666,40.1,73.86666666666666,168.0,29.0,31.0,13.087096774193547,56.5,71.29032258064517,251.2,29.0
Wales,1991,112.0,140.0,165.0,187.0,31.0,1213.8999999999999,0.7406392417509985,29.0,9.044827586206896,55.699999999999996,77.34482758620689,296.0,21.313333333333333,32.0,12.0625,57.900000000000006,77.375,296.0,43.38666666666666,7.0,11.514285714285714,9.200000000000001,76.57142857142857,52.800000000000004,7.9,15.0,11.766666666666664,46.9,80.73333333333333,231.99999999999997,43.38666666666666,31.0,12.029032258064515,57.9,77.12903225806451,280.0,43.38666666666666
Wales,1992,102.0,131.0,152.0,172.0,41.0,1435.4000000000003,1.0045791553358934,30.0,8.759999999999998,74.39999999999999,79.9,441.59999999999997,32.84,42.0,14.466666666666667,68.0,75.78571428571429,403.20000000000005,35.22,21.0,14.51904761904762,37.00000000000001,75.9047619047619,211.2,22.72,15.0,15.08,5.999999999999999,72.86666666666666,80.0,3.7,31.0,15.02258064516129,60.300000000000004,75.96774193548387,316.79999999999995,29.520000000000003
Wales,1993,97.0,122.0,149.0,171.0,49.0,1455.7000000000003,1.01531503849281,26.0,9.788461538461538,62.6,84.26923076923077,449.59999999999997,51.02,50.0,12.431999999999999,164.99999999999997,79.46,785.6,124.14,23.0,13.804347826086957,86.60000000000001,84.26086956521739,393.6,68.21333333333334,15.0,14.253333333333334,58.7,84.33333333333333,254.4,46.35333333333333,31.0,13.619354838709677,116.8,83.87096774193549,534.4,89.91333333333333
Wales,1994,104.0,131.0,158.0,180.0,40.0,1322.1999999999998,0.8495835897049919,28.0,9.264285714285714,41.699999999999996,78.28571428571429,384.0,25.1,41.0,11.697560975609756,89.9,78.1951219512195,456.0,56.85333333333333,14.0,13.10714285714286,1.0,77.28571428571429,81.6,0.0,15.0,13.080000000000002,1.0,78.33333333333333,105.6,0.0,31.0,11.912903225806451,59.69999999999999,79.06451612903226,355.2,52.63999999999999
Wales,1995,96.0,123.0,151.0,174.0,48.0,1391.8,0.9490744261263843,28.0,9.089285714285714,26.5,75.21428571428571,199.99999999999997,0.0,49.0,11.657142857142857,70.5,73.77551020408163,417.6,49.16666666666667,21.0,12.395238095238094,11.599999999999998,75.66666666666667,137.6,2.2666666666666666,15.0,12.74,2.1,74.4,73.6,0.0,31.0,12.419354838709676,50.1,76.41935483870968,291.20000000000005,36.666666666666664
Wales,1996,118.0,148.0,171.0,192.0,24.0,1169.3,0.6808930574233538,31.0,8.26774193548387,96.8,74.45161290322581,360.0,82.98666666666665,25.0,13.58,37.60000000000001,79.52,284.8,17.693333333333335,2.0,14.45,0.2,77.5,8.0,0.0,15.0,14.586666666666666,26.499999999999996,76.86666666666666,96.0,13.086666666666666,31.0,12.935483870967742,85.4,80.90322580645162,417.6,61.980000000000004
Wales,1997,99.0,126.0,153.0,174.0,45.0,1394.1000000000006,0.9563517658844108,28.0,9.417857142857143,47.9,76.78571428571429,212.8,25.086666666666666,46.0,12.247826086956522,152.19999999999996,77.52173913043478,612.8,115.66666666666669,19.0,13.852631578947367,75.0,78.52631578947368,289.6,59.68000000000001,15.0,13.713333333333333,67.80000000000001,81.26666666666667,265.6,59.68000000000001,31.0,13.287096774193548,82.5,75.45161290322581,331.2,65.58000000000001
Wales,1998,90.0,123.0,145.0,169.0,48.0,1484.5,1.0464701609814344,34.0,7.458823529411766,129.0,79.91176470588235,582.4000000000001,101.17333333333335,49.0,13.19795918367347,138.5,79.12244897959184,699.2,71.61333333333334,27.0,12.899999999999999,124.5,79.70370370370371,454.4,65.44666666666666,15.0,13.32666666666667,83.10000000000001,82.13333333333334,273.6,49.440000000000005,31.0,12.983870967741936,127.60000000000001,79.09677419354838,481.6,65.44666666666667
Wales,1999,92.0,122.0,147.0,170.0,49.0,1443.8000000000002,1.0209453351685842,31.0,8.777419354838708,112.0,82.0,545.6,82.02000000000001,50.0,12.36,110.60000000000001,80.58,750.4000000000001,76.37333333333333,25.0,12.908,62.599999999999994,79.8,352.0,37.913333333333334,15.0,12.806666666666667,5.1,77.53333333333333,155.2,0.0,31.0,12.619354838709677,63.5,80.06451612903226,425.59999999999997,37.913333333333334
Wales,2000,98.0,128.0,153.0,175.0,44.0,1403.0,0.964249532675348,31.0,8.629032258064516,113.9,80.25806451612904,478.40000000000003,94.58000000000001,45.0,12.697777777777777,114.09999999999998,81.57777777777778,711.9999999999999,77.46666666666667,20.0,14.135,23.299999999999997,82.7,275.20000000000005,14.879999999999999,15.0,14.506666666666664,7.5,81.2,180.8,1.7799999999999998,31.0,12.661290322580648,91.9,81.58064516129032,457.59999999999997,69.75999999999999
Wales,2001,116.0,141.0,165.0,184.0,30.0,1234.7,0.756066689979704,26.0,10.107692307692307,45.7,76.42307692307692,304.0,27.299999999999997,31.0,12.899999999999999,32.6,75.90322580645162,209.60000000000002,23.0,7.0,13.62857142857143,28.499999999999996,80.71428571428571,88.0,23.0,15.0,12.520000000000001,30.599999999999998,74.86666666666666,112.0,23.0,31.0,12.899999999999999,32.6,75.90322580645162,209.60000000000002,23.0
Wales,2002,85.0,115.0,143.0,168.0,56.0,1483.0999999999997,1.0650532108753403,31.0,8.287096774193548,15.899999999999999,76.6774193548387,272.0,0.0,57.0,11.621052631578946,227.9,79.98245614035088,934.4,171.98666666666668,29.0,12.46896551724138,98.39999999999999,81.24137931034483,462.40000000000003,84.09333333333332,15.0,13.32666666666667,40.0,82.93333333333334,225.6,35.31333333333333,31.0,12.43225806451613,122.29999999999998,81.54838709677419,510.4000000000001,107.99333333333331
Wales,2003,103.0,126.0,152.0,173.0,45.0,1408.7000000000007,0.9730588235294124,24.0,10.774999999999999,100.9,75.29166666666667,297.6,76.4,46.0,12.647826086956524,100.1,81.21739130434783,696.0,69.32,20.0,14.554999999999998,47.300000000000004,80.65,288.0,31.0,15.0,14.806666666666667,38.49999999999999,80.2,201.60000000000002,24.939999999999998,31.0,14.02258064516129,57.199999999999996,81.96774193548387,472.0,36.400000000000006
Wales,2004,100.0,127.0,151.0,171.0,45.0,1450.4000000000008,1.0221176470588242,28.0,9.2,75.7,81.25,473.6,51.160000000000004,46.0,13.52608695652174,40.99999999999999,78.43478260869566,460.8,23.54,22.0,14.890909090909089,10.700000000000001,78.4090909090909,199.99999999999997,3.04,15.0,15.26,3.2999999999999994,76.46666666666667,92.8,0.0,31.0,14.158064516129029,18.499999999999996,76.51612903225806,251.2,5.140000000000001
Wales,2005,97.0,125.0,153.0,174.0,46.0,1395.7000000000003,0.9577647058823531,29.0,8.96206896551724,83.00000000000001,80.75862068965517,489.6,57.18666666666667,47.0,12.100000000000001,80.8,78.19148936170212,518.4000000000001,46.81333333333334,19.0,14.236842105263158,30.1,81.78947368421052,244.79999999999998,13.593333333333334,15.0,14.593333333333334,18.1,80.13333333333334,152.0,3.32,31.0,13.451612903225804,67.39999999999999,81.45161290322581,414.40000000000003,42.11333333333334
Wales,2006,115.0,137.0,161.0,180.0,34.0,1303.6000000000001,0.8494117647058823,23.0,11.234782608695651,66.6,82.30434782608695,364.79999999999995,30.793333333333337,35.0,13.637142857142857,117.60000000000001,79.31428571428572,398.40000000000003,97.89999999999999,11.0,15.845454545454546,22.799999999999997,79.36363636363636,134.39999999999998,11.8,15.0,16.166666666666668,22.799999999999997,77.33333333333333,140.8,11.8,31.0,13.874193548387096,75.40000000000002,78.19354838709677,302.4,61.1
Wales,2007,86.0,111.0,136.0,160.0,60.0,1615.5999999999995,1.2164705882352933,26.0,9.976923076923075,2.9,75.26923076923077,121.60000000000001,0.0,61.0,12.934426229508198,185.99999999999997,79.24590163934427,820.8,143.67333333333332,36.0,13.522222222222222,85.0,80.13888888888889,489.6,49.286666666666676,15.0,15.400000000000002,38.800000000000004,81.2,219.2,34.68666666666667,31.0,13.761290322580647,78.30000000000001,80.09677419354838,417.6,44.38666666666666
Wales,2008,94.0,126.0,149.0,172.0,46.0,1443.0,1.0134117647058822,33.0,7.860606060606061,63.10000000000001,79.84848484848484,497.59999999999997,38.31333333333333,47.0,13.259574468085109,137.29999999999998,77.29787234042553,593.6,96.04,24.0,13.391666666666667,81.80000000000001,79.04166666666667,371.2,65.41999999999999,15.0,13.326666666666664,24.9,74.73333333333333,174.39999999999998,18.6,31.0,13.151612903225807,120.0,78.6774193548387,467.2,90.02000000000001
Wales,2009,108.0,134.0,158.0,179.0,37.0,1306.3000000000002,0.8525882352941176,27.0,9.774074074074074,43.3,78.48148148148148,348.8,25.660000000000004,38.0,12.581578947368422,135.89999999999998,79.26315789473684,516.8,107.36,14.0,12.692857142857141,36.50000000000001,79.35714285714286,179.2,25.52,15.0,12.553333333333336,69.0,79.93333333333334,203.20000000000002,58.02,31.0,13.064516129032258,87.0,78.12903225806451,348.79999999999995,58.46
Wales,2010,125.0,148.0,170.0,189.0,23.0,1169.200000000001,0.6771678820649504,24.0,10.85,23.2,76.375,248.0,7.093333333333333,24.0,13.641666666666666,62.099999999999994,76.875,224.0,22.46666666666667,2.0,12.8,1.2,71.5,24.0,0.0,15.0,13.88,37.8,76.53333333333333,148.8,22.466666666666665,31.0,13.967741935483867,62.7,75.90322580645162,235.2,22.466666666666665
Wales,2011,98.0,119.0,145.0,169.0,52.0,1462.5999999999997,1.0364705882352936,22.0,11.622727272727273,3.9000000000000004,73.72727272727273,110.4,0.0,53.0,12.028301886792454,116.89999999999999,75.60377358490567,624.0,57.99999999999999,27.0,12.348148148148148,73.2,77.22222222222223,337.6,24.8,15.0,12.013333333333332,56.300000000000004,78.6,233.6,16.599999999999998,31.0,12.241935483870966,78.9,76.80645161290323,409.6,27.2
Wales,2012,89.0,123.0,150.0,174.0,49.0,1367.6999999999994,0.9840703219945232,35.0,7.374285714285714,156.8,80.02857142857142,540.8,96.41333333333334,50.0,11.86,205.10000000000002,79.8,696.0,151.7533333333333,23.0,12.782608695652174,145.70000000000002,82.91304347826087,414.4,112.75333333333334,15.0,12.406666666666668,116.60000000000002,81.8,275.20000000000005,96.74000000000001,31.0,13.46774193548387,145.70000000000002,81.38709677419355,464.0,112.75333333333334
Wales,2013,127.0,153.0,175.0,194.0,18.0,1088.8000000000002,0.5967058823529412,27.0,9.95185185185185,82.6,76.74074074074075,334.40000000000003,57.41333333333334,19.0,13.6,44.5,75.84210526315789,195.2,24.86,,,,,,,15.0,13.793333333333331,44.5,77.46666666666667,195.2,24.86,31.0,12.374193548387098,73.89999999999999,75.35483870967742,300.8,40.66
Wales,2014,92.0,119.0,146.0,168.0,52.0,1495.9999999999995,1.0757647058823523,28.0,9.328571428571427,90.29999999999998,82.60714285714286,390.40000000000003,62.300000000000004,53.0,12.692452830188678,151.4,80.75471698113208,768.0,91.64666666666668,26.0,14.107692307692307,50.9,80.6923076923077,355.2,19.686666666666667,15.0,15.453333333333335,19.3,78.53333333333333,172.8,4.2,31.0,13.722580645161292,101.89999999999999,81.12903225806451,451.2,50.78666666666666
Wales,2015,105.0,131.0,158.0,180.0,40.0,1310.4000000000005,0.8574117647058829,27.0,9.592592592592593,49.4,74.92592592592592,281.59999999999997,32.7,41.0,11.807317073170733,99.5,75.8780487804878,395.2,37.3,14.0,13.399999999999997,22.4,74.85714285714286,104.0,10.8,15.0,13.246666666666664,23.4,74.53333333333333,128.0,10.8,31.0,12.39032258064516,61.8,75.87096774193549,278.4,33.8
Wales,2016,103.0,131.0,155.0,175.0,41.0,1395.8999999999996,0.9579999999999994,29.0,8.77241379310345,39.599999999999994,74.06896551724138,300.79999999999995,17.759999999999998,42.0,13.757142857142858,103.10000000000001,80.28571428571429,523.2,83.54666666666667,18.0,15.255555555555556,55.8,83.05555555555556,289.6,42.94666666666667,15.0,15.22,55.8,84.33333333333333,272.0,42.94666666666667,31.0,14.345161290322585,69.89999999999999,79.6774193548387,379.2,53.54666666666667
Wales,2017,86.0,112.0,140.0,160.0,59.0,1619.1999999999996,1.2207058823529406,27.0,9.76296296296296,38.20000000000001,80.03703703703704,312.0,30.346666666666668,60.0,13.145,173.5,79.08333333333333,806.4000000000001,141.0,32.0,15.246875,82.69999999999999,82.53125,540.8,62.300000000000004,15.0,15.826666666666666,42.10000000000001,81.2,241.6,40.400000000000006,31.0,15.37741935483871,81.3,82.58064516129032,516.8000000000001,62.3
Wales,2018,102.0,126.0,150.0,168.0,45.0,1481.6,1.0588235294117645,25.0,10.304,68.3,82.76,459.2,46.326666666666675,46.0,14.393478260869566,90.4,81.84782608695652,707.1999999999999,65.66,22.0,15.981818181818182,51.49999999999999,82.5909090909091,339.2,38.660000000000004,15.0,15.873333333333333,21.700000000000003,80.73333333333333,222.39999999999998,9.860000000000001,31.0,15.925806451612903,76.69999999999999,82.3225806451613,496.0,55.160000000000004
Wales,2019,86.0,114.0,142.0,165.0,57.0,1515.8000000000004,1.099058823529412,29.0,9.106896551724137,68.30000000000001,78.03448275862068,316.8,42.42,58.0,11.817241379310348,163.79999999999998,78.60344827586206,859.2,91.62,30.0,13.086666666666666,103.30000000000001,81.2,536.0,73.69999999999999,15.0,12.793333333333331,83.10000000000001,81.13333333333334,321.6,69.52000000000001,31.0,13.05483870967742,103.30000000000001,81.06451612903226,539.1999999999999,73.7
Wales,2020,80.0,108.0,134.0,155.0,64.0,1685.0000000000007,1.2981176470588243,29.0,8.882758620689653,14.200000000000001,71.20689655172414,132.8,5.086666666666667,65.0,13.215384615384615,139.9,71.18461538461538,550.4,89.04,39.0,14.210256410256411,98.5,71.53846153846153,364.8,69.20666666666666,15.0,14.319999999999999,82.0,79.86666666666666,238.39999999999998,66.80666666666667,31.0,14.983870967741936,97.79999999999998,71.80645161290323,332.79999999999995,69.20666666666666
Wales,2021,96.0,128.0,154.0,174.0,43.0,1395.5999999999995,0.9576470588235286,33.0,7.675757575757575,84.9,70.48484848484848,267.2,6.7,44.0,13.061363636363637,180.5,80.5909090909091,726.4,114.34,18.0,15.077777777777776,13.9,80.88888888888889,225.6,2.6,15.0,15.4,13.1,81.06666666666666,201.6,2.6,31.0,14.000000000000002,51.9,79.6774193548387,414.4,31.04
Wales,2022,82.0,110.0,136.0,158.0,61.0,1632.7000000000005,1.236588235294118,29.0,8.924137931034483,50.69999999999999,78.03448275862068,364.8,27.32,62.0,13.006451612903223,126.89999999999999,78.58064516129032,740.8000000000001,66.88666666666667,36.0,13.919444444444444,76.1,79.63888888888889,497.6,47.473333333333336,15.0,14.913333333333336,32.4,79.66666666666667,187.2,22.333333333333336,31.0,13.912903225806453,57.00000000000001,78.90322580645162,390.40000000000003,32.32
Wales,2023,86.0,114.0,140.0,160.0,57.0,1624.4,1.245863562184095,29.0,8.917241379310344,126.19999999999999,81.0,488.0,104.94,58.0,14.010344827586206,114.79999999999998,77.37931034482759,625.5999999999999,83.70000000000002,32.0,16.009375,34.60000000000001,72.03125,192.0,30.693333333333335,15.0,17.746666666666666,33.3,75.06666666666666,140.8,30.693333333333335,31.0,16.07741935483871,34.6,72.09677419354838,192.0,30.693333333333335
Wales,2024,81.0,107.0,135.0,157.0,65.0,1629.100000000001,1.2364262813331144,27.0,9.644444444444446,154.39999999999998,81.18518518518519,555.2,125.25999999999999,66.0,12.14848484848485,173.7,79.01515151515152,942.4000000000001,119.24666666666666,38.0,13.434210526315788,87.7,77.8157894736842,483.19999999999993,55.56666666666666,15.0,13.24,34.0,74.13333333333334,153.6,21.82,31.0,13.254838709677419,71.4,77.16129032258064,392.0,45.413333333333334
Wales,2025,94.0,118.0,140.0,162.0,53.0,1599.8000000000006,1.197882352941177,25.0,10.36,83.6,79.56,347.20000000000005,59.95333333333334,54.0,14.324074074074078,133.29999999999998,76.38888888888889,672.0,82.48666666666666,32.0,14.934375000000001,125.7,80.78125,572.8,78.68666666666667,15.0,15.813333333333333,63.0,81.6,272.0,47.52666666666667,31.0,14.951612903225808,125.7,81.19354838709677,572.8000000000001,78.68666666666668
Wales,2026,80.0,107.0,133.0,153.0,64.0,1701.9000000000003,1.3180000000000003,28.0,9.325000000000001,67.9,80.10714285714286,454.4,46.76666666666667,65.0,13.503076923076923,216.8,77.16923076923077,918.4000000000001,183.38,39.0,14.764102564102563,179.6,82.02564102564102,777.6,154.78,15.0,15.006666666666668,71.29999999999998,84.33333333333333,320.0,66.38666666666667,31.0,15.780645161290321,135.79999999999998,83.09677419354838,609.6,115.38
West Midlands,1971,119.0,142.0,170.0,190.0,29.0,1160.6000000000001,0.6733562864033863,24.0,10.683333333333332,23.6,75.5,190.4,6.6,30.0,11.106666666666666,95.0,79.76666666666667,428.8,50.48,2.0,13.0,17.9,84.0,48.0,17.9,15.0,10.666666666666666,62.699999999999996,81.8,246.4,33.6,31.0,11.12258064516129,95.1,79.64516129032258,430.4,50.48
West Midlands,1972,121.0,147.0,175.0,198.0,25.0,1122.8,0.6096842074138688,27.0,9.451851851851853,82.80000000000001,79.18518518518519,555.2,52.913333333333334,26.0,10.703846153846156,90.99999999999997,78.07692307692308,539.2,77.61999999999999,,,,,,,15.0,10.973333333333333,55.4,80.2,275.2,46.92,31.0,10.738709677419356,101.6,78.06451612903226,659.2,84.12
West Midlands,1973,125.0,148.0,170.0,190.0,23.0,1174.2000000000005,0.6631460521581473,24.0,10.883333333333333,56.2,76.58333333333333,321.6,29.339999999999996,24.0,13.5875,30.9,74.45833333333333,209.60000000000002,5.78,2.0,14.05,13.1,85.5,48.0,3.58,15.0,14.82,16.7,73.66666666666667,89.6,3.58,31.0,13.6,45.99999999999999,75.70967741935483,291.20000000000005,13.02
West Midlands,1974,113.0,140.0,166.0,188.0,31.0,1236.6000000000001,0.7351473226839099,28.0,9.028571428571428,46.99999999999999,73.75,320.0,26.700000000000003,32.0,12.084374999999998,66.4,72.90625,396.8,42.300000000000004,6.0,14.933333333333332,28.700000000000003,75.33333333333333,96.0,23.200000000000003,15.0,12.966666666666667,46.2,72.73333333333333,196.8,31.700000000000003,31.0,12.080645161290322,66.30000000000001,72.90322580645162,396.8,42.300000000000004
West Midlands,1975,119.0,146.0,170.0,189.0,25.0,1184.2,0.6715254266455135,28.0,9.057142857142857,43.7,75.57142857142857,273.59999999999997,24.3,26.0,12.646153846153847,24.200000000000003,70.61538461538461,171.2,9.0,2.0,15.350000000000001,2.1,77.5,24.0,0.0,15.0,15.153333333333336,10.5,71.0,96.0,5.7,31.0,12.038709677419355,26.100000000000005,71.06451612903226,196.8,9.0
West Midlands,1976,121.0,145.0,166.0,184.0,27.0,1246.3999999999996,0.7460203170929077,25.0,10.776000000000002,76.6,76.8,324.79999999999995,38.03333333333333,28.0,13.789285714285715,35.5,76.25,299.2,14.106666666666666,7.0,13.9,8.4,79.71428571428571,86.4,3.106666666666667,15.0,15.139999999999999,9.3,75.8,94.4,3.106666666666667,31.0,13.693548387096778,36.599999999999994,76.29032258064517,310.4,14.106666666666666
West Midlands,1977,127.0,152.0,177.0,196.0,19.0,1075.9999999999998,0.5576601491426902,26.0,10.207692307692307,21.5,71.76923076923077,160.0,11.866666666666667,20.0,11.215,92.50000000000001,75.95,240.0,83.8,,,,,,,15.0,10.713333333333333,89.7,78.06666666666666,216.0,83.8,31.0,11.577419354838712,93.00000000000001,72.96774193548387,241.6,83.8
West Midlands,1978,131.0,152.0,176.0,199.0,19.0,1103.0,0.5897906120695341,22.0,11.986363636363636,26.9,76.0909090909091,179.2,13.580000000000002,20.0,13.334999999999999,82.1,74.45,179.2,57.5,,,,,,,15.0,12.16,60.70000000000001,73.46666666666667,100.8,48.2,31.0,13.435483870967742,87.30000000000001,74.38709677419355,220.79999999999998,57.5
West Midlands,1979,148.0,168.0,189.0,208.0,3.0,903.8999999999995,0.36714637016850776,21.0,12.680952380952382,46.5,79.52380952380952,280.0,30.799999999999997,4.0,17.05,0.0,75.75,4.800000000000001,0.0,,,,,,,15.0,13.74,16.6,77.8,124.80000000000001,5.6000000000000005,31.0,12.35483870967742,99.8,79.54838709677419,451.2,84.1
West Midlands,1980,125.0,147.0,170.0,194.0,25.0,1179.1000000000001,0.685697225092607,23.0,11.234782608695651,12.3,67.0,51.2,0.0,26.0,12.953846153846152,110.2,78.57692307692308,334.4,53.620000000000005,3.0,12.866666666666665,1.1,71.33333333333333,0.0,0.0,15.0,13.12,68.30000000000001,78.93333333333334,201.60000000000002,50.86,31.0,12.658064516129032,112.10000000000002,77.58064516129032,337.59999999999997,53.620000000000005
West Midlands,1981,112.0,141.0,165.0,188.0,30.0,1228.7999999999997,0.7458069968389635,30.0,8.873333333333333,128.4,81.3,508.80000000000007,64.01333333333334,31.0,12.451612903225808,80.70000000000002,79.87096774193549,468.8,44.81333333333333,7.0,12.757142857142856,4.300000000000001,78.57142857142857,64.0,0.9,15.0,12.946666666666665,20.099999999999998,78.2,179.2,7.0,31.0,12.451612903225808,80.70000000000002,79.87096774193549,468.8,44.81333333333333
West Midlands,1982,114.0,140.0,159.0,181.0,31.0,1315.4999999999993,0.8524209794293393,27.0,9.733333333333334,22.0,70.22222222222223,204.8,2.5,32.0,14.846875,106.6,76.3125,409.6,67.58,13.0,14.038461538461538,57.49999999999999,76.53846153846153,195.2,34.6,15.0,14.553333333333335,58.3,76.46666666666667,206.39999999999998,34.6,31.0,14.903225806451612,106.29999999999998,76.2258064516129,403.20000000000005,67.58
West Midlands,1983,120.0,147.0,171.0,190.0,24.0,1136.6999999999998,0.6530588235294114,28.0,9.307142857142859,115.5,81.25,580.8000000000001,106.08,25.0,12.452,43.8,76.88,302.4,22.9,1.0,15.6,0.0,68.0,0.0,0.0,15.0,13.013333333333334,13.399999999999999,73.93333333333334,131.2,0.0,31.0,11.967741935483875,59.599999999999994,78.06451612903226,403.20000000000005,36.88
West Midlands,1984,127.0,153.0,174.0,194.0,19.0,1109.1,0.6205882352941173,27.0,9.737037037037036,83.80000000000001,73.33333333333333,273.6,52.0,20.0,14.104999999999999,46.1,77.7,264.0,17.6,,,,,,,15.0,15.246666666666668,17.7,78.4,167.99999999999997,3.0,31.0,12.96774193548387,97.5,77.87096774193549,393.6,59.400000000000006
West Midlands,1985,133.0,154.0,180.0,199.0,17.0,1021.7999999999998,0.5236468952464066,22.0,11.840909090909092,64.9,78.77272727272727,264.0,47.33333333333333,18.0,11.161111111111113,62.9,77.05555555555556,228.79999999999998,42.12,,,,,,,15.0,10.473333333333334,50.900000000000006,76.66666666666667,195.2,37.4,31.0,11.596774193548386,80.89999999999999,76.51612903225806,361.6,54.88666666666667
West Midlands,1986,141.0,164.0,183.0,202.0,7.0,957.7000000000005,0.4231713173234224,24.0,10.887500000000001,50.3,76.33333333333333,196.8,26.23333333333333,8.0,15.25,1.7000000000000002,74.625,27.2,0.0,,,,,,,15.0,13.193333333333332,31.399999999999995,75.73333333333333,81.60000000000001,20.4,31.0,11.877419354838711,51.99999999999999,75.96774193548387,224.0,26.23333333333333
West Midlands,1987,127.0,152.0,178.0,196.0,19.0,1047.7,0.5488861269064961,26.0,10.176923076923078,50.0,77.38461538461539,246.4,17.746666666666666,20.0,10.93,97.7,81.35,376.0,73.19999999999999,,,,,,,15.0,10.479999999999999,68.8,80.2,272.0,51.5,31.0,11.003225806451612,116.3,80.58064516129032,507.20000000000005,80.24666666666667
West Midlands,1988,112.0,137.0,163.0,183.0,35.0,1289.5999999999997,0.8116884341557673,26.0,10.096153846153847,61.8,78.3076923076923,286.4,34.879999999999995,36.0,12.277777777777777,60.2,76.13888888888889,355.20000000000005,29.9,10.0,14.85,0.1,74.6,17.6,0.0,15.0,14.019999999999998,14.799999999999999,76.2,72.0,5.8,31.0,12.616129032258065,53.7,76.6774193548387,307.2,26.300000000000004
West Midlands,1989,102.0,133.0,157.0,176.0,38.0,1370.9999999999998,0.9145049295277755,32.0,8.071874999999999,46.5,76.40625,368.0,20.986666666666665,39.0,13.574358974358974,73.3,74.41025641025641,388.8,37.96,15.0,15.586666666666666,23.4,73.06666666666666,158.39999999999998,18.86,15.0,15.586666666666666,23.4,73.06666666666666,158.39999999999998,18.86,31.0,13.696774193548388,67.39999999999999,74.03225806451613,313.59999999999997,35.06
West Midlands,1990,85.0,120.0,144.0,167.0,51.0,1487.9,1.0683558854445796,36.0,7.305555555555557,35.599999999999994,74.52777777777777,384.0,18.086666666666666,52.0,12.721153846153847,49.4,70.51923076923077,358.4,9.899999999999999,28.0,12.907142857142858,39.099999999999994,69.96428571428571,294.4,9.899999999999999,15.0,12.84666666666667,20.700000000000003,73.46666666666667,150.4,5.3,31.0,12.829032258064515,39.099999999999994,69.58064516129032,294.4,9.899999999999999
West Midlands,1991,120.0,145.0,172.0,192.0,26.0,1116.9000000000003,0.6349832872707865,26.0,10.0,19.0,76.07692307692308,168.0,10.5,27.0,10.962962962962964,57.3,77.03703703703704,356.8,39.900000000000006,,,,,,,15.0,11.293333333333333,45.8,79.66666666666667,268.8,33.900000000000006,31.0,11.348387096774195,57.3,77.06451612903226,374.40000000000003,39.900000000000006
West Midlands,1992,109.0,135.0,155.0,176.0,37.0,1392.3000000000004,0.9437409681836754,27.0,9.911111111111111,27.9,75.96296296296296,292.8,15.366666666666665,38.0,14.78157894736842,130.0,76.47368421052632,316.80000000000007,91.44666666666667,18.0,14.461111111111109,52.699999999999996,76.61111111111111,161.6,31.546666666666667,15.0,14.866666666666667,25.8,74.46666666666667,89.6,17.06,31.0,14.99032258064516,130.0,77.58064516129032,315.20000000000005,91.44666666666666
West Midlands,1993,106.0,130.0,155.0,177.0,41.0,1373.6999999999994,0.9292924965029226,25.0,10.136,39.800000000000004,77.48,286.4,28.740000000000002,42.0,13.102380952380955,182.89999999999998,78.64285714285714,617.6,119.03333333333333,17.0,14.811764705882354,92.7,80.0,240.0,57.53333333333334,15.0,14.82,92.2,80.06666666666666,225.6,57.53333333333333,31.0,13.806451612903226,144.1,79.09677419354838,444.8,96.13333333333333
West Midlands,1994,117.0,140.0,167.0,186.0,31.0,1220.3000000000004,0.7271415633434269,24.0,10.641666666666667,25.2,75.08333333333333,254.4,14.9,32.0,11.603124999999999,33.9,76.09375,280.0,22.599999999999998,5.0,14.74,0.1,71.8,1.6,0.0,15.0,13.153333333333334,2.2,73.86666666666666,49.6,0.0,31.0,11.735483870967741,33.9,75.80645161290323,264.0,22.599999999999998
West Midlands,1995,107.0,134.0,161.0,181.0,37.0,1267.8999999999999,0.8028830301808924,28.0,9.192857142857141,26.999999999999996,71.42857142857143,187.2,6.3533333333333335,38.0,11.515789473684208,65.89999999999999,74.47368421052632,353.59999999999997,34.71333333333333,11.0,12.563636363636364,6.0,75.0,92.80000000000001,0.0,15.0,12.346666666666666,6.8,74.53333333333333,99.2,0.0,31.0,12.37741935483871,41.6,74.58064516129032,281.59999999999997,14.013333333333334
West Midlands,1996,128.0,155.0,177.0,198.0,17.0,1077.1999999999998,0.5880689458243606,28.0,9.164285714285715,58.39999999999999,75.57142857142857,332.79999999999995,33.5,18.0,14.25,25.599999999999998,73.83333333333333,144.0,9.8,,,,,,,15.0,14.5,23.099999999999998,73.0,96.0,9.8,31.0,13.135483870967743,62.3,75.74193548387096,326.4,29.9
West Midlands,1997,104.0,132.0,156.0,179.0,39.0,1347.6000000000006,0.8979285999147905,29.0,9.03448275862069,82.50000000000001,76.62068965517241,348.8,52.60000000000001,40.0,12.892500000000002,100.69999999999999,75.05,488.0,70.0,16.0,14.162500000000001,58.8,77.9375,288.0,35.900000000000006,15.0,14.026666666666667,54.900000000000006,78.66666666666667,264.0,35.9,31.0,13.099999999999998,60.2,73.45161290322581,320.0,35.9
West Midlands,1998,91.0,126.0,149.0,172.0,45.0,1412.8999999999999,0.9936066991048981,36.0,7.236111111111111,118.6,79.88888888888889,625.6,99.63333333333333,46.0,13.069565217391302,124.9,78.3695652173913,590.4,73.26,23.0,13.060869565217393,103.30000000000001,79.95652173913044,392.0,66.5,15.0,13.193333333333333,67.69999999999999,81.73333333333333,292.8,35.0,31.0,12.670967741935483,114.7,79.16129032258064,483.2,68.86
West Midlands,1999,99.0,128.0,152.0,176.0,43.0,1373.9000000000003,0.9352821539074394,30.0,8.853333333333332,90.89999999999999,80.5,436.79999999999995,53.099999999999994,44.0,12.418181818181818,102.4,77.11363636363636,550.4,66.00666666666667,20.0,12.645,52.400000000000006,77.3,240.0,30.866666666666667,15.0,12.746666666666668,23.4,76.2,142.39999999999998,16.52,31.0,12.612903225806452,75.00000000000001,76.70967741935483,368.0,48.02666666666667
West Midlands,2000,107.0,132.0,158.0,178.0,40.0,1356.4,0.9133679930331308,26.0,10.161538461538461,69.80000000000001,80.23076923076923,377.59999999999997,49.1,41.0,12.863414634146341,104.50000000000001,77.48780487804878,502.4,66.86,15.0,15.18,17.7,75.46666666666667,113.60000000000001,2.1,15.0,15.18,17.7,75.46666666666667,113.60000000000001,2.1,31.0,13.04516129032258,86.3,77.41935483870968,360.00000000000006,54.66
West Midlands,2001,128.0,148.0,173.0,189.0,23.0,1115.7000000000003,0.6312793811257084,21.0,12.685714285714285,80.6,77.9047619047619,208.0,51.233333333333334,24.0,12.258333333333331,33.1,73.875,160.0,19.5,,,,,,,15.0,12.06,29.0,74.46666666666667,124.8,19.5,31.0,12.670967741935483,37.5,74.38709677419355,196.8,20.593333333333334
West Midlands,2002,91.0,121.0,148.0,170.0,50.0,1432.3999999999999,1.027419099966088,31.0,8.338709677419354,36.9,74.70967741935483,280.0,19.4,51.0,12.262745098039213,120.30000000000001,76.88235294117646,694.4,73.6,24.0,13.545833333333334,52.400000000000006,76.79166666666667,360.0,32.1,15.0,14.14666666666667,30.599999999999998,77.53333333333333,216.0,26.099999999999998,31.0,13.103225806451613,84.70000000000002,76.51612903225806,480.0,57.4
West Midlands,2003,108.0,133.0,156.0,175.0,38.0,1369.8999999999996,0.9315035416844633,26.0,10.099999999999998,61.3,74.57692307692308,312.0,35.300000000000004,39.0,13.987179487179487,65.60000000000002,74.87179487179488,420.8,24.386666666666667,16.0,15.5125,20.400000000000002,71.3125,128.0,0.0,15.0,15.606666666666666,20.2,71.33333333333333,128.0,0.0,31.0,15.070967741935483,36.8,74.29032258064517,276.8,9.286666666666667
West Midlands,2004,107.0,132.0,156.0,176.0,40.0,1380.4,0.9485053649866056,26.0,9.857692307692307,86.0,80.92307692307692,436.80000000000007,58.82,41.0,13.753658536585366,30.6,75.26829268292683,329.6,11.58,17.0,15.658823529411764,9.0,73.88235294117646,110.4,0.0,15.0,15.613333333333333,9.0,72.86666666666666,89.6,0.0,31.0,13.987096774193548,29.699999999999996,74.06451612903226,257.6,11.58
West Midlands,2005,104.0,131.0,157.0,176.0,40.0,1339.7000000000005,0.8992942546721291,28.0,9.185714285714285,72.89999999999999,77.07142857142857,425.6,46.266666666666666,41.0,12.578048780487803,59.3,75.2439024390244,352.0,22.633333333333333,15.0,14.606666666666667,16.0,76.26666666666667,96.0,3.0,15.0,14.606666666666667,16.0,76.26666666666667,96.0,3.0,31.0,13.725806451612902,52.10000000000001,76.38709677419355,280.0,22.633333333333333
West Midlands,2006,118.0,139.0,162.0,182.0,32.0,1246.2999999999997,0.8146823782258444,22.0,11.936363636363637,63.2,79.0,334.4,40.546666666666674,33.0,13.618181818181819,94.49999999999999,75.45454545454545,353.59999999999997,81.4,10.0,16.19,18.5,76.2,110.39999999999999,12.2,15.0,16.633333333333336,18.5,74.33333333333333,113.6,12.2,31.0,13.758064516129032,68.1,74.93548387096774,305.6,55.0
West Midlands,2007,95.0,118.0,144.0,167.0,53.0,1500.7000000000003,1.0843897212112192,24.0,10.858333333333334,19.0,77.41666666666667,208.0,13.8,54.0,12.54074074074074,174.3,78.20370370370371,644.8,149.4466666666667,28.0,13.671428571428573,108.4,80.32142857142857,364.8,89.94666666666667,15.0,15.293333333333333,75.5,81.13333333333334,204.8,62.17999999999999,31.0,13.587096774193549,108.4,79.74193548387096,376.0,89.94666666666666
West Midlands,2008,111.0,133.0,157.0,180.0,39.0,1335.0000000000007,0.8810196975030342,23.0,11.730434782608693,50.6,78.04347826086956,315.19999999999993,33.10000000000001,40.0,12.4725,77.9,75.475,347.2,39.72666666666667,16.0,12.887500000000001,14.8,73.3125,105.6,2.4,15.0,12.833333333333337,14.2,73.0,100.8,2.4,31.0,12.95483870967742,70.69999999999999,75.93548387096774,310.4,39.72666666666667
West Midlands,2009,114.0,140.0,164.0,183.0,31.0,1245.7000000000003,0.7726909809488894,27.0,9.9037037037037,87.7,75.88888888888889,288.0,60.080000000000005,32.0,12.81875,93.20000000000002,75.09375,334.4,60.46,8.0,13.5625,16.3,75.125,73.6,0.46,15.0,12.280000000000001,64.3,76.8,169.6,43.96,31.0,12.880645161290323,85.7,74.90322580645162,310.40000000000003,52.96
West Midlands,2010,128.0,151.0,173.0,190.0,20.0,1092.4000000000008,0.6210651730290135,24.0,10.883333333333333,13.1,73.16666666666667,142.4,3.1,21.0,13.59047619047619,34.2,75.42857142857143,211.2,11.5,,,,,,,15.0,13.166666666666668,27.0,76.66666666666667,184.0,11.5,31.0,13.551612903225806,41.300000000000004,74.3225806451613,267.2,11.5
West Midlands,2011,102.0,124.0,149.0,173.0,47.0,1401.5,0.9714632515201918,23.0,11.078260869565215,6.299999999999999,68.82608695652173,68.8,0.8000000000000002,48.0,12.183333333333332,89.10000000000001,71.95833333333333,446.4,32.4,23.0,12.57391304347826,45.9,73.08695652173913,268.8,22.499999999999996,15.0,12.22,35.39999999999999,72.6,219.2,22.499999999999996,31.0,12.290322580645162,55.599999999999994,72.0,316.8,22.499999999999996
West Midlands,2012,103.0,137.0,160.0,182.0,35.0,1272.2999999999997,0.8296048461364626,35.0,7.319999999999999,142.9,79.57142857142857,563.2,83.33333333333333,36.0,12.688888888888888,108.8,78.55555555555556,454.4,80.14666666666668,13.0,12.376923076923077,43.5,77.92307692307692,172.8,30.14,15.0,12.44,57.4,79.2,220.8,44.04,31.0,13.36451612903226,101.10000000000001,78.74193548387096,400.0,77.64666666666668
West Midlands,2013,139.0,162.0,184.0,200.0,9.0,977.1999999999999,0.45296716425178235,24.0,11.029166666666667,45.39999999999999,76.04166666666667,212.79999999999998,38.4,10.0,13.930000000000001,30.4,77.7,132.8,18.773333333333333,,,,,,,15.0,13.453333333333335,30.4,75.8,134.4,18.773333333333333,31.0,11.858064516129033,74.1,76.06451612903226,315.2,57.17333333333333
West Midlands,2014,96.0,124.0,149.0,170.0,47.0,1438.9999999999995,1.033054546597777,29.0,9.341379310344827,62.39999999999999,78.82758620689656,275.20000000000005,36.75333333333334,48.0,13.095833333333331,125.4,78.125,680.0,78.80000000000001,23.0,14.295652173913044,45.400000000000006,78.52173913043478,286.4,24.3,15.0,15.213333333333335,21.199999999999996,77.33333333333333,182.4,4.2,31.0,13.645161290322582,87.70000000000002,79.41935483870968,433.59999999999997,53.400000000000006
West Midlands,2015,113.0,140.0,166.0,185.0,31.0,1186.3000000000004,0.7321450290390082,28.0,9.174999999999999,70.9,73.75,286.4,39.7,32.0,11.7875,55.60000000000001,74.125,216.0,33.8,6.0,13.883333333333335,2.6,75.0,38.4,0.0,15.0,12.666666666666664,21.3,74.0,89.6,16.3,31.0,11.89032258064516,54.699999999999996,74.16129032258064,216.0,33.8
West Midlands,2016,113.0,139.0,162.0,183.0,33.0,1272.6,0.82961935161762,27.0,9.340740740740742,51.2,75.77777777777777,315.2,22.153333333333336,34.0,13.691176470588234,105.1,80.17647058823529,436.8,81.75333333333333,11.0,14.7,78.5,85.81818181818181,240.0,65.7,15.0,15.346666666666668,79.89999999999999,83.13333333333334,268.8,65.69999999999999,31.0,13.858064516129033,91.69999999999999,80.19354838709677,364.8,75.19999999999999
West Midlands,2017,94.0,123.0,147.0,167.0,48.0,1501.9999999999989,1.0973744338153264,30.0,8.546666666666665,26.200000000000003,74.43333333333334,243.2,0.30666666666666664,49.0,14.09795918367347,102.80000000000001,75.08163265306122,489.6,70.9,25.0,15.748000000000001,65.9,75.4,281.6,51.099999999999994,15.0,16.259999999999998,36.9,73.93333333333334,128.0,32.9,31.0,15.854838709677423,66.39999999999999,75.09677419354838,294.40000000000003,51.099999999999994
West Midlands,2018,114.0,138.0,158.0,177.0,33.0,1333.6000000000004,0.890705064071687,25.0,10.148000000000001,47.400000000000006,76.56,251.20000000000002,10.98,34.0,15.149999999999997,79.49999999999999,77.70588235294117,393.59999999999997,40.92,14.0,15.242857142857142,14.200000000000001,75.71428571428571,140.8,0.7000000000000002,15.0,15.166666666666664,14.200000000000001,75.66666666666667,140.8,0.7000000000000002,31.0,15.338709677419354,79.49999999999999,78.41935483870968,393.6,40.92
West Midlands,2019,99.0,126.0,152.0,175.0,45.0,1363.1000000000006,0.9284346084580299,28.0,9.107142857142858,39.0,74.60714285714286,246.4,28.0,46.0,11.85,195.00000000000003,77.5,644.8,153.36,20.0,12.52,153.20000000000005,81.0,385.6,125.35333333333334,15.0,12.066666666666666,134.50000000000003,82.73333333333333,336.0,125.2,31.0,12.69677419354839,163.00000000000003,78.58064516129032,489.6,128.26
West Midlands,2020,96.0,120.0,146.0,167.0,52.0,1517.8999999999996,1.1015294117647052,25.0,10.592,28.099999999999998,68.76,177.6,8.5,53.0,12.954716981132076,99.6,68.50943396226415,457.6,72.53333333333333,27.0,14.677777777777779,82.3,70.03703703703704,361.6,62.63333333333333,15.0,14.166666666666666,69.6,78.8,289.6,57.03333333333334,31.0,14.674193548387096,85.89999999999999,68.48387096774194,385.6,62.63333333333333
West Midlands,2021,113.0,143.0,164.0,183.0,28.0,1258.1000000000004,0.7958823529411767,31.0,8.570967741935483,122.29999999999998,75.38709677419355,486.4,65.17333333333335,29.0,14.724137931034482,33.7,72.37931034482759,187.2,26.6,8.0,15.875,14.7,70.25,96.0,12.1,15.0,16.166666666666668,17.2,71.53333333333333,120.0,12.100000000000001,31.0,14.393548387096772,41.6,72.87096774193549,235.2,33.2
West Midlands,2022,96.0,123.0,145.0,168.0,48.0,1487.6000000000004,1.066389178461839,28.0,9.4,23.9,74.14285714285714,211.2,5.08,49.0,13.426530612244898,106.5,73.93877551020408,496.0,48.62,27.0,13.600000000000001,58.49999999999999,72.66666666666667,246.4,35.33333333333333,15.0,14.886666666666665,11.0,71.13333333333334,120.0,2.533333333333333,31.0,13.493548387096775,67.89999999999999,73.06451612903226,294.4,37.83333333333333
West Midlands,2023,96.0,125.0,149.0,168.0,46.0,1477.3000000000004,1.0713931851694476,30.0,8.883333333333333,71.0,78.53333333333333,432.0,32.1,47.0,14.093617021276598,81.8,73.95744680851064,376.0,57.21999999999999,23.0,15.79565217391304,40.1,69.78260869565217,144.0,27.1,15.0,17.45333333333333,39.800000000000004,69.6,144.0,27.1,31.0,15.138709677419353,41.8,70.7741935483871,171.2,27.1
West Midlands,2024,91.0,119.0,141.0,166.0,53.0,1514.4000000000005,1.1068404110662877,29.0,8.779310344827586,80.80000000000001,77.82758620689656,473.6,56.5,54.0,12.872222222222225,140.90000000000003,77.42592592592592,737.5999999999999,105.55333333333333,32.0,12.5125,98.79999999999998,76.28125,422.4,73.73333333333333,15.0,12.279999999999998,29.7,73.0,126.4,17.4,31.0,12.500000000000002,98.79999999999998,76.2258064516129,417.6,73.73333333333332
West Midlands,2025,105.0,127.0,150.0,170.0,44.0,1471.4,1.0468235294117647,23.0,11.043478260869565,29.9,71.8695652173913,128.0,4.860000000000001,45.0,14.402222222222223,79.9,71.62222222222222,353.6,31.5,22.0,15.636363636363637,38.8,72.5909090909091,160.0,11.2,15.0,16.38,19.4,72.0,99.19999999999999,11.2,31.0,14.999999999999998,72.9,73.90322580645162,305.6,31.5
West Midlands,2026,93.0,119.0,145.0,163.0,52.0,1567.8000000000006,1.1602352941176477,27.0,9.637037037037036,39.400000000000006,72.03703703703704,241.6,22.9,53.0,14.067924528301887,123.69999999999999,71.75471698113208,659.2,73.8,27.0,16.288888888888888,80.69999999999999,71.55555555555556,324.79999999999995,47.39999999999999,15.0,15.339999999999998,42.4,74.93333333333334,228.79999999999998,29.400000000000002,31.0,16.506451612903223,80.89999999999999,71.0,327.99999999999994,47.39999999999999
Yorkshire and The Humber,1971,119.0,143.0,170.0,190.0,28.0,1156.4999999999998,0.6610173046828713,25.0,10.216000000000001,28.5,77.68,246.39999999999998,17.1,29.0,11.013793103448275,78.2,80.03448275862068,430.40000000000003,49.480000000000004,2.0,11.5,18.599999999999998,83.5,48.0,18.599999999999998,15.0,10.606666666666666,46.2,80.0,251.2,27.4,31.0,11.029032258064515,78.3,79.90322580645162,440.0,49.480000000000004
Yorkshire and The Humber,1972,117.0,144.0,170.0,194.0,28.0,1168.7999999999997,0.673517698762429,28.0,9.49642857142857,62.3,78.0,478.40000000000003,36.459999999999994,29.0,11.248275862068965,103.9,77.0,579.2,82.69999999999999,3.0,11.466666666666669,5.6000000000000005,76.66666666666667,72.0,3.0,15.0,11.273333333333333,56.3,80.73333333333333,315.2,45.99999999999999,31.0,11.283870967741937,107.6,77.3225806451613,627.2,84.99999999999999
Yorkshire and The Humber,1973,120.0,146.0,168.0,186.0,25.0,1213.3999999999994,0.7205170896615278,27.0,9.781481481481482,59.5,76.51851851851852,347.20000000000005,35.78,26.0,14.115384615384615,62.1,73.88461538461539,209.6,42.1,4.0,15.925,34.4,78.25,72.0,19.4,15.0,15.186666666666666,35.9,72.2,84.8,19.4,31.0,13.835483870967742,74.5,75.35483870967742,307.20000000000005,53.5
Yorkshire and The Humber,1974,112.0,140.0,166.0,187.0,31.0,1236.1999999999998,0.7444493803796184,29.0,9.089655172413794,54.7,75.48275862068965,332.8,27.36,32.0,12.046875,63.6,72.1875,315.2,50.0,6.0,14.450000000000001,22.099999999999998,74.33333333333333,72.0,18.2,15.0,12.626666666666667,45.9,73.33333333333333,192.0,39.5,31.0,12.054838709677421,62.89999999999999,72.09677419354838,315.2,50.0
Yorkshire and The Humber,1975,118.0,146.0,171.0,191.0,25.0,1184.1000000000006,0.6585536914900298,29.0,8.72413793103448,46.7,76.72413793103448,296.0,20.1,26.0,12.203846153846152,33.6,73.6923076923077,212.8,18.5,1.0,17.2,0.2,76.0,1.6,0.0,15.0,14.926666666666666,9.6,72.13333333333334,54.4,5.4,31.0,11.574193548387097,35.2,73.45161290322581,236.8,18.5
Yorkshire and The Humber,1976,117.0,142.0,164.0,182.0,30.0,1262.9999999999993,0.7813589649205037,26.0,9.807692307692308,57.00000000000001,74.6923076923077,355.2,37.25333333333334,31.0,13.629032258064518,50.80000000000001,75.93548387096774,272.0,29.9,9.0,14.133333333333333,2.6,74.0,48.0,0.0,15.0,15.260000000000002,3.0999999999999996,72.86666666666666,52.8,0.0,31.0,13.629032258064518,50.80000000000001,75.93548387096774,272.0,29.9
Yorkshire and The Humber,1977,128.0,154.0,179.0,199.0,17.0,1069.6000000000004,0.5284435932416751,27.0,10.033333333333333,29.2,74.48148148148148,217.6,19.5,18.0,11.200000000000001,67.8,76.88888888888889,201.6,48.599999999999994,,,,,,,15.0,10.780000000000001,61.300000000000004,77.66666666666667,177.6,48.60000000000001,31.0,11.193548387096772,67.8,75.03225806451613,227.20000000000002,48.60000000000001
Yorkshire and The Humber,1978,133.0,154.0,178.0,200.0,17.0,1075.9,0.5629940752519224,22.0,11.981818181818182,17.499999999999996,77.95454545454545,169.6,11.799999999999999,18.0,13.122222222222222,13.5,71.27777777777777,72.0,0.0,,,,,,,15.0,12.366666666666669,11.6,70.46666666666667,48.0,0.0,31.0,13.280645161290321,17.7,73.61290322580645,142.4,0.9
Yorkshire and The Humber,1979,147.0,167.0,188.0,207.0,4.0,927.3999999999997,0.38150202471626776,21.0,12.647619047619045,60.8,80.0,294.4,47.89333333333333,5.0,16.2,0.0,75.8,8.0,0.0,,,,,,,15.0,13.639999999999999,14.100000000000001,77.93333333333334,132.8,5.333333333333333,31.0,12.587096774193547,103.89999999999999,79.80645161290323,424.00000000000006,79.32
Yorkshire and The Humber,1980,125.0,149.0,171.0,195.0,23.0,1169.6000000000006,0.6712975942272057,25.0,10.62,15.9,70.88,118.4,1.9600000000000006,24.0,13.445833333333333,65.2,77.70833333333333,436.8,44.6,2.0,12.75,2.0,71.0,24.0,0.0,15.0,13.506666666666666,45.900000000000006,78.73333333333333,283.2,35.64000000000001,31.0,13.01935483870968,67.19999999999999,76.96774193548387,473.6,44.60000000000001
Yorkshire and The Humber,1981,117.0,141.0,165.0,188.0,30.0,1228.3999999999999,0.751378172587359,25.0,10.172000000000002,47.800000000000004,78.92,366.40000000000003,17.3,31.0,12.864516129032259,58.1,77.96774193548387,409.6,32.373333333333335,7.0,12.900000000000002,3.5,76.0,48.0,0.0,15.0,13.046666666666669,17.699999999999996,76.2,169.6,2.9,31.0,12.864516129032259,58.1,77.96774193548387,409.6,32.373333333333335
Yorkshire and The Humber,1982,114.0,141.0,159.0,183.0,30.0,1291.9000000000005,0.8267417026251243,28.0,9.735714285714286,18.200000000000003,70.67857142857143,166.4,5.753333333333334,31.0,14.61290322580645,55.2,74.96774193548387,281.6,23.773333333333333,13.0,12.799999999999999,23.2,76.0,155.20000000000002,3.6000000000000005,15.0,13.599999999999996,37.10000000000001,76.26666666666667,179.20000000000002,17.5,31.0,14.61290322580645,55.2,74.96774193548387,281.6,23.773333333333333
Yorkshire and The Humber,1983,119.0,147.0,171.0,191.0,24.0,1133.1000000000001,0.6488235294117647,29.0,8.913793103448276,127.2,82.6896551724138,550.4,107.73333333333333,25.0,12.168000000000001,51.900000000000006,78.2,273.6,38.2,1.0,14.1,0.0,76.0,1.6,0.0,15.0,12.966666666666665,4.8999999999999995,74.2,71.99999999999999,0.0,31.0,11.564516129032258,64.0,78.35483870967742,332.8,50.3
Yorkshire and The Humber,1984,129.0,155.0,176.0,195.0,17.0,1089.1000000000001,0.5970588235294118,27.0,9.63703703703704,56.00000000000001,76.14814814814815,300.8,39.56666666666667,18.0,14.622222222222222,33.8,78.27777777777777,252.79999999999998,24.74,,,,,,,15.0,15.153333333333332,17.099999999999998,78.06666666666666,180.79999999999998,8.040000000000001,31.0,12.983870967741934,65.9,78.58064516129032,406.40000000000003,44.50666666666667
Yorkshire and The Humber,1985,132.0,154.0,179.0,198.0,17.0,1022.7000000000004,0.5258905108820514,23.0,11.469565217391304,57.50000000000001,79.30434782608695,323.2,45.28666666666667,18.0,10.983333333333333,52.800000000000004,78.11111111111111,283.2,37.7,,,,,,,15.0,10.713333333333335,51.1,77.2,238.4,37.7,31.0,11.380645161290323,79.19999999999999,77.3225806451613,435.20000000000005,60.8
Yorkshire and The Humber,1986,138.0,160.0,181.0,200.0,11.0,996.8,0.4783401903155562,23.0,11.543478260869565,42.3,74.95652173913044,249.6,5.380000000000001,12.0,13.791666666666666,21.599999999999998,77.58333333333333,123.19999999999999,19.099999999999998,,,,,,,15.0,13.233333333333336,22.999999999999996,76.53333333333333,147.2,19.099999999999998,31.0,12.193548387096774,42.99999999999999,75.45161290322581,324.8,24.48
Yorkshire and The Humber,1987,126.0,152.0,179.0,197.0,19.0,1033.4999999999995,0.5383908155269896,27.0,9.722222222222221,38.9,76.74074074074075,356.79999999999995,26.9,20.0,10.91,90.79999999999998,80.9,408.0,73.3,,,,,,,15.0,10.626666666666667,67.69999999999999,80.73333333333333,312.0,63.0,31.0,10.735483870967743,100.2,80.16129032258064,569.6,76.00000000000001
Yorkshire and The Humber,1988,111.0,138.0,164.0,184.0,34.0,1263.9999999999995,0.7920612287296568,28.0,9.457142857142856,59.800000000000004,78.82142857142857,316.80000000000007,35.77333333333333,35.0,12.237142857142857,44.300000000000004,75.94285714285714,332.8,16.3,9.0,14.466666666666665,1.3,77.11111111111111,59.2,0.0,15.0,13.473333333333334,9.1,77.13333333333334,102.4,0.0,31.0,12.748387096774193,41.20000000000001,76.06451612903226,299.2,16.3
Yorkshire and The Humber,1989,98.0,130.0,156.0,175.0,41.0,1387.0000000000002,0.9354147073785439,33.0,7.836363636363637,54.0,76.60606060606061,404.8,18.14,42.0,13.002380952380953,35.6,71.85714285714286,280.0,8.066666666666666,16.0,15.41875,19.7,71.5625,121.6,4.266666666666667,15.0,15.8,19.6,71.6,121.6,4.266666666666667,31.0,13.567741935483872,27.900000000000002,71.41935483870968,204.8,4.266666666666667
Yorkshire and The Humber,1990,82.0,117.0,143.0,168.0,54.0,1478.6999999999998,1.0651083857747048,36.0,7.138888888888889,29.2,73.11111111111111,329.59999999999997,19.4,55.0,12.016363636363637,71.69999999999999,74.30909090909091,454.4,29.54,29.0,12.613793103448277,41.6,72.44827586206897,224.0,17.5,15.0,12.66,22.500000000000004,74.66666666666667,128.0,9.8,31.0,12.503225806451614,41.6,72.6774193548387,227.2,17.5
Yorkshire and The Humber,1991,118.0,144.0,172.0,191.0,27.0,1126.3000000000006,0.6468273904113944,27.0,9.562962962962963,20.3,75.07407407407408,201.6,2.3,28.0,11.049999999999997,68.19999999999999,76.92857142857143,382.40000000000003,42.8,,,,,,,15.0,11.413333333333334,55.99999999999999,78.6,260.8,40.0,31.0,11.245161290322578,68.19999999999999,76.41935483870968,382.40000000000003,42.8
Yorkshire and The Humber,1992,108.0,134.0,155.0,175.0,38.0,1402.2,0.9571801973900216,27.0,9.785185185185185,37.800000000000004,75.07407407407408,395.20000000000005,8.1,39.0,14.651282051282054,27.1,76.02564102564102,339.2,15.526666666666666,18.0,14.811111111111112,11.1,74.61111111111111,158.39999999999998,5.6,15.0,15.033333333333333,3.2,73.13333333333334,86.39999999999999,0.0,31.0,15.022580645161288,27.1,76.29032258064517,318.4,15.526666666666666
Yorkshire and The Humber,1993,106.0,130.0,156.0,178.0,41.0,1360.4999999999998,0.9079178490476703,25.0,10.148000000000001,55.3,78.8,265.6,21.313333333333333,42.0,12.611904761904762,102.1,78.16666666666667,560.0,56.160000000000004,16.0,14.35,32.599999999999994,77.5,177.6,19.980000000000004,15.0,14.313333333333334,32.6,77.73333333333333,177.6,19.98,31.0,13.219354838709679,54.7,78.48387096774194,376.0,33.77333333333333
Yorkshire and The Humber,1994,117.0,141.0,167.0,186.0,30.0,1217.8000000000002,0.7207288404539032,25.0,10.384,33.9,76.6,227.2,16.906666666666666,31.0,11.983870967741936,24.300000000000004,72.58064516129032,224.0,3.1866666666666665,5.0,14.620000000000001,5.0,72.2,48.0,0.0,15.0,13.713333333333336,7.800000000000001,70.6,81.6,0.0,31.0,11.983870967741936,24.300000000000004,72.58064516129032,224.0,3.1866666666666665
Yorkshire and The Humber,1995,110.0,136.0,162.0,183.0,35.0,1246.6999999999998,0.7913237763390113,27.0,9.318518518518518,28.5,72.22222222222223,201.6,6.4,36.0,11.883333333333333,58.60000000000001,72.52777777777777,390.4,33.3,10.0,12.6,4.699999999999999,73.4,54.4,0.0,15.0,12.259999999999998,9.299999999999999,72.53333333333333,102.4,3.0,31.0,12.583870967741934,43.400000000000006,72.54838709677419,294.4,22.9
Yorkshire and The Humber,1996,127.0,154.0,175.0,196.0,18.0,1086.6000000000001,0.6074587439617498,28.0,9.225,53.100000000000016,74.96428571428571,392.0,20.9,19.0,14.194736842105259,32.1,72.0,150.4,23.4,,,,,,,15.0,14.446666666666665,25.6,71.13333333333334,97.6,19.7,31.0,13.21290322580645,62.9,73.7741935483871,374.40000000000003,40.599999999999994
Yorkshire and The Humber,1997,100.0,129.0,156.0,178.0,42.0,1345.7,0.9111599804546896,30.0,8.706666666666667,54.6,74.9,313.6,37.24666666666667,43.0,12.290697674418604,91.6,76.65116279069767,489.6,52.54666666666667,16.0,14.075,57.8,77.8125,236.8,30.346666666666664,15.0,14.099999999999998,55.6,78.0,212.79999999999998,30.2,31.0,12.74516129032258,59.50000000000001,75.25806451612904,273.59999999999997,30.346666666666668
Yorkshire and The Humber,1998,89.0,123.0,148.0,171.0,48.0,1421.6,1.0022330775691417,35.0,7.459999999999999,134.8,79.62857142857143,619.2,108.30000000000001,49.0,12.424489795918367,116.9,78.81632653061224,609.6,81.86666666666667,24.0,12.804166666666667,91.69999999999999,81.08333333333333,385.59999999999997,69.28666666666666,15.0,13.400000000000002,55.3,81.0,256.0,36.61333333333334,31.0,12.619354838709679,99.1,79.38709677419355,433.59999999999997,73.48666666666668
Yorkshire and The Humber,1999,97.0,127.0,151.0,174.0,44.0,1381.7,0.9591839202922147,31.0,8.56774193548387,88.80000000000001,80.61290322580645,513.5999999999999,72.10000000000001,45.0,12.642222222222221,109.3,75.95555555555555,481.59999999999997,63.68,21.0,12.866666666666665,62.3,77.0952380952381,232.0,30.280000000000005,15.0,13.140000000000002,46.2,76.8,160.0,24.080000000000002,31.0,12.912903225806451,71.30000000000001,75.45161290322581,307.20000000000005,30.28
Yorkshire and The Humber,2000,100.0,129.0,155.0,176.0,43.0,1371.9000000000005,0.9473603782443683,30.0,8.69,105.0,80.6,457.5999999999999,77.86,44.0,12.793181818181814,106.7,77.38636363636364,588.8,80.94,18.0,14.633333333333335,35.7,76.27777777777777,150.4,23.64,15.0,15.360000000000003,13.200000000000001,74.13333333333334,97.6,1.5400000000000003,31.0,12.94516129032258,92.1,76.80645161290323,414.40000000000003,70.34
Yorkshire and The Humber,2001,129.0,149.0,174.0,190.0,22.0,1095.4999999999998,0.6130253039434664,21.0,12.438095238095238,26.400000000000002,77.66666666666667,174.39999999999998,23.700000000000003,23.0,12.1,51.9,74.0,297.6,34.7,,,,,,,15.0,12.026666666666667,42.6,76.2,201.6,32.400000000000006,31.0,12.641935483870968,53.300000000000004,74.7741935483871,350.4,34.7
Yorkshire and The Humber,2002,92.0,121.0,147.0,169.0,50.0,1448.7999999999997,1.0457188142439742,30.0,8.37,30.7,74.46666666666667,209.6,11.7,51.0,12.678431372549017,133.99999999999997,77.01960784313725,696.0,74.14,25.0,13.86,62.8,76.0,316.79999999999995,38.02,15.0,14.693333333333332,37.7,76.4,148.8,19.520000000000003,31.0,13.658064516129034,102.5,75.29032258064517,436.79999999999995,58.34
Yorkshire and The Humber,2003,105.0,129.0,153.0,172.0,42.0,1390.0,0.9908241540781022,25.0,10.703999999999999,57.199999999999996,73.52,233.60000000000002,44.72666666666667,43.0,13.80232558139535,104.2,74.81395348837209,552.0,44.486666666666665,19.0,15.742105263157896,35.50000000000001,73.10526315789474,201.60000000000002,4.02,15.0,15.593333333333332,28.4,72.46666666666667,153.6,0.6200000000000001,31.0,15.248387096774193,56.70000000000001,74.7741935483871,384.0,18.886666666666667
Yorkshire and The Humber,2004,101.0,126.0,152.0,172.0,46.0,1411.7000000000005,1.0114374928707273,26.0,9.865384615384615,90.10000000000001,78.3076923076923,316.8,38.26,47.0,13.129787234042556,60.900000000000006,76.1063829787234,424.0,28.12,21.0,14.966666666666665,36.900000000000006,76.33333333333333,187.2,13.7,15.0,15.453333333333331,24.599999999999998,74.6,124.8,11.3,31.0,13.793548387096774,48.50000000000001,75.06451612903226,260.8,22.800000000000004
Yorkshire and The Humber,2005,100.0,127.0,155.0,175.0,44.0,1343.6,0.9191823838367862,28.0,9.092857142857143,81.39999999999999,78.92857142857143,436.8,60.5,45.0,11.944444444444445,80.5,75.04444444444445,449.6,35.58,17.0,14.02941176470588,26.4,78.0,180.8,8.780000000000001,15.0,14.226666666666668,17.5,77.26666666666667,132.8,1.4800000000000004,31.0,13.451612903225806,56.9,76.45161290322581,329.6,20.28
Yorkshire and The Humber,2006,117.0,139.0,163.0,182.0,32.0,1240.9999999999998,0.8106720963986466,23.0,11.430434782608694,62.7,77.6086956521739,299.2,40.599999999999994,33.0,13.39090909090909,68.5,76.0,376.0,32.1,9.0,16.366666666666667,18.1,76.33333333333333,107.2,0.0,15.0,16.526666666666667,18.2,75.8,118.39999999999999,0.0,31.0,13.516129032258064,54.5,75.51612903225806,328.00000000000006,21.400000000000002
Yorkshire and The Humber,2007,90.0,114.0,142.0,165.0,57.0,1498.4,1.1156558428229795,25.0,10.228000000000002,6.4,76.68,152.0,0.0,58.0,12.29137931034483,183.79999999999998,78.17241379310344,766.3999999999999,142.11333333333334,30.0,13.403333333333332,112.70000000000002,80.1,444.8,91.23333333333335,15.0,14.74,96.30000000000001,82.53333333333333,254.40000000000003,83.03333333333335,31.0,13.345161290322581,112.70000000000002,79.93548387096774,444.8,91.23333333333335
Yorkshire and The Humber,2008,102.0,130.0,155.0,177.0,42.0,1334.8000000000006,0.9229663732094934,29.0,8.903448275862068,71.7,79.65517241379311,404.8,53.193333333333335,43.0,12.648837209302327,94.89999999999999,76.5813953488372,428.8,65.56666666666666,18.0,13.31111111111111,57.1,75.83333333333333,246.4,41.3,15.0,13.093333333333334,36.1,75.26666666666667,222.4,20.3,31.0,13.135483870967741,93.8,77.19354838709677,395.2,65.56666666666666
Yorkshire and The Humber,2009,112.0,136.0,161.0,181.0,35.0,1268.9000000000003,0.8074011566161841,25.0,10.204,53.900000000000006,72.96,336.0,30.3,36.0,12.369444444444444,83.7,74.80555555555556,408.0,44.94000000000001,11.0,13.190909090909093,28.599999999999998,74.81818181818181,121.6,12.739999999999998,15.0,12.48666666666667,42.099999999999994,75.26666666666667,169.6,22.04,31.0,12.596774193548386,64.39999999999999,74.51612903225806,312.0,30.44
Yorkshire and The Humber,2010,126.0,150.0,172.0,189.0,21.0,1110.6,0.6372065129879058,25.0,10.551999999999998,20.5,72.56,185.60000000000002,7.4,22.0,13.372727272727275,31.2,75.27272727272727,187.2,8.6,,,,,,,15.0,13.013333333333334,24.800000000000004,76.2,137.60000000000002,8.6,31.0,13.270967741935483,37.900000000000006,74.25806451612904,246.4,13.1
Yorkshire and The Humber,2011,99.0,123.0,148.0,171.0,48.0,1400.1,1.0021334969743898,25.0,10.244000000000002,6.6,73.4,104.00000000000001,0.24,49.0,12.338775510204082,88.4,70.95918367346938,478.4,48.5,24.0,12.754166666666668,48.199999999999996,72.20833333333333,256.0,31.1,15.0,12.706666666666667,41.2,71.73333333333333,216.0,31.099999999999998,31.0,12.53225806451613,60.7,70.87096774193549,328.0,31.099999999999998
Yorkshire and The Humber,2012,101.0,135.0,160.0,182.0,37.0,1259.3000000000006,0.8260610373386755,35.0,7.308571428571429,154.90000000000003,79.02857142857142,540.8,100.64666666666668,38.0,12.00263157894737,130.3,78.57894736842105,476.8,87.27333333333331,13.0,12.399999999999999,70.19999999999999,77.76923076923077,164.8,49.88666666666667,15.0,12.453333333333335,94.99999999999999,79.4,212.8,74.68666666666667,31.0,12.899999999999999,117.0,78.96774193548387,363.2,77.80666666666666
Yorkshire and The Humber,2013,131.0,155.0,177.0,196.0,16.0,1028.6999999999998,0.5557751552325348,25.0,10.304,70.20000000000002,75.76,372.79999999999995,62.28,17.0,13.335294117647058,29.1,75.82352941176471,124.80000000000001,14.926666666666666,,,,,,,15.0,13.533333333333333,29.1,75.8,120.0,14.926666666666666,31.0,12.206451612903225,56.900000000000006,75.03225806451613,276.79999999999995,38.70666666666667
Yorkshire and The Humber,2014,96.0,122.0,147.0,169.0,49.0,1443.8,1.051519021077562,27.0,9.385185185185186,39.6,79.14814814814815,283.2,30.19333333333333,50.0,12.974000000000004,155.70000000000002,78.58,656.0,101.63999999999999,25.0,14.04,61.9,79.88,315.20000000000005,29.186666666666667,15.0,14.953333333333331,20.3,78.2,150.4,0.0,31.0,13.70322580645161,102.30000000000001,80.06451612903226,414.4000000000001,59.38666666666667
Yorkshire and The Humber,2015,111.0,138.0,165.0,184.0,33.0,1207.2999999999997,0.7558306215765542,28.0,9.210714285714285,66.3,72.89285714285714,264.0,23.166666666666664,34.0,11.605882352941178,47.6,72.44117647058823,276.8,18.299999999999997,7.0,13.228571428571428,3.5,73.42857142857143,38.400000000000006,2.4,15.0,12.366666666666667,10.399999999999999,73.4,99.19999999999999,4.1,31.0,11.861290322580645,38.3,72.35483870967742,228.79999999999998,16.2
Yorkshire and The Humber,2016,110.0,139.0,163.0,183.0,33.0,1251.1999999999998,0.8124942027090128,30.0,8.856666666666667,28.1,74.63333333333334,276.8,18.42,34.0,13.014705882352942,68.39999999999999,81.70588235294117,470.40000000000003,31.44,10.0,14.14,29.800000000000004,84.0,192.0,24.0,15.0,14.42,39.1,82.73333333333333,235.20000000000002,25.86,31.0,13.087096774193547,62.5,81.6774193548387,417.59999999999997,29.04
Yorkshire and The Humber,2017,92.0,120.0,145.0,165.0,51.0,1520.9999999999998,1.1411340864130373,29.0,8.748275862068967,20.600000000000005,72.79310344827586,216.0,9.4,52.0,14.01153846153846,113.30000000000001,75.4423076923077,462.4,73.6,27.0,16.099999999999998,66.5,75.70370370370371,260.8,36.4,15.0,16.44666666666667,37.7,74.53333333333333,128.0,29.0,31.0,15.983870967741936,66.79999999999998,75.38709677419355,262.4,36.4
Yorkshire and The Humber,2018,112.0,135.0,156.0,176.0,36.0,1356.1000000000001,0.9190097130383147,24.0,11.2125,53.0,74.29166666666667,276.79999999999995,18.5,37.0,14.389189189189189,58.8,78.0,339.2,30.473333333333333,16.0,14.95,14.299999999999999,74.5625,99.19999999999999,1.12,15.0,15.053333333333333,14.3,74.6,99.19999999999999,1.12,31.0,14.909677419354843,58.300000000000004,78.83870967741936,336.0,30.473333333333333
Yorkshire and The Humber,2019,92.0,121.0,149.0,171.0,50.0,1412.3999999999999,1.012428289284912,30.0,8.553333333333335,25.099999999999998,75.5,232.00000000000003,12.2,51.0,12.0921568627451,153.8,76.54901960784314,697.6,101.28,23.0,13.782608695652174,96.7,78.21739130434783,368.0,64.0,15.0,13.16,78.6,80.4,268.8,61.9,31.0,13.596774193548386,115.80000000000001,76.7741935483871,464.0,76.99999999999999
Yorkshire and The Humber,2020,93.0,118.0,145.0,167.0,54.0,1519.7000000000005,1.1036470588235299,26.0,9.915384615384614,8.4,69.8076923076923,113.6,2.5,55.0,12.629090909090907,105.8,71.61818181818182,593.6,72.19999999999999,28.0,14.082142857142857,79.9,74.0,350.4,61.699999999999996,15.0,13.780000000000001,66.7,80.93333333333334,278.4,52.199999999999996,31.0,14.206451612903225,81.9,72.38709677419355,374.4,61.699999999999996
Yorkshire and The Humber,2021,111.0,141.0,162.0,182.0,30.0,1279.1999999999998,0.8207058823529408,31.0,8.641935483870967,102.70000000000002,75.41935483870968,515.2,70.68,31.0,14.458064516129031,46.0,75.61290322580645,307.20000000000005,31.08,10.0,16.259999999999998,12.600000000000001,72.1,73.6,7.68,15.0,16.513333333333332,16.1,73.2,121.6,7.68,31.0,14.458064516129031,46.0,75.61290322580645,307.20000000000005,31.08
Yorkshire and The Humber,2022,94.0,120.0,143.0,166.0,51.0,1512.1999999999996,1.1061095938876198,27.0,9.496296296296297,32.5,74.14814814814815,246.4,20.5,52.0,13.413461538461537,87.3,73.11538461538461,488.0,30.98666666666667,29.0,13.755172413793103,43.2,71.34482758620689,240.0,23.9,15.0,15.346666666666668,21.300000000000004,68.93333333333334,72.0,11.4,31.0,13.761290322580644,43.60000000000001,71.58064516129032,244.8,23.9
Yorkshire and The Humber,2023,90.0,120.0,145.0,166.0,51.0,1499.2000000000005,1.1176179269705888,31.0,8.287096774193548,62.39999999999999,78.12903225806451,406.40000000000003,40.78,52.0,13.567307692307692,82.2,73.92307692307692,350.4,50.80666666666667,27.0,14.985185185185184,43.5,70.29629629629629,100.8,29.9,15.0,16.56,42.7,69.2,96.0,29.9,31.0,14.751612903225803,43.5,70.29032258064517,100.8,29.9
Yorkshire and The Humber,2024,86.0,112.0,138.0,161.0,60.0,1564.5999999999995,1.1765063200335306,27.0,9.518518518518519,68.7,75.66666666666667,388.8,40.42666666666667,61.0,12.409836065573769,160.4,77.98360655737704,808.0,105.50666666666666,35.0,13.082857142857144,110.1,77.4,504.0,93.90666666666667,15.0,12.533333333333335,47.0,75.0,219.2,40.599999999999994,31.0,12.916129032258066,109.69999999999999,77.45161290322581,487.99999999999994,93.90666666666667
Yorkshire and The Humber,2025,105.0,129.0,152.0,171.0,42.0,1448.5999999999995,1.0199999999999991,25.0,10.648,11.7,75.56,113.6,0.0,43.0,14.369767441860468,65.2,72.53488372093024,337.6,27.086666666666666,20.0,15.89,34.4,70.3,171.2,16.753333333333334,15.0,16.639999999999997,22.200000000000003,70.6,99.2,16.60666666666667,31.0,15.083870967741936,64.39999999999999,72.2258064516129,329.6,27.086666666666666
Yorkshire and The Humber,2026,94.0,120.0,146.0,165.0,51.0,1539.9999999999995,1.1275294117647052,27.0,9.45185185185185,18.200000000000003,74.03703703703704,187.20000000000002,8.7,52.0,13.805769230769231,103.5,74.1923076923077,484.79999999999995,55.553333333333335,26.0,15.8,49.7,73.57692307692308,230.4,35.3,15.0,15.246666666666668,30.1,75.2,158.39999999999998,22.3,31.0,16.216129032258067,50.89999999999999,73.41935483870968,255.99999999999997,35.3
