Region,Year,autumn_thermal_time,autumn_wetness_hours,autumn_wet_day_frac,autumn_splash_risk,winter_thermal_time,winter_wetness_hours,winter_wet_day_frac,winter_splash_risk,spring_thermal_time,spring_wetness_hours,spring_wet_day_frac,spring_splash_risk,spring_to_june_thermal_time,spring_to_june_wetness_hours,spring_to_june_wet_day_frac,spring_to_june_splash_risk,season_total_thermal_time,season_total_wetness_hours,season_total_wet_day_frac,season_total_splash_risk
East,1971,1241.5,1243.2,0.5714285714285714,109.81333333333332,599.4,1755.2,0.8333333333333334,87.61333333333333,943.6,1113.6000000000001,0.4673913043478261,92.35333333333335,1397.9,1542.3999999999999,0.48360655737704916,138.53333333333333,3238.8,4540.8,0.6138613861386139,335.96
East,1972,1187.4,1289.6,0.5934065934065934,84.46,645.6,1827.1999999999998,0.9,100.56666666666666,998.7000000000002,1395.2000000000003,0.6304347826086957,107.80666666666667,1442.4000000000003,1787.2,0.5983606557377049,147.34,3283.3,4928.0,0.6875,332.3666666666667
East,1973,1117.5000000000002,1184.0,0.5384615384615384,60.54666666666667,634.1999999999999,1748.8000000000002,0.8222222222222222,66.58,964.0,1081.6,0.43478260869565216,67.75333333333334,1495.2,1256.0,0.38524590163934425,146.2866666666667,3246.8999999999996,4188.8,0.5610561056105611,269.97333333333336
East,1974,1099.2000000000003,1244.8,0.5604395604395604,68.65333333333334,688.6000000000001,1660.8,0.7777777777777778,120.45333333333333,968.9000000000001,968.0,0.43478260869565216,37.8,1453.2,1289.6,0.4262295081967213,48.846666666666664,3241.0,4195.200000000001,0.570957095709571,228.35333333333332
East,1975,1003.2,1464.0,0.6703296703296703,169.80666666666667,774.1,1488.0,0.6888888888888889,71.22,894.2999999999998,1260.8000000000002,0.5543478260869565,116.94666666666666,1379.7999999999997,1443.1999999999998,0.47540983606557374,132.64666666666665,3157.0999999999995,4395.2,0.5973597359735974,373.67333333333335
East,1976,1128.5999999999997,1193.6000000000001,0.5274725274725275,75.84,636.2,1515.2,0.7555555555555555,66.66666666666667,981.2999999999998,831.9999999999999,0.33695652173913043,34.00666666666667,1574.3999999999999,912.0,0.2786885245901639,34.00666666666667,3349.7999999999997,3628.8,0.4934210526315789,176.51333333333335
East,1977,1153.2,1664.0,0.7472527472527473,213.64666666666668,481.1,1862.3999999999999,0.8666666666666667,175.30666666666667,949.6,1124.8,0.4782608695652174,86.98,1400.3,1428.8000000000002,0.45901639344262296,115.71999999999998,3034.6,4955.2,0.6666666666666666,501.87333333333333
East,1978,1194.1000000000001,1118.3999999999999,0.4725274725274725,30.7,563.3,1601.6,0.7555555555555555,148.66,932.3000000000001,1233.6,0.5,91.38666666666667,1420.7,1585.6,0.4918032786885246,148.18666666666664,3178.1,4305.6,0.5643564356435643,326.3466666666667
East,1979,1263.8,1081.6000000000001,0.4725274725274725,16.88,371.9,1726.3999999999999,0.8111111111111111,186.7,916.4,1548.7999999999997,0.6739130434782609,176.53333333333336,1419.8999999999999,1827.2,0.5901639344262295,181.87333333333333,3055.5999999999995,4635.2,0.6204620462046204,385.4533333333334
East,1980,1185.9,1214.3999999999999,0.5274725274725275,83.23333333333332,606.0,1713.6000000000001,0.8444444444444444,143.46,943.3,867.2,0.3695652173913043,52.32,1445.3,1222.3999999999999,0.39344262295081966,93.34666666666666,3246.7999999999997,4168.0,0.569078947368421,320.03999999999996
East,1981,1152.3999999999996,1142.4,0.5494505494505495,75.99333333333334,582.9000000000001,1424.0,0.6666666666666666,63.27333333333333,1050.2,1475.1999999999998,0.6521739130434783,176.89333333333332,1525.1000000000001,1713.6,0.5573770491803278,183.57333333333332,3260.3999999999996,4280.0,0.5874587458745875,322.84000000000003
East,1982,1156.7,1328.0,0.5934065934065934,115.50666666666666,459.5,1700.8,0.8111111111111111,72.68666666666667,1014.4,926.4000000000001,0.3695652173913043,56.96,1562.3,1411.1999999999998,0.4262295081967213,116.70666666666666,3178.5,4440.0,0.5907590759075908,304.9
East,1983,1229.1,1518.4,0.7032967032967034,156.03333333333333,586.9,1318.4,0.5888888888888889,72.55333333333334,932.9000000000001,1481.6000000000001,0.6413043478260869,122.07333333333332,1433.1999999999998,1731.1999999999998,0.5573770491803278,139.17999999999998,3249.2,4568.0,0.6105610561056105,367.76666666666665
East,1984,1200.2,1305.6000000000001,0.5934065934065934,87.80000000000001,566.7,1558.4,0.7555555555555555,106.58666666666667,884.4000000000001,840.0,0.358695652173913,69.77333333333333,1386.1,1163.2,0.36065573770491804,95.91333333333333,3158.5,4040.0,0.5493421052631579,290.29999999999995
East,1985,1247.7,1339.2,0.5824175824175825,94.33333333333334,456.1,1588.8,0.7333333333333333,55.81333333333334,958.5999999999999,1228.8,0.5108695652173914,111.78666666666668,1413.2,1704.0000000000002,0.5409836065573771,204.2466666666667,3117.0,4632.0,0.6105610561056105,354.3933333333333
East,1986,1135.2000000000003,1190.3999999999999,0.5384615384615384,39.2,505.59999999999997,1384.0,0.6333333333333333,116.32,912.3000000000001,1390.4,0.6086956521739131,135.74666666666667,1432.7,1580.8,0.5245901639344263,141.19333333333333,3073.5,4155.2,0.5610561056105611,294.21333333333337
East,1987,1147.0,1443.2000000000003,0.6703296703296703,99.91333333333333,520.1,1491.2,0.6888888888888889,69.48,958.4,1121.6,0.45652173913043476,100.52000000000001,1426.6000000000004,1662.4,0.5245901639344263,163.4666666666667,3093.7000000000003,4596.799999999999,0.6171617161716172,331.3666666666667
East,1988,1161.1999999999998,1395.1999999999998,0.6043956043956044,136.92666666666668,693.9,1569.6,0.7111111111111111,110.19999999999999,1013.9,1176.0,0.5,117.41333333333334,1505.6,1457.6000000000001,0.45901639344262296,131.4,3365.4,4422.4,0.5756578947368421,378.52666666666664
East,1989,1135.8999999999999,1369.6,0.6263736263736264,73.69333333333334,781.5999999999999,1582.3999999999999,0.7222222222222222,42.45333333333333,1077.9000000000003,966.4,0.391304347826087,64.18666666666667,1596.8,1206.4,0.3770491803278688,91.98666666666666,3514.3,4158.4,0.5544554455445545,208.13333333333333
East,1990,1245.3999999999999,1124.8000000000002,0.4725274725274725,65.10666666666665,799.4,1656.0,0.7444444444444445,148.7866666666667,1132.7999999999997,569.5999999999999,0.22826086956521738,19.186666666666667,1634.5,880.0,0.27049180327868855,25.886666666666667,3679.2999999999993,3660.8,0.47194719471947194,239.78
East,1991,1220.3,1105.6,0.4945054945054945,56.760000000000005,518.5999999999999,1660.8,0.8222222222222222,94.33333333333334,1031.9,1057.6,0.43478260869565216,60.43333333333334,1478.5,1643.2,0.5327868852459017,128.98666666666668,3217.4,4409.6,0.6072607260726073,280.08000000000004
East,1992,1196.5,1121.6,0.5274725274725275,82.11333333333334,606.6999999999999,1584.0,0.7222222222222222,49.013333333333335,1136.2,974.4,0.42391304347826086,92.39999999999999,1692.5,1201.6,0.38524590163934425,109.99333333333334,3505.7999999999997,3924.8,0.5296052631578947,240.02666666666667
East,1993,1108.1,1281.6000000000001,0.5714285714285714,134.89333333333335,643.0999999999999,1668.8,0.8111111111111111,54.25333333333333,1079.6,915.1999999999999,0.3804347826086957,128.33333333333334,1610.1,1112.0,0.3442622950819672,143.56666666666666,3361.2999999999997,4062.4,0.5511551155115512,332.7133333333333
East,1994,1020.9000000000001,1472.0,0.6923076923076923,148.3466666666667,626.4,1633.6000000000001,0.7666666666666667,150.40666666666667,1048.1,1052.8,0.45652173913043476,81.72,1577.7,1188.8,0.38524590163934425,88.11333333333334,3225.0,4294.4,0.5907590759075908,386.8666666666667
East,1995,1222.1000000000001,1452.8000000000002,0.6373626373626373,104.69333333333333,729.3000000000001,1595.2,0.7555555555555555,114.19999999999999,1021.0,780.8,0.31521739130434784,67.3,1502.6,964.8,0.28688524590163933,78.69999999999999,3453.9999999999995,4012.8,0.5313531353135313,293.3266666666667
East,1996,1263.6000000000001,1320.0,0.5714285714285714,73.32666666666668,464.0999999999999,1500.8,0.7333333333333333,107.31333333333333,879.3,867.1999999999999,0.391304347826087,34.29333333333334,1419.0000000000002,892.8,0.30327868852459017,34.52666666666667,3151.1,3731.2,0.5131578947368421,215.16666666666666
East,1997,1159.7,1051.1999999999998,0.45054945054945056,89.78666666666668,548.0999999999999,1531.1999999999998,0.7111111111111111,63.13333333333333,1106.6000000000001,755.2,0.32608695652173914,49.693333333333335,1610.1000000000001,1140.8,0.3770491803278688,123.22666666666666,3317.8999999999996,3723.2,0.49834983498349833,276.14666666666665
East,1998,1214.8999999999999,1204.8000000000002,0.5384615384615384,91.75333333333334,749.6,1478.4,0.6777777777777778,107.63333333333334,1111.6999999999998,1244.8,0.532608695652174,148.70666666666665,1625.0999999999997,1737.6,0.5655737704918032,212.24666666666667,3589.6000000000004,4420.799999999999,0.5907590759075908,411.6333333333333
East,1999,1149.1,1497.6000000000001,0.6703296703296703,113.00666666666665,694.6999999999999,1644.8,0.7777777777777778,126.02666666666667,1139.0,1040.0,0.44565217391304346,68.62,1630.1,1324.8,0.4262295081967213,90.43333333333334,3473.9,4467.199999999999,0.6039603960396039,329.4666666666667
East,2000,1270.8999999999999,1240.0,0.5494505494505495,95.46000000000001,671.0,1547.2000000000003,0.7,85.62,1072.8,1238.4,0.5,149.80666666666667,1603.6999999999998,1515.2000000000003,0.4672131147540984,154.80666666666667,3554.0999999999995,4326.4,0.5625,347.3866666666667
East,2001,1209.9999999999998,1555.2,0.7142857142857143,256.42,602.0000000000001,1785.6,0.8666666666666667,146.04,988.2,1161.6000000000001,0.5,119.47333333333333,1486.4,1377.6,0.45081967213114754,147.47333333333336,3298.4,4718.400000000001,0.6534653465346535,549.2
East,2002,1247.8999999999999,1572.8,0.7362637362637363,131.67333333333332,703.5,1681.6,0.7888888888888889,80.16,1101.9,902.4,0.391304347826087,64.7,1628.4,1142.3999999999999,0.3770491803278688,72.9,3579.7999999999997,4396.799999999999,0.6072607260726073,284.73333333333335
East,2003,1226.9,1193.6,0.4945054945054945,134.0666666666667,621.6999999999999,1467.2000000000003,0.7111111111111111,117.48,1121.8000000000002,777.6,0.32608695652173914,36.2,1697.7999999999997,1092.8,0.3524590163934426,86.39333333333333,3546.3999999999996,3753.6000000000004,0.5016501650165016,337.94
East,2004,1205.6,916.8,0.4065934065934066,78.50666666666666,670.2,1572.7999999999997,0.7555555555555555,135.37333333333333,1075.8999999999999,977.5999999999999,0.41304347826086957,56.02,1623.5,1264.0,0.4016393442622951,82.2,3502.7,3758.4,0.506578947368421,296.08
East,2005,1238.5,1355.2,0.6263736263736264,62.906666666666666,662.8,1569.6000000000001,0.7444444444444445,42.0,1078.3,1067.1999999999998,0.45652173913043476,46.29333333333334,1630.5,1283.1999999999998,0.4016393442622951,73.88,3531.7999999999997,4208.0,0.570957095709571,175.26666666666668
East,2006,1309.3999999999999,1331.1999999999998,0.5604395604395604,69.8,576.5999999999999,1609.6000000000001,0.7666666666666667,34.83333333333333,999.9,1032.0,0.45652173913043476,101.04666666666668,1554.2,1252.8000000000002,0.4098360655737705,101.04666666666667,3440.2,4193.6,0.5610561056105611,205.68
East,2007,1397.9999999999998,1321.6,0.5824175824175825,86.56,796.9,1611.1999999999998,0.7666666666666667,115.32666666666665,1160.0,929.6,0.3804347826086957,114.00666666666667,1687.3999999999996,1425.6,0.45081967213114754,205.17333333333335,3882.3,4358.4,0.5841584158415841,407.06
East,2008,1194.8999999999999,1283.2,0.6153846153846154,69.43333333333334,712.6,1625.6,0.7111111111111111,104.5,1060.3999999999999,1014.3999999999999,0.43478260869565216,129.67333333333332,1570.1,1376.0,0.45081967213114754,161.73333333333335,3485.8,4308.8,0.5789473684210527,335.66666666666663
East,2009,1143.2,1376.0,0.5824175824175825,132.00666666666666,519.0,1708.8,0.8444444444444444,98.25999999999999,1112.6000000000001,888.0,0.358695652173913,40.49333333333333,1632.5,1129.6,0.3442622950819672,71.61333333333334,3294.7,4214.400000000001,0.5643564356435643,301.88
East,2010,1281.0999999999997,1017.5999999999999,0.45054945054945056,78.22666666666666,432.50000000000006,1833.6,0.8666666666666667,124.66,1005.6,734.4,0.29347826086956524,29.65333333333333,1544.3,944.0,0.29508196721311475,52.45333333333333,3257.8999999999996,3795.2,0.5115511551155115,255.34
East,2011,1131.8,1377.6000000000001,0.6483516483516484,70.03999999999999,533.5000000000001,1673.6000000000001,0.8,99.06666666666668,1185.1,449.6,0.17391304347826086,1.7600000000000005,1703.7,750.4000000000001,0.22950819672131148,26.26,3369.0,3801.6000000000004,0.5247524752475248,195.36666666666667
East,2012,1384.7000000000003,1171.1999999999998,0.5164835164835165,29.826666666666664,642.5,1483.2000000000003,0.6888888888888889,73.24000000000001,1050.3,1328.0,0.5978260869565217,153.46666666666664,1538.9999999999998,1763.1999999999998,0.6065573770491803,200.86666666666667,3578.8,4441.6,0.6052631578947368,303.93333333333334
East,2013,1128.4999999999998,1387.2,0.6263736263736264,130.28666666666666,530.6999999999999,1700.8,0.8222222222222222,120.02,848.6,926.4000000000001,0.391304347826087,78.07333333333334,1336.5,1168.0,0.36885245901639346,95.24666666666667,2995.7,4256.0,0.5808580858085809,345.3933333333333
East,2014,1217.0,1464.0000000000002,0.6703296703296703,115.82666666666665,751.4999999999999,1771.1999999999998,0.8333333333333334,157.76666666666668,1163.9,988.8,0.42391304347826086,60.660000000000004,1689.2,1248.0,0.4016393442622951,70.94666666666667,3657.7,4483.2,0.6105610561056105,344.53999999999996
East,2015,1341.5,1488.0,0.6593406593406593,110.88666666666668,607.8,1537.6,0.7222222222222222,58.85333333333334,1027.1000000000001,809.6,0.32608695652173914,38.60666666666667,1541.2,1032.0,0.319672131147541,50.10666666666667,3490.5,4057.6,0.5412541254125413,219.84666666666664
East,2016,1242.5,1297.6,0.5824175824175825,109.31333333333333,832.0,1385.6,0.6111111111111112,91.72,998.1999999999999,1169.6,0.5,117.19333333333333,1521.8000000000002,1614.4,0.5163934426229508,179.64666666666665,3601.5,4300.8,0.5625,373.92
East,2017,1266.2,1254.4,0.5714285714285714,56.306666666666665,688.2,1748.7999999999997,0.8444444444444444,60.09333333333333,1206.1,979.2,0.41304347826086957,89.09333333333333,1798.8,1246.4,0.4016393442622951,138.09333333333333,3753.2,4249.6,0.5841584158415841,254.49333333333334
East,2018,1252.3999999999999,1368.0,0.6813186813186813,69.74000000000001,622.4000000000001,1556.7999999999997,0.7444444444444445,119.05333333333334,1122.6000000000001,1268.8,0.5434782608695652,137.39333333333332,1682.3999999999999,1420.8,0.45081967213114754,148.79333333333335,3557.2,4345.6,0.6072607260726073,335.5866666666667
East,2019,1274.6999999999998,1145.6000000000001,0.5494505494505495,76.79333333333334,749.7,1606.4,0.7777777777777778,74.03333333333333,1123.9,912.0,0.3804347826086957,45.080000000000005,1667.3,1272.0,0.4016393442622951,88.32000000000001,3691.7,4024.0,0.5577557755775577,239.14666666666668
East,2020,1207.6,1539.2,0.7252747252747253,206.03333333333333,811.5,1780.8000000000002,0.8555555555555555,144.62666666666667,1163.6999999999996,500.8,0.21739130434782608,17.9,1715.5,860.8,0.28688524590163933,67.80000000000001,3744.8,4204.8,0.5888157894736842,422.76000000000005
East,2021,1284.5,1441.6,0.6483516483516484,116.12666666666668,630.7000000000002,1851.2,0.8888888888888888,231.56,964.6,1022.4000000000001,0.43478260869565216,84.25999999999999,1535.9,1337.6,0.4344262295081967,138.06,3451.1,4630.4,0.6336633663366337,485.74666666666667
East,2022,1332.7,1350.3999999999999,0.6043956043956044,78.50666666666666,775.0,1588.8000000000002,0.7555555555555555,110.89333333333333,1174.0,811.1999999999999,0.34782608695652173,63.68666666666667,1724.6,1027.2,0.3360655737704918,74.58666666666666,3832.3,3966.3999999999996,0.5412541254125413,263.9866666666667
East,2023,1382.9,1326.4,0.6043956043956044,142.94,675.1,1630.3999999999999,0.7666666666666667,65.95333333333333,1097.4,1232.0000000000002,0.532608695652174,131.37333333333333,1696.5,1380.8,0.45081967213114754,145.47333333333336,3754.5,4337.599999999999,0.5907590759075908,354.3666666666667
East,2024,1369.9,1352.0000000000002,0.6043956043956044,163.22666666666666,823.8999999999999,1569.6,0.7,223.14,1208.3,1318.4,0.5652173913043478,149.67999999999998,1729.3,1507.1999999999998,0.48360655737704916,159.5,3934.8999999999996,4452.8,0.5855263157894737,554.6666666666667
East,2025,1265.6999999999998,1521.6,0.6923076923076923,169.81333333333333,700.8,1704.0,0.8,111.52666666666667,1175.1,585.6,0.2391304347826087,18.693333333333335,1789.1,777.5999999999999,0.2459016393442623,24.993333333333332,3755.6,4003.2,0.5445544554455446,306.33333333333337
East,2026,1298.4999999999998,1247.9999999999998,0.5604395604395604,140.4933333333333,795.1999999999999,1744.0,0.8111111111111111,171.66,1242.8,638.4000000000001,0.25,15.78,1855.6999999999998,968.0,0.28688524590163933,51.14666666666667,3949.4,3960.0,0.5247524752475248,361.68
East Midlands,1971,1221.0,1166.4,0.5384615384615384,88.14,614.2,1748.8000000000002,0.8333333333333334,69.64,931.2999999999998,1209.6,0.4891304347826087,111.56666666666666,1372.8,1651.2000000000003,0.5081967213114754,168.43333333333334,3208.0000000000005,4566.4,0.6138613861386139,326.2133333333333
East Midlands,1972,1179.6,1256.0000000000002,0.5494505494505495,61.58,652.3,1844.8,0.9,119.37333333333333,979.1999999999999,1507.1999999999998,0.6630434782608695,126.38666666666666,1412.3,1952.0,0.639344262295082,181.04666666666665,3252.7,5076.8,0.6907894736842105,363.5466666666667
East Midlands,1973,1104.3000000000002,1201.6,0.5384615384615384,95.81333333333333,638.2,1712.0,0.8444444444444444,67.68,952.1999999999999,1076.8000000000002,0.43478260869565216,73.90666666666665,1474.0,1281.6,0.38524590163934425,128.30666666666667,3216.5,4195.200000000001,0.5676567656765676,290.0733333333334
East Midlands,1974,1096.4,1156.8,0.5494505494505495,92.5,687.2,1592.0,0.7222222222222222,122.03999999999999,938.8999999999999,1176.0,0.532608695652174,74.95333333333333,1417.0,1435.2,0.48360655737704916,92.55333333333333,3200.6000000000004,4184.0,0.5742574257425742,299.90666666666664
East Midlands,1975,991.1,1409.6000000000001,0.6373626373626373,140.08666666666667,771.5999999999999,1512.0000000000002,0.7222222222222222,60.76666666666667,889.2,1308.8,0.5543478260869565,92.95333333333333,1384.1,1441.6,0.45901639344262296,104.35333333333334,3146.7999999999993,4363.2,0.5907590759075908,305.20666666666665
East Midlands,1976,1110.6000000000001,1241.6000000000001,0.5714285714285714,35.739999999999995,665.4000000000001,1529.6000000000001,0.7555555555555555,63.306666666666665,949.8999999999999,948.8,0.3804347826086957,56.35333333333334,1524.2,1035.2,0.3114754098360656,56.660000000000004,3310.1000000000004,3811.2000000000003,0.5197368421052632,155.70666666666665
East Midlands,1977,1113.9999999999998,1710.4,0.8131868131868132,196.94666666666666,457.5999999999999,1900.8,0.8888888888888888,209.76,935.2000000000002,950.4,0.40217391304347827,82.64,1375.8999999999999,1257.6,0.4016393442622951,135.04,2947.5,4868.800000000001,0.66996699669967,538.7466666666667
East Midlands,1978,1170.0,1065.6,0.4835164835164835,42.44666666666667,552.0,1692.8,0.7888888888888889,163.76000000000002,920.8000000000001,1305.6,0.5543478260869565,93.96,1397.4,1652.8,0.5327868852459017,169.45999999999998,3119.4,4411.200000000001,0.594059405940594,375.6666666666667
East Midlands,1979,1267.3999999999999,1120.0000000000002,0.5164835164835165,30.200000000000003,349.0,1723.1999999999998,0.8,186.75333333333333,880.3,1547.2,0.6739130434782609,181.85333333333332,1376.2,1760.0,0.5655737704918032,184.7066666666667,2992.6000000000004,4603.2,0.6204620462046204,401.66
East Midlands,1980,1177.2000000000003,1121.6000000000001,0.4835164835164835,59.04666666666667,598.8,1695.9999999999998,0.8111111111111111,151.34666666666666,933.2,824.0,0.34782608695652173,59.32666666666666,1420.8999999999999,1304.0,0.4180327868852459,126.36000000000001,3206.7999999999997,4139.200000000001,0.555921052631579,336.75333333333333
East Midlands,1981,1141.1000000000004,1214.4,0.5494505494505495,102.35999999999999,594.0,1328.0000000000002,0.5777777777777777,62.38666666666666,1025.4,1520.0,0.6739130434782609,189.7133333333333,1497.5,1811.1999999999998,0.5983606557377049,192.64,3232.6,4353.6,0.5775577557755776,356.50666666666666
East Midlands,1982,1135.2,1203.2,0.5494505494505495,94.24000000000001,459.7,1636.8,0.7444444444444445,65.32666666666667,1017.8,990.4000000000001,0.40217391304347827,68.91333333333333,1551.4,1505.6000000000001,0.47540983606557374,167.49333333333334,3146.3,4345.6,0.5775577557755776,327.06
East Midlands,1983,1198.9999999999998,1428.8,0.6483516483516484,90.7,583.7,1364.8,0.6333333333333333,65.60666666666667,910.5,1427.2,0.6413043478260869,145.4,1394.8999999999999,1620.7999999999997,0.5327868852459017,170.45333333333332,3177.6000000000004,4414.4,0.5973597359735974,326.76
East Midlands,1984,1179.6999999999998,1223.9999999999998,0.5494505494505495,93.05333333333333,565.1,1433.6000000000004,0.6555555555555556,115.97333333333333,879.9999999999999,838.4,0.31521739130434784,63.046666666666674,1378.9,1115.1999999999998,0.319672131147541,79.15333333333334,3128.9,3795.2000000000003,0.4901315789473684,288.17999999999995
East Midlands,1985,1228.3,1307.2,0.5714285714285714,108.04666666666667,474.2,1614.3999999999999,0.7666666666666667,62.233333333333334,935.9000000000001,1187.2,0.4782608695652174,118.06666666666668,1375.8999999999999,1649.6000000000001,0.5163934426229508,178.86666666666667,3078.3999999999996,4571.2,0.6072607260726073,345.2266666666667
East Midlands,1986,1119.6000000000004,1311.9999999999998,0.6263736263736264,49.31999999999999,494.3999999999999,1420.8,0.6888888888888889,105.58000000000001,894.3000000000001,1355.2,0.5978260869565217,137.78,1392.2,1593.6,0.5327868852459017,149.34,3006.2,4326.4,0.6072607260726073,304.24
East Midlands,1987,1122.3999999999999,1395.2,0.6043956043956044,92.60666666666667,519.8,1572.8,0.7222222222222222,96.44,938.5,1142.4,0.45652173913043476,122.60666666666668,1390.0,1676.8000000000002,0.5245901639344263,186.22000000000003,3032.2,4644.8,0.6072607260726073,373.0333333333333
East Midlands,1988,1124.6999999999998,1360.0,0.6373626373626373,168.07333333333332,698.1999999999999,1484.8,0.7111111111111111,77.22,996.9,1174.4,0.5108695652173914,107.21333333333334,1499.4,1425.6,0.45901639344262296,126.37333333333332,3326.8999999999996,4270.4,0.5855263157894737,371.6666666666667
East Midlands,1989,1111.1,1304.0,0.6043956043956044,91.38666666666667,805.8999999999999,1534.3999999999999,0.7555555555555555,29.14,1033.1000000000001,1153.6,0.4782608695652174,112.31333333333333,1540.6,1400.0,0.4426229508196721,132.31333333333333,3457.5999999999995,4238.4,0.5841584158415841,252.84
East Midlands,1990,1233.8999999999999,1136.0,0.5054945054945055,98.42666666666666,782.8000000000001,1606.4,0.7555555555555555,155.56666666666666,1114.6000000000001,609.5999999999999,0.2608695652173913,19.10666666666667,1607.0000000000005,940.8,0.30327868852459017,39.50666666666667,3623.7,3683.2000000000003,0.49834983498349833,293.5
East Midlands,1991,1205.9999999999998,1067.2,0.4835164835164835,47.56666666666666,494.30000000000007,1664.0,0.8222222222222222,95.40666666666667,1026.7,1070.3999999999999,0.44565217391304346,66.28,1465.3999999999999,1611.2,0.5163934426229508,121.49999999999999,3165.7,4342.4,0.5973597359735974,264.47333333333336
East Midlands,1992,1188.6,1091.2,0.5164835164835165,92.45333333333332,615.3000000000001,1633.6000000000001,0.7333333333333333,45.760000000000005,1116.4,1024.0,0.42391304347826086,83.94,1676.4,1230.4,0.38524590163934425,96.48666666666668,3489.4,3968.0,0.5296052631578947,233.16
East Midlands,1993,1075.8999999999999,1292.8,0.5824175824175825,143.18,632.4999999999999,1598.4,0.7666666666666667,57.68000000000001,1048.9999999999998,998.4,0.42391304347826086,93.89333333333333,1566.6,1230.4,0.38524590163934425,115.91333333333333,3275.0,4121.6,0.5577557755775577,316.77333333333337
East Midlands,1994,990.6000000000001,1468.8,0.6593406593406593,160.55999999999997,601.0,1606.4,0.7555555555555555,108.41999999999999,1013.4999999999999,1060.8000000000002,0.44565217391304346,67.35333333333332,1535.4,1148.8000000000002,0.36065573770491804,71.54666666666667,3127.0,4224.0,0.5676567656765676,340.52666666666664
East Midlands,1995,1191.3000000000002,1536.0,0.7032967032967034,147.8,707.3000000000001,1452.8000000000002,0.6333333333333333,107.25333333333333,1004.9000000000001,857.6,0.358695652173913,69.58,1491.2,964.8,0.30327868852459017,73.97999999999999,3389.8,3953.6,0.5214521452145214,324.34000000000003
East Midlands,1996,1251.7000000000003,1286.4,0.5824175824175825,105.09333333333333,483.9,1649.6,0.7666666666666667,111.07333333333332,864.3,1132.8,0.5217391304347826,47.57333333333333,1380.5,1236.8,0.4262295081967213,51.57333333333333,3121.3,4184.0,0.5723684210526315,267.74
East Midlands,1997,1163.7,1041.6000000000001,0.4725274725274725,53.43333333333334,562.5,1628.8,0.7666666666666667,65.90666666666667,1097.8999999999999,752.0,0.29347826086956524,33.28,1587.4,1142.4,0.3442622950819672,112.92666666666666,3313.6,3812.8,0.5082508250825083,232.26666666666665
East Midlands,1998,1201.7,1220.7999999999997,0.5494505494505495,86.35333333333332,757.8,1475.2,0.7,98.16666666666666,1078.9,1324.8,0.5652173913043478,160.84666666666666,1577.1,1764.8,0.5655737704918032,228.02666666666667,3536.6000000000004,4460.799999999999,0.6006600660066007,412.5466666666666
East Midlands,1999,1142.8000000000002,1481.6000000000001,0.6483516483516484,107.46000000000001,694.2,1598.4,0.7555555555555555,116.49333333333334,1113.2999999999997,1196.8,0.5,103.44666666666666,1596.4,1488.0,0.4672131147540984,125.45333333333333,3433.3999999999996,4568.0,0.6072607260726073,341.9066666666667
East Midlands,2000,1257.0,1225.6,0.5164835164835165,108.68,677.6000000000001,1387.2,0.6111111111111112,52.32666666666667,1035.8,1219.1999999999998,0.5108695652173914,180.30666666666667,1552.9,1500.8,0.47540983606557374,205.96666666666667,3495.5,4137.6,0.5296052631578947,373.7733333333333
East Midlands,2001,1182.3000000000002,1510.4,0.6923076923076923,248.14000000000001,580.8,1729.6000000000001,0.8444444444444444,121.17999999999999,944.3000000000001,1190.4,0.4673913043478261,119.67333333333333,1436.7,1364.8000000000002,0.4098360655737705,143.67333333333335,3199.8,4604.8,0.6237623762376238,511.11333333333334
East Midlands,2002,1246.5000000000002,1443.1999999999998,0.6703296703296703,138.73333333333332,695.5999999999999,1577.6,0.7333333333333333,66.72,1083.3,880.0,0.33695652173913043,57.17999999999999,1602.9,1120.0,0.3360655737704918,74.78,3545.0,4140.8,0.5544554455445545,280.2333333333333
East Midlands,2003,1202.5,1204.8,0.5274725274725275,142.82,624.9,1500.8,0.6666666666666666,132.2733333333333,1109.0,756.8,0.30434782608695654,31.220000000000002,1676.5,1068.8,0.3360655737704918,63.813333333333325,3503.9,3774.4,0.49174917491749176,338.90666666666664
East Midlands,2004,1197.6,958.4,0.43956043956043955,57.80666666666667,673.3,1534.4,0.7111111111111111,119.45333333333333,1067.3,1128.0,0.45652173913043476,98.48666666666666,1599.5,1446.4,0.4426229508196721,130.88666666666666,3474.2,3942.4,0.5197368421052632,308.14666666666665
East Midlands,2005,1215.1,1435.2,0.6593406593406593,98.21333333333334,673.8000000000001,1569.6,0.7444444444444445,47.21333333333333,1048.3999999999999,1153.6000000000001,0.4782608695652174,68.70666666666666,1587.1999999999998,1440.0,0.4426229508196721,97.97333333333333,3476.0999999999995,4444.799999999999,0.5973597359735974,242.0
East Midlands,2006,1279.0,1176.0,0.5164835164835165,78.50666666666667,594.3,1681.6,0.8,37.980000000000004,974.5,1112.0,0.5,105.31333333333333,1528.9,1284.8,0.4262295081967213,109.81333333333333,3402.2,4142.4,0.5643564356435643,226.3
East Midlands,2007,1369.3000000000002,1326.4,0.5714285714285714,101.51333333333332,787.1,1660.8,0.7888888888888889,105.5,1126.6000000000001,958.4000000000001,0.3804347826086957,110.43333333333334,1641.3,1465.6000000000001,0.4344262295081967,255.7333333333333,3797.7,4452.799999999999,0.5808580858085809,462.74666666666667
East Midlands,2008,1196.8999999999999,1230.4,0.5934065934065934,47.14,703.3,1620.7999999999997,0.7777777777777778,127.6,1015.8000000000001,1068.8000000000002,0.43478260869565216,101.94666666666669,1516.8000000000004,1468.8,0.45901639344262296,129.84666666666666,3425.7,4344.0,0.5953947368421053,305.90666666666664
East Midlands,2009,1135.8,1326.4,0.5934065934065934,126.83333333333333,530.8,1681.6000000000001,0.7888888888888889,88.11333333333333,1085.1000000000001,867.1999999999999,0.34782608695652173,48.74666666666667,1596.1,1134.4,0.3442622950819672,75.58666666666666,3262.7,4142.4,0.5511551155115512,290.53333333333336
East Midlands,2010,1242.1999999999998,1134.4,0.4945054945054945,101.60666666666667,422.40000000000003,1772.8,0.8444444444444444,115.63999999999999,993.5,694.4000000000001,0.2717391304347826,30.12666666666667,1530.0,932.8,0.28688524590163933,47.02666666666667,3194.6000000000004,3840.0,0.5148514851485149,264.2733333333333
East Midlands,2011,1113.6000000000001,1363.2,0.5934065934065934,83.21333333333334,507.1000000000001,1713.6,0.8444444444444444,89.83333333333333,1155.3000000000002,564.8,0.21739130434782608,11.78,1659.1999999999998,864.0,0.26229508196721313,34.88,3279.8999999999996,3940.8,0.5346534653465347,207.92666666666668
East Midlands,2012,1369.3999999999999,1124.8,0.5274725274725275,25.286666666666665,647.9,1438.3999999999999,0.6555555555555556,52.78666666666666,1017.0000000000001,1360.0,0.6195652173913043,165.85333333333332,1493.7,1873.6,0.639344262295082,229.37333333333333,3523.6000000000004,4456.0,0.6118421052631579,307.4466666666666
East Midlands,2013,1095.8000000000002,1371.2,0.6263736263736264,161.74,527.1,1678.3999999999999,0.8111111111111111,132.23333333333335,835.1000000000001,937.5999999999999,0.42391304347826086,87.14,1320.9,1203.1999999999998,0.4016393442622951,111.63333333333333,2943.8,4252.799999999999,0.5907590759075908,405.6066666666667
East Midlands,2014,1205.7,1409.6,0.6373626373626373,113.30000000000001,741.4999999999999,1707.2,0.8222222222222222,147.71999999999997,1122.5,1246.3999999999999,0.5652173913043478,108.86666666666666,1642.6000000000001,1569.6000000000001,0.5245901639344263,142.86666666666667,3589.8,4686.4,0.6468646864686468,403.88666666666666
East Midlands,2015,1307.8999999999996,1496.0,0.6483516483516484,107.78666666666668,601.5999999999999,1544.0,0.7222222222222222,68.50666666666667,1007.8000000000001,772.8,0.30434782608695654,38.26,1506.1999999999998,1001.5999999999999,0.30327868852459017,53.46,3415.7,4041.6000000000004,0.5313531353135313,229.75333333333333
East Midlands,2016,1220.1000000000001,1345.6,0.6043956043956044,90.02000000000001,812.9000000000001,1411.2000000000003,0.6111111111111112,90.82666666666667,966.5,1164.8,0.4891304347826087,111.22666666666667,1481.5,1601.6,0.5081967213114754,181.09333333333333,3519.0,4366.4,0.5657894736842105,356.54
East Midlands,2017,1228.9999999999998,1366.4,0.6153846153846154,71.88666666666666,704.8,1761.6,0.8444444444444444,69.13333333333333,1143.3,937.6,0.391304347826087,89.26666666666665,1708.8000000000002,1211.1999999999998,0.38524590163934425,136.96666666666667,3642.6,4339.2,0.5907590759075908,277.9866666666667
East Midlands,2018,1229.4,1326.4,0.5934065934065934,75.94,587.5,1564.8,0.7333333333333333,91.54666666666668,1056.5,1240.0,0.5434782608695652,155.85333333333335,1604.5,1384.0,0.45081967213114754,169.45333333333335,3421.4000000000005,4275.2,0.5775577557755776,336.94
East Midlands,2019,1224.6,1132.8,0.46153846153846156,66.43333333333334,722.3000000000001,1654.3999999999999,0.7888888888888889,82.66666666666666,1065.1000000000001,1051.1999999999998,0.45652173913043476,85.39333333333333,1568.7,1540.8,0.5,197.63333333333333,3515.5999999999995,4328.0,0.5742574257425742,344.0133333333333
East Midlands,2020,1146.0999999999997,1579.2000000000003,0.7362637362637363,276.32,761.8,1697.6,0.8111111111111111,143.33333333333334,1121.3,452.8,0.18478260869565216,23.1,1644.5,864.0,0.2786885245901639,90.36666666666666,3562.2,4164.8,0.5756578947368421,514.22
East Midlands,2021,1233.3999999999996,1478.4,0.6593406593406593,99.44000000000001,607.4000000000001,1691.2,0.7777777777777778,191.0,939.9,1044.8,0.45652173913043476,98.97999999999999,1487.6999999999998,1318.3999999999999,0.4344262295081967,130.44,3328.5,4488.0,0.6039603960396039,420.88
East Midlands,2022,1316.1,1316.8,0.5934065934065934,110.31333333333333,738.3,1644.8,0.7444444444444445,114.91333333333334,1128.1,977.6,0.42391304347826086,60.42,1671.1000000000001,1198.4,0.39344262295081966,76.02666666666669,3725.5,4160.0,0.5577557755775577,300.1933333333333
East Midlands,2023,1321.7,1396.8,0.6263736263736264,192.0,670.4000000000001,1520.0,0.7555555555555555,64.86,1063.1,1211.2,0.5217391304347826,143.29333333333335,1633.1,1464.0,0.47540983606557374,167.19333333333336,3625.2,4380.8,0.6039603960396039,424.05333333333334
East Midlands,2024,1306.0,1513.6000000000001,0.6923076923076923,211.32666666666665,787.0000000000001,1606.3999999999999,0.7444444444444445,218.40666666666664,1163.3,1294.4,0.5652173913043478,124.54666666666667,1669.8,1518.4,0.5,153.34666666666666,3773.7,4662.400000000001,0.631578947368421,585.28
East Midlands,2025,1199.2,1552.0000000000002,0.7142857142857143,130.38,670.5000000000001,1720.0000000000002,0.8333333333333334,144.16000000000003,1154.2999999999997,612.8,0.21739130434782608,19.46,1762.9999999999998,804.8,0.22950819672131148,31.159999999999997,3632.7,4076.8,0.5544554455445545,305.7
East Midlands,2026,1237.1000000000001,1470.4,0.6593406593406593,191.0,736.9999999999999,1782.4,0.8666666666666667,253.22,1189.7,868.8000000000001,0.3695652173913043,41.02666666666667,1785.3,1217.6000000000001,0.39344262295081966,71.72666666666666,3759.4000000000005,4470.4,0.6138613861386139,515.9466666666667
North East,1971,1067.6,1412.8,0.6263736263736264,106.86666666666666,536.7,1809.6,0.8666666666666667,85.32000000000001,831.9,1337.6000000000001,0.6304347826086957,132.11333333333334,1221.6999999999998,1769.6000000000001,0.6147540983606558,170.83333333333337,2826.0,4992.0,0.693069306930693,363.02
North East,1972,1074.4,1347.1999999999998,0.6593406593406593,50.26,573.5,1867.2,0.8777777777777778,153.67333333333335,856.3000000000002,1544.0,0.6413043478260869,116.40666666666665,1248.9,2088.0,0.6639344262295082,182.54666666666668,2905.1,5312.0,0.7236842105263158,383.24
North East,1973,967.9,1345.6,0.6153846153846154,62.85333333333333,556.5000000000001,1731.2,0.8222222222222222,76.16666666666667,822.3000000000001,1281.6,0.5217391304347826,107.00000000000001,1307.3,1529.6,0.47540983606557374,125.09333333333332,2831.7,4606.4,0.6204620462046204,264.11333333333334
North East,1974,960.3000000000002,1363.2,0.6263736263736264,60.68666666666667,588.0,1657.6,0.7777777777777778,107.15333333333332,804.0,1460.8,0.6304347826086957,84.19333333333333,1229.3000000000002,1764.8000000000002,0.5655737704918032,118.72,2777.6,4785.6,0.6468646864686468,280.06000000000006
North East,1975,877.7,1571.2,0.6923076923076923,149.40666666666664,661.4,1660.8000000000002,0.7777777777777778,83.58,749.8000000000001,1441.6,0.6521739130434783,100.98666666666666,1203.3,1649.6,0.5573770491803278,121.98666666666665,2742.4,4881.6,0.6633663366336634,354.97333333333336
North East,1976,987.4000000000001,1454.3999999999996,0.7142857142857143,60.75333333333333,593.8000000000001,1516.8,0.7222222222222222,70.02666666666667,816.5999999999999,1217.6,0.5543478260869565,97.3,1331.9,1368.0,0.4672131147540984,109.26666666666668,2921.7,4363.2,0.618421052631579,236.57999999999998
North East,1977,990.6000000000001,1772.8000000000002,0.8351648351648352,260.8666666666666,340.90000000000003,1870.3999999999999,0.8666666666666667,188.04666666666668,804.8000000000001,1292.8000000000002,0.5760869565217391,106.16,1204.5,1593.6000000000001,0.5245901639344263,155.11333333333334,2536.0,5236.8,0.7194719471947195,601.0933333333332
North East,1978,1037.3999999999999,1265.6,0.5494505494505495,71.52,427.1,1737.6,0.8222222222222222,174.88,817.7999999999998,1358.3999999999999,0.5978260869565217,80.80666666666667,1262.6,1712.0,0.5655737704918032,110.83333333333333,2727.1000000000004,4715.2,0.636963696369637,354.3666666666667
North East,1979,1149.8,1313.6000000000001,0.6373626373626373,52.55333333333333,256.40000000000003,1923.1999999999998,0.9111111111111111,206.3466666666667,717.1999999999999,1587.2,0.6956521739130435,223.78,1170.6,1928.0,0.6229508196721312,250.60666666666668,2576.8,5164.8,0.7128712871287128,509.50666666666666
North East,1980,1050.4,1299.2000000000003,0.5384615384615384,87.77333333333331,485.0,1792.0,0.8333333333333334,164.24,803.6,1011.2,0.44565217391304346,72.96,1244.6999999999998,1532.8,0.5081967213114754,140.4,2789.3999999999996,4641.6,0.6151315789473685,392.41333333333336
North East,1981,1015.6,1321.6,0.5714285714285714,109.56,520.0,1350.4,0.5888888888888889,54.00666666666667,886.1,1528.0,0.6739130434782609,144.2,1313.6000000000001,1809.6000000000001,0.5901639344262295,148.94,2849.2,4481.599999999999,0.5841584158415841,311.37333333333333
North East,1982,1002.4,1215.9999999999998,0.5274725274725275,135.03333333333333,381.5,1640.0,0.7888888888888889,84.12,880.0000000000001,916.8,0.3695652173913043,60.17999999999999,1340.9999999999998,1353.6000000000001,0.4180327868852459,123.62666666666667,2724.9,4209.599999999999,0.5610561056105611,342.78000000000003
North East,1983,1061.8000000000002,1564.8000000000002,0.7142857142857143,120.00666666666666,482.9,1502.3999999999999,0.7,79.66,778.5,1524.8,0.6521739130434783,161.16666666666669,1209.7,1844.8,0.5983606557377049,185.95333333333335,2754.4000000000005,4912.0,0.6633663366336634,385.62
North East,1984,1043.5000000000002,1337.6,0.6043956043956044,66.58,484.0,1572.8000000000002,0.7333333333333333,173.86,778.9000000000001,1036.8,0.43478260869565216,63.220000000000006,1234.8999999999999,1377.6,0.4344262295081967,91.98666666666666,2769.6,4299.2,0.5723684210526315,332.4266666666667
North East,1985,1095.1999999999998,1478.3999999999999,0.6703296703296703,211.91333333333333,403.0,1649.6000000000001,0.7777777777777778,67.36666666666666,818.3,1289.6,0.5652173913043478,108.89333333333335,1216.8,1695.9999999999998,0.5573770491803278,151.86,2715.0,4824.0,0.6567656765676567,426.9866666666666
North East,1986,988.9999999999998,1520.0,0.7472527472527473,74.53999999999999,401.6,1601.6,0.7888888888888889,155.90666666666667,770.3,1385.6,0.5978260869565217,171.97333333333333,1221.8999999999999,1732.8,0.5655737704918032,207.67333333333332,2612.5,4854.4,0.6864686468646864,438.12
North East,1987,1013.4999999999999,1257.6,0.5824175824175825,75.00666666666666,422.4,1643.1999999999998,0.7666666666666667,120.69333333333331,819.4,1302.4,0.5760869565217391,151.82666666666665,1214.8000000000002,1884.8,0.6311475409836066,238.95333333333335,2650.7,4785.599999999999,0.6567656765676567,432.92
North East,1988,990.6999999999999,1571.2,0.6923076923076923,121.64666666666666,582.4,1636.8,0.7666666666666667,95.4,857.9000000000002,1348.8,0.5869565217391305,106.54666666666665,1320.9,1628.8000000000002,0.5245901639344263,108.88000000000001,2897.3999999999996,4836.8,0.6447368421052632,325.9266666666667
North East,1989,981.1,1448.0,0.6593406593406593,102.24666666666667,737.0,1459.2,0.7111111111111111,59.70666666666667,886.6,1219.2,0.5217391304347826,85.45333333333333,1349.6000000000001,1435.1999999999998,0.45901639344262296,102.52,3067.7000000000003,4342.4,0.594059405940594,264.47333333333336
North East,1990,1098.4,1166.4,0.5384615384615384,59.68,639.7,1699.2,0.7666666666666667,147.27333333333334,987.2999999999998,817.6,0.3695652173913043,39.74666666666666,1433.2999999999997,1147.2,0.38524590163934425,61.446666666666665,3171.3999999999996,4012.7999999999997,0.5445544554455446,268.4
North East,1991,1050.2000000000003,1409.6,0.6373626373626373,67.92666666666666,409.70000000000005,1745.6,0.8444444444444444,161.13333333333333,899.7,1252.8,0.5760869565217391,62.1,1290.5,1776.0,0.6065573770491803,117.16666666666666,2750.4,4931.200000000001,0.6864686468646864,346.22666666666663
North East,1992,1041.8,1448.0000000000002,0.6813186813186813,99.33333333333333,548.0999999999999,1675.2,0.8,47.059999999999995,958.6,1238.3999999999999,0.5217391304347826,121.53999999999999,1462.1000000000001,1537.6,0.4918032786885246,130.70666666666668,3059.1000000000004,4660.799999999999,0.6381578947368421,273.5
North East,1993,924.4,1377.6000000000001,0.6263736263736264,141.86,555.1,1600.0,0.7555555555555555,72.76666666666667,896.0,1260.7999999999997,0.5652173913043478,126.60666666666668,1353.6000000000001,1603.2,0.5327868852459017,147.65333333333336,2833.1000000000004,4580.799999999999,0.6270627062706271,362.28
North East,1994,849.8,1566.4,0.7582417582417582,164.72,475.99999999999994,1616.0,0.7444444444444445,144.70666666666668,850.2,1067.1999999999998,0.44565217391304346,70.56666666666666,1315.0,1249.6,0.4016393442622951,70.81333333333333,2640.8,4432.0,0.6105610561056105,380.24
North East,1995,1054.1000000000004,1568.0,0.6923076923076923,146.67333333333335,585.3,1595.1999999999998,0.7111111111111111,171.68,862.2,852.8,0.358695652173913,49.43333333333333,1298.0,1126.3999999999999,0.36885245901639346,63.13333333333333,2937.4,4289.6,0.5676567656765676,374.9466666666667
North East,1996,1143.3999999999999,1395.1999999999998,0.6373626373626373,128.68,415.29999999999995,1772.8,0.8,113.24666666666667,749.5000000000001,1305.6,0.5869565217391305,69.37333333333332,1206.3000000000002,1504.0,0.5081967213114754,85.97333333333333,2771.6,4684.8,0.6348684210526315,327.90000000000003
North East,1997,1025.7,1220.8000000000002,0.4945054945054945,69.53999999999999,484.49999999999994,1715.1999999999998,0.8111111111111111,111.71333333333332,959.0999999999999,1054.3999999999999,0.45652173913043476,58.83333333333333,1395.0,1483.2,0.48360655737704916,129.98666666666665,2905.2,4419.2,0.5841584158415841,311.24
North East,1998,1070.8,1344.0,0.6373626373626373,79.65333333333334,684.0000000000001,1593.6,0.7444444444444445,134.63333333333333,939.7,1390.4,0.5760869565217391,167.37333333333333,1379.6,1860.8,0.5901639344262295,227.54000000000002,3134.3999999999996,4798.4,0.6501650165016502,439.12666666666667
North East,1999,1000.0,1611.2,0.7362637362637363,152.93333333333334,589.1,1555.2,0.7222222222222222,92.86666666666667,960.6999999999999,1310.4,0.5978260869565217,159.43333333333334,1397.2,1633.6,0.5491803278688525,195.19333333333333,2986.3,4800.0,0.6567656765676567,440.99333333333334
North East,2000,1145.6999999999998,1307.2,0.5604395604395604,62.519999999999996,569.9000000000001,1544.0,0.7222222222222222,92.79333333333334,898.1,1379.1999999999998,0.6521739130434783,138.57333333333335,1350.4,1696.0,0.5819672131147541,189.47333333333333,3072.3999999999996,4558.4,0.6151315789473685,344.78666666666663
North East,2001,1036.7,1662.3999999999999,0.7692307692307693,221.63333333333333,472.1,1697.6,0.8,149.51333333333335,797.6999999999999,1241.6,0.5217391304347826,93.27333333333333,1233.4,1526.4,0.47540983606557374,119.81333333333333,2742.2,4886.4,0.6600660066006601,490.9599999999999
North East,2002,1134.1999999999998,1408.0,0.6263736263736264,148.47333333333333,583.6999999999999,1731.1999999999998,0.8,120.69999999999999,945.9000000000002,1195.2,0.5,50.50666666666667,1411.4,1475.2000000000003,0.4672131147540984,65.58666666666666,3129.3,4614.4,0.6138613861386139,334.76
North East,2003,1057.0000000000002,1425.6,0.6153846153846154,138.44,524.5,1612.8,0.8111111111111111,105.66666666666667,981.1,1028.8,0.42391304347826086,83.54666666666667,1499.4,1300.8000000000002,0.4016393442622951,93.02666666666666,3080.9,4339.200000000001,0.5874587458745875,337.1333333333333
North East,2004,1061.1,1182.4,0.5714285714285714,56.92666666666667,570.2,1630.4,0.7777777777777778,139.2866666666667,939.9999999999999,1211.2,0.5108695652173914,86.3,1420.9,1552.0,0.4918032786885246,120.66000000000001,3054.6000000000004,4377.6,0.6019736842105263,316.87333333333333
North East,2005,1088.4,1462.3999999999999,0.6593406593406593,91.83333333333333,600.3,1576.0,0.7222222222222222,65.78,899.9,1302.4,0.5652173913043478,115.77333333333334,1385.1999999999998,1612.8,0.5327868852459017,123.48666666666668,3073.9,4651.199999999999,0.6270627062706271,279.2
North East,2006,1140.8999999999999,1328.0,0.5604395604395604,123.72666666666667,528.3000000000002,1752.0,0.8666666666666667,58.726666666666674,821.6000000000001,1161.6,0.5108695652173914,146.56,1324.7999999999997,1401.6,0.45901639344262296,149.06,2993.9999999999995,4481.6,0.6105610561056105,331.33333333333337
North East,2007,1232.3000000000002,1440.0,0.6373626373626373,109.50666666666667,662.3,1708.8,0.8222222222222222,159.5333333333333,993.4,1094.3999999999999,0.4673913043478261,55.16666666666667,1455.4,1643.2,0.5409836065573771,172.32666666666665,3350.0000000000005,4792.0,0.6534653465346535,438.5666666666666
North East,2008,1087.8999999999999,1222.4,0.5384615384615384,51.37333333333334,585.9999999999999,1721.6,0.7888888888888889,157.68666666666667,874.2,1281.6,0.5652173913043478,103.04666666666667,1325.0,1748.8,0.5819672131147541,144.47333333333336,3007.8,4716.799999999999,0.631578947368421,357.3333333333333
North East,2009,1015.6,1344.0000000000002,0.6153846153846154,96.14,468.79999999999995,1699.2,0.8444444444444444,84.13999999999999,958.6999999999999,1078.4,0.43478260869565216,53.193333333333335,1406.0,1441.6,0.4426229508196721,92.12,2890.3999999999996,4484.799999999999,0.6138613861386139,272.4
North East,2010,1107.8000000000002,1422.4,0.6153846153846154,169.48666666666668,325.9,1862.3999999999999,0.8666666666666667,110.98666666666666,861.2,904.0,0.34782608695652173,46.07333333333333,1348.8,1123.2,0.3360655737704918,68.27333333333334,2782.5,4408.0,0.5775577557755776,348.74666666666667
North East,2011,991.3,1454.4,0.6923076923076923,83.7,416.2,1864.0,0.9333333333333333,115.86,1002.2,1009.6,0.391304347826087,25.913333333333334,1452.8999999999999,1377.6000000000001,0.4180327868852459,61.21333333333334,2860.4,4696.0,0.6534653465346535,260.77333333333337
North East,2012,1194.8,1478.3999999999999,0.6593406593406593,57.27333333333333,555.1,1504.0,0.7,65.73333333333332,892.4,1288.0,0.5869565217391305,154.08666666666667,1313.0,1776.0,0.6065573770491803,255.46666666666664,3073.2,4772.8,0.6513157894736842,375.9733333333333
North East,2013,961.8,1467.2000000000003,0.6373626373626373,213.82,450.90000000000003,1769.6,0.8333333333333334,166.3,708.3000000000001,1048.0,0.45652173913043476,82.33333333333334,1154.4,1351.9999999999998,0.4344262295081967,118.25999999999999,2567.1,4588.8,0.6138613861386139,497.16666666666663
North East,2014,1059.8,1417.6,0.6483516483516484,92.71333333333334,638.3,1852.8,0.8888888888888888,192.32666666666665,980.9,1292.8000000000002,0.5543478260869565,139.17333333333332,1458.3000000000002,1654.3999999999999,0.5327868852459017,160.13333333333333,3156.4,4924.8,0.6732673267326733,445.1733333333333
North East,2015,1171.7999999999997,1630.4,0.7582417582417582,81.61333333333333,529.4000000000001,1572.8,0.7333333333333333,42.18,864.3,1000.0,0.44565217391304346,55.833333333333336,1306.7,1228.8,0.4098360655737705,71.37333333333333,3007.8999999999996,4432.0,0.6105610561056105,195.16666666666663
North East,2016,1078.0000000000002,1652.8000000000002,0.7692307692307693,164.12666666666664,649.1999999999999,1744.0,0.8,252.15333333333336,847.9999999999999,1384.0,0.6195652173913043,128.72,1310.3999999999996,1814.3999999999999,0.5983606557377049,164.24666666666667,3041.2000000000003,5220.8,0.7072368421052632,574.5866666666666
North East,2017,1080.5000000000002,1590.3999999999999,0.7582417582417582,76.69333333333333,660.5,1774.4,0.8333333333333334,85.45333333333335,1048.1,1068.8000000000002,0.43478260869565216,55.81333333333333,1563.5000000000002,1401.6,0.4344262295081967,124.81333333333333,3304.5,4766.4,0.6501650165016502,286.96000000000004
North East,2018,1145.1999999999998,1500.8000000000002,0.6593406593406593,168.5333333333333,528.3,1555.2,0.7333333333333333,96.34,948.2,1297.6000000000001,0.5108695652173914,128.21333333333334,1457.9,1545.6,0.48360655737704916,150.49333333333334,3131.3999999999996,4601.6,0.6105610561056105,415.3666666666666
North East,2019,1129.0000000000002,1401.6000000000001,0.6153846153846154,146.83333333333331,650.8,1547.2,0.7444444444444445,91.91999999999999,973.0000000000001,1192.0,0.5217391304347826,133.02666666666667,1437.7,1633.6,0.5327868852459017,208.62,3217.5,4582.4,0.6204620462046204,444.14666666666665
North East,2020,1049.8,1686.4,0.8021978021978022,273.84,693.0,1656.0,0.7888888888888889,186.10000000000002,1011.6,684.8,0.2826086956521739,52.24666666666667,1494.8999999999999,1168.0000000000002,0.3770491803278688,149.44666666666666,3246.0,4534.4,0.6282894736842105,619.4866666666667
North East,2021,1134.1000000000001,1593.6,0.7252747252747253,134.76666666666668,545.6999999999999,1838.4,0.8555555555555555,299.64,870.8000000000001,1204.8,0.4891304347826087,147.72,1379.5,1416.0,0.4344262295081967,161.01999999999998,3059.3,4848.0,0.6468646864686468,595.4266666666667
North East,2022,1239.3000000000002,1372.8,0.6263736263736264,135.74666666666664,676.8000000000001,1614.3999999999999,0.7444444444444445,123.56666666666666,1024.0,1256.0,0.5217391304347826,98.29333333333332,1524.1,1585.6,0.5,119.29333333333334,3440.2000000000003,4572.800000000001,0.6105610561056105,378.6066666666667
North East,2023,1218.3999999999999,1652.8000000000002,0.7362637362637363,218.92666666666668,632.3000000000001,1582.4,0.7111111111111111,96.71333333333334,979.2000000000002,1307.2,0.532608695652174,119.45333333333333,1510.2999999999997,1568.0,0.47540983606557374,139.85333333333335,3361.0,4803.2,0.6237623762376238,455.49333333333334
North East,2024,1197.7,1662.4,0.7692307692307693,210.95333333333335,706.7,1601.6000000000001,0.7444444444444445,221.38666666666666,1070.1999999999998,1643.2,0.7608695652173914,202.35999999999996,1540.5,1993.6,0.6885245901639344,235.62666666666667,3454.4,5260.8,0.7269736842105263,663.98
North East,2025,1111.3,1574.3999999999999,0.7032967032967034,144.9066666666667,635.3000000000001,1576.0000000000002,0.7333333333333333,154.26666666666665,1046.2,824.0,0.30434782608695654,17.74,1586.1000000000001,1166.4,0.3442622950819672,41.64666666666666,3332.7000000000003,4316.800000000001,0.5676567656765676,340.82000000000005
North East,2026,1142.1,1652.8000000000002,0.7362637362637363,275.08,669.2,1702.4,0.8,208.58000000000004,1055.1,992.0,0.43478260869565216,49.93333333333332,1600.3999999999999,1401.6,0.4672131147540984,77.83333333333334,3411.7000000000003,4756.799999999999,0.6468646864686468,548.4933333333333
North West,1971,1201.3000000000002,1832.0,0.8241758241758241,356.78666666666663,648.0,1817.6,0.8777777777777778,156.88000000000002,955.5,1235.1999999999998,0.5217391304347826,162.87999999999997,1389.6999999999998,1652.8,0.5245901639344263,215.0533333333333,3239.0,5302.400000000001,0.7194719471947195,728.72
North West,1972,1186.7999999999997,1667.2,0.7802197802197802,176.26,687.7,1780.8,0.8333333333333334,177.02666666666667,949.3000000000001,1611.1999999999998,0.7065217391304348,278.14666666666665,1360.3999999999999,2172.8,0.7295081967213115,385.26,3243.8,5644.8,0.7763157894736842,738.5466666666667
North West,1973,1095.9,1480.0,0.6703296703296703,214.92,662.2,1974.4,0.9222222222222223,228.73333333333332,924.0000000000001,1328.0,0.5652173913043478,117.59333333333333,1422.3999999999999,1688.0,0.5409836065573771,133.26666666666668,3180.5,5142.4,0.693069306930693,576.9200000000001
North West,1974,1103.8,1590.4,0.7472527472527473,223.2266666666667,723.0,1932.8,0.8888888888888888,314.17999999999995,955.6999999999998,985.6,0.41304347826086957,84.74666666666666,1425.3999999999999,1320.0,0.4262295081967213,148.34666666666666,3252.2,4843.2,0.6600660066006601,685.7533333333333
North West,1975,996.0,1808.0,0.8351648351648352,379.06,793.6000000000001,1948.8000000000002,0.9444444444444444,311.54,883.0,1123.1999999999998,0.5,109.96000000000001,1376.1000000000001,1278.3999999999999,0.4180327868852459,110.25333333333333,3165.7,5035.200000000001,0.6996699669966997,800.8533333333334
North West,1976,1090.0,1611.1999999999998,0.7472527472527473,274.9533333333333,697.1,1700.8,0.8,185.56666666666666,927.1999999999999,1310.4,0.5543478260869565,143.12666666666667,1452.1000000000001,1720.0,0.5409836065573771,169.34000000000003,3248.8,5056.0,0.680921052631579,630.82
North West,1977,1110.7,1734.4,0.7692307692307693,353.1533333333333,481.7,1907.2,0.9,271.44666666666666,923.5999999999999,1353.6000000000001,0.5869565217391305,199.35999999999999,1361.1999999999998,1716.8,0.5573770491803278,269.09333333333336,2953.6000000000004,5358.4,0.7227722772277227,888.0933333333332
North West,1978,1148.1,1662.3999999999999,0.7472527472527473,304.3466666666667,569.1,1712.0,0.7777777777777778,275.0,947.0,1280.0,0.5543478260869565,140.87333333333333,1410.8999999999996,1708.8,0.5573770491803278,168.67333333333332,3128.1,5083.200000000001,0.6798679867986799,748.02
North West,1979,1264.1999999999998,1737.6,0.8461538461538461,228.27999999999997,373.09999999999997,1715.2,0.8111111111111111,214.84,833.4000000000001,1705.6,0.782608695652174,279.9866666666666,1305.4,2139.2,0.7295081967213115,315.4066666666667,2942.7,5592.0,0.7887788778877888,758.5266666666666
North West,1980,1170.3,1588.8,0.7362637362637363,222.97333333333336,610.8,1900.8000000000002,0.8888888888888888,357.71999999999997,940.8000000000001,891.2,0.41304347826086957,76.95333333333333,1405.9999999999998,1488.0000000000002,0.5081967213114754,181.86666666666665,3196.5,5001.6,0.6907894736842105,762.56
North West,1981,1126.5,1604.8,0.7032967032967034,382.72666666666663,628.0,1649.6,0.7444444444444445,233.04666666666668,1013.6999999999999,1523.2000000000003,0.7065217391304348,243.21333333333334,1467.4,1944.0,0.6721311475409836,280.6266666666666,3221.9,5198.4,0.7029702970297029,895.4933333333333
North West,1982,1136.6000000000001,1702.4,0.7802197802197802,433.0466666666666,483.59999999999997,1667.2,0.7888888888888889,173.2133333333333,975.6,1267.1999999999998,0.5543478260869565,205.2,1482.3999999999999,1793.6000000000001,0.5901639344262295,263.9266666666667,3102.6000000000004,5163.200000000001,0.7062706270627063,870.1866666666667
North West,1983,1178.5,1814.3999999999999,0.8351648351648352,343.28666666666663,620.4,1675.2,0.7777777777777778,250.06,895.0999999999999,1707.2,0.7717391304347826,243.73333333333335,1365.3000000000002,2091.2,0.7131147540983607,277.11333333333334,3164.2,5580.8,0.768976897689769,870.46
North West,1984,1157.8999999999999,1670.3999999999999,0.7692307692307693,328.4733333333333,608.6999999999999,1699.2,0.7777777777777778,345.53333333333336,912.5999999999999,942.4000000000001,0.40217391304347827,55.53333333333333,1382.9,1390.4,0.45081967213114754,87.6,3157.0,4784.0,0.6447368421052632,761.6066666666667
North West,1985,1193.3999999999999,1728.0,0.7912087912087912,394.42,515.6,1604.8,0.7555555555555555,155.52666666666667,925.9000000000001,1364.8,0.5869565217391305,184.98666666666668,1355.9,1792.0,0.5737704918032787,237.92666666666668,3064.8999999999996,5124.8,0.693069306930693,777.2533333333333
North West,1986,1098.1,1603.1999999999998,0.7692307692307693,197.04000000000002,525.1,1316.8,0.5666666666666667,244.51999999999998,857.5000000000001,1622.4,0.7065217391304348,246.23333333333335,1344.1,1905.6,0.6229508196721312,271.03333333333336,2967.2999999999997,4825.6,0.6501650165016502,712.5933333333334
North West,1987,1120.3,1571.2,0.7472527472527473,278.58,540.0999999999999,1553.6000000000001,0.7333333333333333,250.45333333333335,929.4000000000001,1246.4,0.532608695652174,191.14000000000004,1360.9,1848.0,0.5983606557377049,302.24666666666667,3021.3,4972.8,0.6831683168316832,830.3866666666667
North West,1988,1109.5,1744.0,0.8021978021978022,323.68666666666667,698.3000000000001,1822.4,0.8333333333333334,290.1533333333333,1001.5,1379.1999999999998,0.5978260869565217,183.37333333333336,1507.1999999999998,1683.2,0.5491803278688525,202.75999999999996,3319.7000000000003,5249.6,0.7072368421052632,816.6000000000001
North West,1989,1095.1,1694.4,0.7692307692307693,290.26000000000005,855.1000000000001,1843.1999999999998,0.8777777777777778,212.42666666666665,1002.4999999999999,1292.8,0.5760869565217391,170.51333333333332,1488.0,1582.4,0.5327868852459017,204.91333333333336,3438.2000000000003,5120.0,0.7062706270627063,707.6
North West,1990,1202.2,1534.4,0.7142857142857143,197.97333333333333,750.8,1963.1999999999998,0.9222222222222223,344.8666666666667,1083.9,1027.1999999999998,0.44565217391304346,82.32000000000001,1555.3999999999999,1532.8,0.5,163.8,3508.4000000000005,5030.4,0.6897689768976898,706.6400000000001
North West,1991,1161.3999999999999,1571.2,0.7142857142857143,262.91333333333336,521.6000000000001,1644.8000000000002,0.7777777777777778,222.02666666666667,1009.1000000000001,1135.9999999999998,0.5217391304347826,122.75333333333333,1435.3,1686.4,0.5737704918032787,173.35999999999999,3118.3,4902.4,0.6765676567656765,658.3
North West,1992,1167.5,1526.4,0.6923076923076923,183.50666666666666,654.1999999999999,1832.0000000000002,0.9,167.03333333333333,1072.0,1444.8,0.6413043478260869,213.76,1610.3999999999996,1649.6,0.5409836065573771,229.01999999999998,3439.9,5012.8,0.6907894736842105,568.36
North West,1993,1064.1000000000001,1708.7999999999997,0.7692307692307693,348.59999999999997,661.9,1752.0,0.8555555555555555,151.57999999999998,1032.3,1249.6000000000001,0.5543478260869565,165.38000000000002,1526.9,1641.6000000000001,0.5491803278688525,220.34666666666664,3252.9,5102.4,0.7062706270627063,720.5266666666666
North West,1994,957.6,1472.0,0.6813186813186813,162.53333333333336,619.1999999999999,1774.4,0.8222222222222222,394.8666666666666,972.8,1295.9999999999998,0.5869565217391305,236.74,1439.0,1659.1999999999998,0.5573770491803278,253.34,3015.8,4905.6,0.6732673267326733,810.74
North West,1995,1176.8999999999999,1750.4,0.8131868131868132,335.6333333333333,720.6,1848.0,0.8555555555555555,376.83333333333337,961.6000000000001,1236.7999999999997,0.5760869565217391,172.90000000000003,1443.9,1486.4,0.5163934426229508,179.39333333333332,3341.3999999999996,5084.8,0.7062706270627063,881.9
North West,1996,1256.2000000000003,1439.9999999999998,0.6483516483516484,119.92,516.1,1476.8,0.6666666666666666,148.62666666666667,862.7,1316.8,0.5869565217391305,127.0,1329.3,1702.4,0.5655737704918032,146.02666666666667,3108.0,4640.0,0.6217105263157895,414.5733333333334
North West,1997,1154.7000000000003,1436.8000000000002,0.6483516483516484,281.2466666666667,578.1,1736.0,0.8,212.48000000000002,1060.5,1329.6000000000001,0.5760869565217391,131.49333333333334,1538.7,1748.8000000000002,0.5737704918032787,180.24,3271.5,4921.6,0.6633663366336634,673.9666666666667
North West,1998,1188.0000000000002,1532.8000000000002,0.6813186813186813,189.08666666666667,776.4000000000001,1860.8000000000002,0.8666666666666667,274.43999999999994,1060.6000000000001,1443.2000000000003,0.6521739130434783,234.64000000000001,1534.2,1990.4,0.6721311475409836,348.9866666666667,3498.6,5384.0,0.7326732673267327,812.5133333333333
North West,1999,1153.8,1689.6000000000001,0.7472527472527473,378.62666666666667,717.0,1948.8000000000002,0.9222222222222223,308.53999999999996,1064.1999999999998,1425.6,0.5978260869565217,198.48666666666668,1530.8,1870.3999999999999,0.5901639344262295,255.11333333333334,3401.6000000000004,5508.799999999999,0.735973597359736,942.28
North West,2000,1241.8999999999996,1544.0,0.6813186813186813,217.91333333333333,695.3999999999999,1822.4,0.8333333333333334,353.9066666666667,1013.0999999999999,1240.0000000000002,0.5434782608695652,179.67333333333335,1503.4,1587.2,0.5245901639344263,255.2733333333333,3448.2,4977.6,0.6644736842105263,831.6933333333333
North West,2001,1156.1999999999998,1969.6,0.9120879120879121,530.8799999999999,585.4,1856.0,0.8666666666666667,292.2733333333333,927.9000000000001,1187.2,0.5217391304347826,155.80666666666664,1397.6000000000001,1548.8000000000002,0.5,188.93333333333334,3139.2,5374.4,0.7326732673267327,1012.0866666666666
North West,2002,1255.7,1625.6,0.7582417582417582,262.44000000000005,710.8000000000001,1902.3999999999999,0.8888888888888888,350.28000000000003,1056.7,1283.2,0.5652173913043478,154.0533333333333,1543.0000000000002,1729.6,0.5655737704918032,198.20666666666665,3509.5,5257.6,0.7194719471947195,810.9266666666667
North West,2003,1188.1,1513.6,0.6703296703296703,272.1466666666667,631.6999999999999,1582.3999999999999,0.7222222222222222,218.59333333333333,1079.0,1228.8,0.5434782608695652,206.44666666666666,1607.6,1556.8,0.5,228.68,3427.4,4652.8,0.6171617161716172,719.42
North West,2004,1163.9999999999998,1408.0,0.6373626373626373,198.44666666666666,688.6999999999999,1744.0,0.8222222222222222,320.0733333333333,1033.3999999999999,1425.6000000000001,0.6086956521739131,146.44,1532.5,1908.8,0.6065573770491803,221.71333333333334,3389.0,5060.799999999999,0.6776315789473685,740.2333333333333
North West,2005,1205.6000000000001,1774.4,0.8021978021978022,310.52666666666664,722.8,1734.4,0.8111111111111111,214.19333333333333,1032.2,1336.0,0.5760869565217391,167.94,1540.5,1800.0,0.5819672131147541,215.32666666666665,3468.9,5308.799999999999,0.7161716171617162,740.0466666666666
North West,2006,1243.8000000000002,1604.8,0.7362637362637363,328.09333333333336,622.1,1776.0,0.8666666666666667,146.46,951.1,1425.6,0.6195652173913043,256.06666666666666,1470.2,1801.6000000000001,0.5737704918032787,284.03999999999996,3336.1000000000004,5182.4,0.7095709570957096,758.5933333333334
North West,2007,1335.0,1724.7999999999997,0.7802197802197802,290.49333333333334,804.0999999999999,1872.0,0.8666666666666667,385.94666666666666,1100.5,1216.0,0.5217391304347826,164.61999999999998,1612.5,1720.0,0.5573770491803278,312.05333333333334,3751.6000000000004,5316.799999999999,0.7161716171617162,981.0933333333332
North West,2008,1193.8,1603.1999999999998,0.7802197802197802,164.44666666666666,720.1,1801.6,0.8555555555555555,381.78666666666663,1014.6999999999999,1264.0000000000002,0.5434782608695652,160.28666666666666,1490.1,1641.6,0.5327868852459017,209.38666666666668,3413.7,5070.4,0.7039473684210527,764.62
North West,2009,1131.6,1662.4,0.7692307692307693,299.74,557.1,1862.3999999999999,0.9111111111111111,160.25333333333333,1046.6,1499.2,0.6630434782608695,177.76666666666665,1547.0,1868.8,0.6311475409836066,198.27999999999997,3235.7,5393.6,0.7557755775577558,658.2733333333333
North West,2010,1208.9999999999998,1705.6,0.7692307692307693,340.50666666666666,435.3,1728.0000000000002,0.8222222222222222,134.04,947.9000000000002,1110.4,0.4782608695652174,83.69333333333333,1463.6,1369.6,0.4426229508196721,96.43333333333334,3107.8999999999996,4803.2,0.6534653465346535,570.98
North West,2011,1099.8000000000002,1572.8,0.7472527472527473,273.7266666666667,506.2,1830.3999999999999,0.8777777777777778,198.70666666666665,1089.8000000000004,1345.6,0.5978260869565217,127.48,1556.1,1780.8,0.5983606557377049,168.56,3162.1000000000004,5184.0,0.7260726072607261,640.9933333333333
North West,2012,1322.2999999999997,1691.2,0.7802197802197802,223.5266666666667,681.6000000000001,1880.0,0.9111111111111111,287.6533333333333,1007.3000000000001,1374.3999999999999,0.6304347826086957,145.04,1465.3,1928.0,0.6639344262295082,317.4,3479.7,5521.6,0.7730263157894737,823.78
North West,2013,1070.4999999999998,1836.7999999999997,0.8571428571428571,406.9066666666667,554.7,1769.6,0.8222222222222222,282.28666666666663,791.1,1225.6,0.5543478260869565,138.94000000000003,1267.8000000000002,1548.7999999999997,0.5163934426229508,186.99333333333334,2893.0,5155.2,0.7095709570957096,876.1866666666667
North West,2014,1183.9999999999998,1699.2,0.7802197802197802,244.04666666666668,757.9000000000001,2027.2,0.9333333333333333,365.8666666666667,1093.6000000000001,1528.0,0.6739130434782609,206.20666666666665,1601.8999999999996,1984.0,0.6475409836065574,235.83999999999997,3543.7999999999993,5710.4,0.7722772277227723,845.7533333333333
North West,2015,1288.8,1683.2,0.7692307692307693,143.7266666666667,641.9,1931.2,0.9111111111111111,285.32,933.9000000000001,1470.4,0.6521739130434783,191.9,1405.6999999999998,1745.6,0.5737704918032787,226.57333333333335,3336.4,5360.0,0.7326732673267327,655.62
North West,2016,1199.4,1596.8000000000002,0.7252747252747253,252.58666666666664,796.8,1843.1999999999998,0.8333333333333334,417.48,969.9,1299.1999999999998,0.5652173913043478,178.88,1490.9,1816.0,0.5983606557377049,286.54,3491.2,5280.0,0.7072368421052632,956.7666666666667
North West,2017,1184.6,1585.6000000000001,0.6813186813186813,165.07333333333335,751.9000000000001,1883.1999999999998,0.8888888888888888,164.79999999999998,1117.7999999999997,1097.6,0.4673913043478261,144.86666666666667,1640.4,1580.8,0.5081967213114754,249.64666666666668,3576.9000000000005,5049.6,0.6732673267326733,579.52
North West,2018,1221.4999999999998,1788.7999999999997,0.8241758241758241,321.0,602.5999999999999,1737.6,0.8333333333333334,226.35999999999999,1025.8999999999999,1377.6000000000001,0.6195652173913043,156.90666666666667,1582.9999999999998,1595.1999999999998,0.5327868852459017,165.90666666666667,3407.1000000000004,5121.599999999999,0.7095709570957096,713.2666666666667
North West,2019,1184.6000000000001,1668.8000000000002,0.7582417582417582,245.95999999999998,752.1000000000001,1755.2,0.8,229.38666666666666,1062.9999999999998,1321.6,0.5869565217391305,256.73333333333335,1552.5999999999997,1872.0,0.6229508196721312,374.0533333333333,3489.3,5296.0,0.7161716171617162,849.4000000000001
North West,2020,1106.7999999999997,1872.0,0.8571428571428571,378.65333333333336,769.0000000000001,2070.3999999999996,0.9555555555555556,404.2933333333333,1090.1,718.4,0.31521739130434784,93.23333333333333,1612.3999999999999,1272.0,0.4262295081967213,232.9333333333333,3497.2,5238.4,0.7138157894736842,1026.08
North West,2021,1201.1999999999998,1732.8,0.8131868131868132,306.83333333333337,605.7,1867.2000000000003,0.8888888888888888,386.56666666666666,929.3000000000001,1219.2,0.5434782608695652,179.42666666666668,1461.2,1419.1999999999998,0.4672131147540984,208.92,3268.1000000000004,5019.200000000001,0.6963696369636964,902.3199999999999
North West,2022,1291.3999999999999,1755.2,0.8021978021978022,265.4266666666667,766.9000000000001,1948.8,0.9111111111111111,356.8,1107.9,1192.0,0.5217391304347826,125.22000000000001,1612.6,1598.4,0.5245901639344263,174.55333333333334,3670.8999999999996,5302.4,0.7227722772277227,796.78
North West,2023,1295.1,1710.4,0.8131868131868132,282.19333333333327,670.5999999999999,1897.6,0.8777777777777778,270.14,1067.8,1246.4,0.5217391304347826,243.7,1653.9,1494.4,0.47540983606557374,270.6,3619.6,5102.4,0.6963696369636964,822.9333333333334
North West,2024,1269.9,1849.6,0.8351648351648352,371.64000000000004,761.3,1945.6,0.9111111111111111,437.30666666666673,1154.6,1592.0,0.7282608695652174,304.24666666666667,1629.8,2078.4,0.7049180327868853,365.17999999999995,3670.7,5897.6,0.805921052631579,1179.5266666666666
North West,2025,1189.4999999999998,1716.8,0.7912087912087912,235.18666666666667,693.7,1772.8,0.8222222222222222,287.76666666666665,1195.8999999999999,699.2,0.30434782608695654,94.60666666666668,1741.1000000000001,1209.6,0.4016393442622951,171.98666666666668,3624.3,4699.200000000001,0.6435643564356436,694.94
North West,2026,1209.1000000000001,1764.8000000000002,0.8131868131868132,449.5,738.6999999999999,1798.4,0.8555555555555555,348.93333333333334,1147.0,1324.8,0.5869565217391305,196.47333333333336,1713.1000000000001,1876.8000000000002,0.6229508196721312,317.55333333333334,3660.9000000000005,5440.0,0.7491749174917491,1082.5866666666666
South East,1971,1307.9,1395.2,0.6373626373626373,128.45333333333335,640.3,1840.0,0.8777777777777778,100.27333333333333,989.0999999999998,1182.3999999999999,0.5,100.16000000000001,1470.1,1582.4,0.5081967213114754,182.08666666666667,3418.3,4817.6,0.6567656765676567,410.81333333333333
South East,1972,1245.8999999999999,1256.0,0.5714285714285714,73.66000000000001,694.1,2000.0,0.9555555555555556,117.73333333333335,1044.1000000000001,1488.0000000000002,0.6521739130434783,126.06,1492.3999999999999,1843.2,0.5983606557377049,152.16000000000003,3440.8999999999996,5121.6,0.6973684210526315,343.37333333333333
South East,1973,1164.7,1260.8,0.5384615384615384,80.69333333333334,682.4000000000001,1784.0,0.8777777777777778,53.28000000000001,999.3999999999999,1228.8,0.5108695652173914,109.30000000000001,1544.3000000000002,1401.6000000000001,0.4344262295081967,158.6,3391.4000000000005,4446.4,0.5973597359735974,290.2933333333333
South East,1974,1174.6,1238.3999999999999,0.5494505494505495,77.59333333333333,756.6,1752.0,0.8444444444444444,144.89333333333335,1036.8,1052.8,0.4673913043478261,57.20666666666666,1544.9000000000003,1350.4,0.4426229508196721,97.16666666666666,3476.1000000000004,4340.8,0.594059405940594,306.35333333333335
South East,1975,1066.7,1527.9999999999998,0.6813186813186813,237.11333333333334,836.8,1620.8,0.7888888888888889,108.01333333333334,934.4999999999999,1451.1999999999998,0.6521739130434783,168.7,1445.1000000000001,1587.1999999999998,0.5327868852459017,175.8,3348.6000000000004,4736.0,0.6534653465346535,520.9266666666666
South East,1976,1178.9000000000003,1510.4,0.6813186813186813,125.22666666666666,654.0000000000001,1688.0000000000002,0.8222222222222222,40.21333333333334,1018.3,643.2,0.25,11.273333333333333,1633.4999999999998,716.8,0.21311475409836064,16.873333333333335,3477.6999999999994,3936.0,0.5361842105263158,182.31333333333333
South East,1977,1242.3,1660.8000000000002,0.7802197802197802,254.45999999999998,567.8,1854.4,0.8444444444444444,150.11333333333334,1007.2,1296.0,0.5760869565217391,118.74,1477.5999999999997,1657.6,0.5409836065573771,172.34,3287.7,5172.8,0.7029702970297029,573.9133333333334
South East,1978,1242.6000000000001,1347.2,0.6263736263736264,85.55333333333334,618.5999999999999,1696.0,0.8,142.10666666666668,988.7,1409.6,0.6195652173913043,145.9066666666667,1497.3,1763.1999999999998,0.5819672131147541,169.94666666666666,3358.4999999999995,4806.400000000001,0.6600660066006601,397.3266666666667
South East,1979,1315.6000000000001,1180.8,0.5164835164835165,25.193333333333335,465.7,1769.6000000000001,0.8333333333333334,197.92666666666665,967.6,1584.0,0.6956521739130435,195.04666666666668,1483.1,1955.1999999999998,0.639344262295082,222.76666666666668,3264.4000000000005,4905.6,0.6600660066006601,445.88666666666666
South East,1980,1263.3999999999999,1331.2,0.6153846153846154,66.93333333333334,681.0,1744.0000000000002,0.8666666666666667,125.06666666666666,1006.5,830.4,0.33695652173913043,61.83333333333333,1517.0,1289.6000000000001,0.4016393442622951,107.51333333333332,3470.5,4382.4,0.6052631578947368,299.5133333333333
South East,1981,1190.6000000000001,1254.4,0.5384615384615384,90.6,624.9,1452.8000000000002,0.6666666666666666,38.080000000000005,1105.6999999999998,1601.6,0.7065217391304348,178.50666666666666,1589.1,1857.6000000000001,0.6065573770491803,194.91333333333336,3404.6,4564.799999999999,0.6039603960396039,323.5933333333333
South East,1982,1226.1999999999998,1427.1999999999998,0.6153846153846154,160.50666666666666,556.1999999999999,1686.4,0.8,106.0,1058.1,972.8,0.40217391304347827,48.18000000000001,1624.7,1462.4,0.45901639344262296,130.72,3407.0999999999995,4576.0,0.6072607260726073,397.2266666666667
South East,1983,1309.9999999999998,1668.8000000000002,0.7692307692307693,181.74,655.1999999999999,1415.9999999999998,0.6777777777777778,79.03333333333333,984.1,1606.3999999999999,0.717391304347826,174.32666666666668,1510.3000000000002,1881.6,0.6229508196721312,198.77999999999997,3475.5,4966.400000000001,0.6831683168316832,459.55333333333334
South East,1984,1262.7,1414.3999999999999,0.6923076923076923,84.68,655.1,1617.6,0.7888888888888889,131.78666666666666,922.9,990.4,0.391304347826087,61.89333333333333,1449.5,1225.6,0.36065573770491804,79.53333333333333,3372.8,4270.4,0.5888157894736842,296.0
South East,1985,1313.8999999999999,1494.3999999999996,0.7032967032967034,156.32,519.8,1619.2,0.7555555555555555,94.62,999.9,1281.6,0.532608695652174,121.18,1482.6000000000001,1705.6000000000004,0.5409836065573771,161.35999999999999,3316.2999999999993,4819.200000000001,0.6534653465346535,412.29999999999995
South East,1986,1192.4999999999998,1305.6,0.6153846153846154,41.19333333333333,563.8000000000001,1350.4,0.5888888888888889,154.52666666666667,928.1,1532.8,0.6630434782608695,124.98666666666668,1462.6000000000004,1734.3999999999999,0.5573770491803278,136.05333333333334,3218.9,4390.4,0.5841584158415841,331.7733333333333
South East,1987,1235.5,1537.6,0.7032967032967034,190.39333333333335,556.4,1524.8,0.7111111111111111,57.41333333333334,1004.9000000000001,1116.8,0.4782608695652174,70.96666666666667,1497.1000000000001,1670.4,0.5491803278688525,148.04666666666668,3289.0,4732.8,0.6435643564356436,394.75333333333333
South East,1988,1245.6999999999998,1553.6000000000004,0.7142857142857143,195.15333333333334,756.9,1688.0,0.7888888888888889,158.2,1078.2000000000003,1168.0,0.532608695652174,98.89333333333335,1590.0,1406.4,0.4672131147540984,99.58666666666667,3597.3,4648.0,0.6348684210526315,452.93999999999994
South East,1989,1219.1,1481.6,0.6813186813186813,96.13333333333334,835.7,1721.5999999999997,0.8444444444444444,47.666666666666664,1147.7,969.5999999999999,0.43478260869565216,85.39999999999999,1680.4999999999998,1152.0,0.38524590163934425,107.3,3735.2999999999993,4355.2,0.6105610561056105,251.1
South East,1990,1320.1999999999998,1244.8000000000002,0.5494505494505495,92.64000000000001,879.0000000000001,1830.4,0.8666666666666667,203.41333333333333,1182.2,596.8,0.22826086956521738,23.833333333333332,1693.1,878.4000000000001,0.27049180327868855,39.29333333333333,3892.3,3953.6,0.5313531353135313,335.3466666666667
South East,1991,1281.6,1179.1999999999998,0.5274725274725275,88.15333333333334,583.0,1616.0,0.7777777777777778,110.36666666666666,1068.3,1177.6000000000001,0.4782608695652174,67.52000000000001,1525.8,1692.8,0.5245901639344263,115.78666666666668,3390.3999999999996,4488.0,0.6006600660066007,314.3066666666667
South East,1992,1256.6000000000001,1190.4,0.5274725274725275,110.61999999999999,651.9,1603.2,0.7666666666666667,33.2,1170.1,1183.9999999999998,0.4891304347826087,113.78,1722.1999999999998,1416.0,0.4426229508196721,139.54666666666668,3641.9,4232.0,0.5657894736842105,283.14
South East,1993,1185.6000000000001,1272.0,0.5934065934065934,125.91333333333333,714.6,1614.4,0.8,71.00666666666666,1126.8999999999999,1022.4,0.41304347826086957,99.42666666666665,1678.6999999999998,1222.4,0.3770491803278688,128.76666666666665,3578.9,4108.8,0.5676567656765676,325.6866666666666
South East,1994,1076.6000000000001,1537.6000000000001,0.7142857142857143,171.3666666666667,718.5000000000001,1662.4,0.8111111111111111,119.82,1086.1,1182.4,0.4891304347826087,113.44,1616.6,1422.4,0.45081967213114754,136.3,3411.7,4622.400000000001,0.636963696369637,427.4866666666667
South East,1995,1302.6999999999998,1563.2,0.7032967032967034,124.84666666666666,817.5,1700.8000000000002,0.8111111111111111,185.96666666666667,1089.4999999999998,809.6,0.32608695652173914,53.95333333333333,1598.8,1014.4,0.3114754098360656,62.86,3719.0,4278.4,0.5775577557755776,373.6733333333333
South East,1996,1325.7,1424.0000000000002,0.6373626373626373,103.53999999999999,547.5,1595.2,0.7333333333333333,126.50666666666666,928.3,1104.0,0.4673913043478261,83.66666666666666,1468.5999999999997,1216.0,0.38524590163934425,87.76666666666667,3348.2,4241.6,0.5625,317.81333333333333
South East,1997,1211.3000000000002,1268.8,0.5714285714285714,112.37333333333335,595.4,1678.4,0.8333333333333334,68.20666666666668,1143.2,852.8,0.3695652173913043,39.39333333333334,1669.0000000000002,1331.1999999999998,0.4344262295081967,115.29333333333332,3475.7,4278.4,0.594059405940594,295.87333333333333
South East,1998,1295.5,1240.0,0.5714285714285714,127.88000000000001,786.3000000000001,1593.6,0.7777777777777778,130.66666666666666,1166.6000000000001,1281.6,0.5652173913043478,148.77999999999997,1687.5,1812.7999999999997,0.6065573770491803,210.54666666666665,3769.3,4646.4,0.6468646864686468,469.09333333333336
South East,1999,1211.4,1536.0000000000002,0.6923076923076923,167.2533333333333,762.2,1576.0,0.7111111111111111,105.95333333333333,1166.0,1161.6,0.45652173913043476,60.70666666666666,1683.4,1510.4,0.45901639344262296,88.02000000000001,3657.0,4622.4,0.6039603960396039,361.2266666666667
South East,2000,1312.0,1297.6000000000001,0.5824175824175825,103.39333333333333,729.9000000000001,1745.6000000000001,0.8333333333333334,116.61333333333334,1121.8999999999999,1401.6000000000001,0.5869565217391305,173.50666666666666,1662.5,1734.4,0.5491803278688525,175.35999999999999,3714.3,4801.6,0.6447368421052632,402.6666666666667
South East,2001,1278.4,1552.0,0.7032967032967034,226.88666666666668,683.3000000000001,1844.8,0.8555555555555555,240.08000000000004,1050.9,1297.6000000000001,0.5652173913043478,156.55333333333334,1578.1000000000001,1494.3999999999999,0.4918032786885246,178.85333333333332,3539.8,4891.2,0.6633663366336634,645.82
South East,2002,1299.3999999999999,1574.4,0.7032967032967034,157.72,759.6999999999999,1630.4,0.7888888888888889,74.71333333333334,1144.6000000000001,1156.8000000000002,0.5108695652173914,107.24,1669.6999999999998,1467.1999999999998,0.47540983606557374,131.75333333333333,3728.7999999999997,4672.0,0.636963696369637,364.1866666666666
South East,2003,1309.6,1276.8,0.5494505494505495,134.82000000000002,677.0,1502.3999999999999,0.6888888888888889,159.35333333333332,1156.6000000000001,811.2,0.34782608695652173,33.67333333333333,1748.3999999999999,1126.4,0.36885245901639346,76.09333333333333,3735.0,3905.6,0.5181518151815182,370.26666666666665
South East,2004,1269.7999999999997,912.0,0.3956043956043956,110.64666666666666,723.2,1552.0,0.7444444444444445,121.49333333333333,1112.2000000000003,1134.4,0.4891304347826087,82.08,1670.8999999999999,1350.3999999999999,0.4344262295081967,93.17333333333333,3667.8000000000006,3822.4000000000005,0.5131578947368421,325.31333333333333
South East,2005,1297.5000000000002,1374.4,0.6483516483516484,65.68666666666667,698.8,1593.6,0.7666666666666667,63.239999999999995,1111.5000000000002,1264.0,0.5434782608695652,78.57333333333332,1682.7,1539.2,0.5,87.97333333333334,3679.0,4507.200000000001,0.6237623762376238,211.9
South East,2006,1373.3999999999996,1460.8,0.6373626373626373,69.32000000000001,610.5999999999999,1676.8,0.8222222222222222,85.71333333333334,1049.6999999999998,1208.0,0.5217391304347826,112.38,1614.3,1324.8,0.4344262295081967,118.78,3598.2999999999997,4462.4,0.6105610561056105,273.8133333333334
South East,2007,1466.6,1473.6000000000001,0.6923076923076923,138.45999999999998,876.0999999999999,1798.4,0.8444444444444444,155.47333333333333,1223.1999999999998,948.8,0.3695652173913043,111.24,1769.3000000000002,1387.2,0.4180327868852459,176.30666666666664,4112.0,4659.2,0.6270627062706271,470.24
South East,2008,1249.8,1254.4,0.5824175824175825,52.5,769.2,1622.3999999999999,0.7888888888888889,115.47333333333333,1125.1,1126.3999999999999,0.4891304347826087,151.24,1658.5,1315.2,0.4180327868852459,161.0,3686.9,4216.0,0.5789473684210527,328.97333333333336
South East,2009,1207.4999999999998,1440.0,0.6813186813186813,113.73333333333333,567.3000000000001,1774.4,0.8888888888888888,115.16000000000001,1152.6000000000001,1025.6,0.41304347826086957,87.27333333333334,1693.2,1230.3999999999999,0.3770491803278688,103.86666666666667,3468.0,4444.8,0.6204620462046204,332.76
South East,2010,1362.5,1217.6,0.5164835164835165,148.04666666666668,500.59999999999997,1828.8000000000002,0.9,150.00666666666666,1025.1999999999998,792.0,0.29347826086956524,62.81333333333333,1577.3999999999999,1052.8,0.30327868852459017,85.16666666666667,3440.5,4099.200000000001,0.5445544554455446,383.22
South East,2011,1193.1,1523.1999999999998,0.6813186813186813,109.36666666666667,592.4,1872.0000000000002,0.9111111111111111,132.5,1225.9999999999998,644.8000000000001,0.2826086956521739,12.219999999999999,1751.5999999999997,1024.0,0.3442622950819672,51.38666666666667,3537.0999999999995,4419.2,0.6138613861386139,293.25333333333333
South East,2012,1428.8,1347.2,0.6043956043956044,60.56666666666666,702.5,1476.8,0.6777777777777778,90.78,1112.9999999999998,1294.4,0.5434782608695652,147.55333333333334,1620.7,1750.3999999999999,0.5573770491803278,225.18,3764.1,4598.400000000001,0.6085526315789473,365.17333333333335
South East,2013,1212.9999999999998,1444.8,0.6813186813186813,143.92666666666668,598.4,1752.0,0.8333333333333334,136.04,893.8000000000001,1192.0,0.5,94.08,1394.1999999999998,1499.2,0.47540983606557374,106.38,3205.6000000000004,4696.0,0.6435643564356436,386.3466666666667
South East,2014,1283.1,1640.0,0.7362637362637363,160.13333333333333,832.8,1841.6,0.8444444444444444,285.87333333333333,1203.7,1110.3999999999999,0.5,115.07333333333334,1755.0,1414.4,0.48360655737704916,129.97333333333336,3870.8999999999996,4896.0,0.6666666666666666,575.98
South East,2015,1424.8,1656.0000000000002,0.8021978021978022,169.95999999999998,663.2,1582.4,0.8,103.91333333333334,1080.0,936.0,0.40217391304347827,35.76,1615.7,1112.0,0.36065573770491804,36.08,3703.7,4350.4,0.6237623762376238,309.9533333333334
South East,2016,1313.3,1368.0,0.5934065934065934,120.0,897.7,1654.4,0.7777777777777778,109.49333333333334,1055.3,1251.2,0.5217391304347826,110.87333333333333,1595.3999999999999,1752.0,0.5327868852459017,175.2266666666667,3812.9999999999995,4774.4,0.6217105263157895,401.62
South East,2017,1329.5999999999997,1280.0,0.6153846153846154,68.64666666666666,698.9999999999999,1790.4,0.8444444444444444,71.61333333333332,1188.4,982.4,0.41304347826086957,79.29333333333332,1771.6000000000001,1249.6000000000001,0.39344262295081966,100.7,3800.2,4320.0,0.594059405940594,240.96
South East,2018,1260.2000000000003,1385.5999999999997,0.6483516483516484,47.06666666666666,639.0,1641.6,0.7666666666666667,147.73999999999998,1114.2,1334.4,0.5869565217391305,145.6,1668.8999999999999,1500.8000000000002,0.47540983606557374,145.6,3568.1,4528.0,0.6138613861386139,340.40666666666664
South East,2019,1264.0999999999997,1219.1999999999998,0.5604395604395604,111.16666666666667,727.8000000000001,1731.1999999999998,0.8222222222222222,122.64666666666666,1107.1000000000004,1100.8000000000002,0.45652173913043476,87.08000000000001,1638.3999999999999,1440.0,0.4426229508196721,118.22666666666669,3630.3,4390.4,0.5907590759075908,352.04
South East,2020,1238.7,1593.6000000000001,0.7252747252747253,274.1,818.8,1784.0,0.8555555555555555,234.42666666666668,1154.3999999999999,510.4,0.22826086956521738,56.29999999999999,1698.9,832.0,0.2786885245901639,93.07333333333332,3766.3,4233.6,0.5855263157894737,608.8
South East,2021,1312.3,1545.6,0.7142857142857143,188.44666666666666,660.6999999999999,1852.8,0.8666666666666667,284.4466666666667,935.3,1054.4,0.43478260869565216,86.09333333333333,1500.1,1427.1999999999998,0.45081967213114754,163.04666666666665,3473.1,4825.6,0.6534653465346535,635.94
South East,2022,1318.8,1566.4,0.7582417582417582,148.63333333333333,781.2000000000002,1705.6,0.8222222222222222,111.97999999999999,1149.3000000000002,969.5999999999999,0.42391304347826086,65.50666666666666,1689.0,1228.8,0.4016393442622951,85.80666666666666,3789.0,4500.8,0.6336633663366337,339.74666666666667
South East,2023,1388.1999999999998,1494.4,0.6923076923076923,233.10000000000002,679.8,1772.8,0.8555555555555555,122.76666666666668,1067.3000000000002,1323.2,0.5760869565217391,203.95333333333332,1660.0,1449.6000000000004,0.45901639344262296,206.57999999999998,3728.0,4716.8,0.6468646864686468,562.4466666666667
South East,2024,1406.2,1380.8,0.6153846153846154,191.59333333333336,828.8999999999999,1718.3999999999999,0.8222222222222222,212.6866666666667,1185.9999999999998,1492.8,0.6413043478260869,166.80666666666667,1704.9,1683.1999999999998,0.5409836065573771,171.90666666666667,3951.7,4806.4,0.6480263157894737,584.0866666666666
South East,2025,1283.8999999999999,1744.0,0.8461538461538461,202.65333333333336,684.9000000000001,1804.8000000000002,0.8555555555555555,160.06,1169.3999999999999,689.5999999999999,0.2826086956521739,14.066666666666666,1776.5,875.1999999999999,0.27049180327868855,31.766666666666666,3745.2999999999997,4424.0,0.6171617161716172,394.48
South East,2026,1293.3000000000002,1360.0000000000002,0.6263736263736264,151.07333333333335,807.4,1881.6,0.9111111111111111,261.54,1254.3999999999996,747.2,0.30434782608695654,16.426666666666666,1862.8,1102.4,0.3442622950819672,54.05333333333333,3963.5000000000005,4344.0,0.5973597359735974,464.14666666666665
South West,1971,1283.1999999999998,1515.2,0.6923076923076923,119.22,661.5000000000001,1934.4,0.9333333333333333,144.81333333333333,988.9999999999999,1140.7999999999997,0.4891304347826087,129.67999999999998,1456.9999999999998,1543.9999999999998,0.48360655737704916,223.47333333333333,3401.7000000000003,4993.599999999999,0.6798679867986799,487.5066666666668
South West,1972,1246.1999999999998,1515.2,0.7142857142857143,106.26666666666667,729.9999999999999,1916.8,0.9,201.74,1018.5,1529.6000000000001,0.6630434782608695,126.78,1439.2,2048.0,0.6721311475409836,185.64666666666668,3425.2,5504.0,0.7532894736842105,493.6533333333333
South West,1973,1158.8999999999999,1209.6,0.5384615384615384,133.72,734.3,1846.4000000000003,0.8888888888888888,126.69333333333334,972.7,1166.4,0.45652173913043476,103.66666666666667,1499.8999999999999,1425.6,0.4016393442622951,139.13333333333333,3393.1000000000004,4481.6,0.5874587458745875,396.14
South West,1974,1198.8000000000002,1353.6000000000001,0.6703296703296703,74.42666666666666,776.7,1734.4000000000003,0.8111111111111111,239.0,1008.6000000000001,1156.8,0.5,92.3,1514.3,1552.0,0.5081967213114754,160.56666666666666,3489.7999999999993,4640.0,0.6468646864686468,473.99333333333334
South West,1975,1060.8999999999999,1624.0,0.7252747252747253,208.68666666666667,873.1,1835.1999999999998,0.8888888888888888,145.5,956.8000000000001,1329.6,0.5869565217391305,156.78,1490.7,1424.0,0.47540983606557374,156.78,3424.7,4883.200000000001,0.6732673267326733,510.9666666666667
South West,1976,1181.2,1419.1999999999998,0.6703296703296703,116.18666666666667,688.7,1671.9999999999998,0.8222222222222222,54.713333333333324,1006.9,912.0,0.3804347826086957,52.166666666666664,1598.2000000000003,1072.0,0.32786885245901637,54.86666666666667,3479.3999999999996,4185.6,0.5789473684210527,225.76666666666665
South West,1977,1186.1,1763.2,0.8241758241758241,268.6,582.0999999999999,1929.6,0.9333333333333333,177.11333333333332,1005.6999999999999,1169.6,0.5217391304347826,133.07333333333332,1459.7000000000003,1556.8,0.5245901639344263,237.44666666666666,3227.8999999999996,5249.6,0.735973597359736,672.36
South West,1978,1208.0,1424.0,0.6593406593406593,78.96666666666667,653.7,1742.4,0.8111111111111111,221.10666666666668,1002.8,1196.8,0.532608695652174,122.11333333333334,1496.4,1488.0,0.4918032786885246,150.76666666666665,3358.1,4654.4,0.636963696369637,450.84
South West,1979,1324.5,1380.8,0.6593406593406593,48.406666666666666,507.9,1820.8,0.8555555555555555,243.4266666666667,913.3999999999999,1545.6000000000001,0.6630434782608695,199.42666666666665,1409.3000000000002,1892.8,0.5983606557377049,208.76,3241.7,5094.4,0.693069306930693,500.5933333333333
South West,1980,1245.8999999999999,1580.8,0.7362637362637363,94.12666666666667,696.0,1934.4,0.9222222222222223,219.98666666666668,1006.1000000000001,878.4,0.34782608695652173,100.85333333333332,1487.5,1396.8000000000002,0.4344262295081967,211.12,3438.3999999999996,4936.0,0.6710526315789473,525.2333333333333
South West,1981,1169.1000000000001,1489.6000000000001,0.6813186813186813,165.70666666666668,672.2,1539.2,0.7333333333333333,48.35333333333333,1078.6000000000001,1657.6,0.75,224.85999999999999,1559.8,2022.3999999999999,0.680327868852459,256.71999999999997,3401.1000000000004,5051.2,0.6963696369636964,470.0466666666666
South West,1982,1197.8999999999999,1577.6000000000001,0.7252747252747253,212.46666666666664,624.0,1792.0,0.8666666666666667,150.64666666666665,1044.4,982.4000000000001,0.41304347826086957,123.70666666666666,1587.0,1460.8000000000002,0.4672131147540984,197.76666666666668,3408.8999999999996,4830.4,0.6633663366336634,560.88
South West,1983,1269.3999999999999,1755.2000000000003,0.8461538461538461,187.80666666666667,696.4000000000001,1448.0,0.6555555555555556,107.82,951.3000000000002,1705.6,0.7608695652173914,200.14000000000001,1462.6,2051.2,0.6885245901639344,227.99333333333334,3428.3999999999996,5254.4,0.7260726072607261,523.6199999999999
South West,1984,1241.8,1648.0,0.7912087912087912,135.52666666666664,704.2,1684.8,0.7888888888888889,194.05333333333334,952.5000000000001,843.2,0.33695652173913043,100.37333333333333,1484.3,1083.2000000000003,0.319672131147541,122.26666666666668,3436.5999999999995,4427.2,0.5986842105263158,451.84666666666664
South West,1985,1268.5000000000002,1558.3999999999999,0.6923076923076923,148.5333333333333,567.9999999999999,1638.4,0.7666666666666667,142.7266666666667,994.5999999999999,1240.0,0.5434782608695652,152.06666666666666,1469.0,1635.2,0.5409836065573771,191.52666666666667,3305.5,4832.0,0.6534653465346535,482.78666666666663
South West,1986,1180.3999999999999,1430.4,0.7472527472527473,46.52,596.7,1326.4,0.5777777777777777,128.74666666666667,892.7,1587.1999999999998,0.7065217391304348,176.71999999999997,1422.1999999999998,1916.8,0.6475409836065574,218.68,3199.3,4673.6,0.6567656765676567,393.9466666666667
South West,1987,1206.9999999999998,1648.0,0.7912087912087912,137.92666666666668,614.6,1512.0,0.7111111111111111,94.08666666666667,1008.8,1161.6000000000001,0.4891304347826087,110.89333333333335,1479.1,1564.8000000000002,0.5,146.82,3300.6999999999994,4724.8,0.6501650165016502,378.8333333333333
South West,1988,1211.9999999999998,1601.6,0.7582417582417582,204.4466666666667,776.2,1684.8,0.8,143.88,1076.0000000000002,1238.4,0.5543478260869565,125.11333333333333,1608.8,1467.1999999999998,0.48360655737704916,136.28,3602.0,4753.599999999999,0.6578947368421053,484.6066666666667
South West,1989,1203.8999999999999,1577.6,0.7362637362637363,128.91333333333336,874.6,1814.4,0.8777777777777778,86.0,1122.9,1291.2,0.5652173913043478,96.12666666666667,1653.9,1536.0,0.5081967213114754,115.62666666666667,3732.4,4928.0,0.6864686468646864,330.53999999999996
South West,1990,1307.8999999999999,1321.6,0.6263736263736264,127.01999999999998,889.2999999999998,1881.6,0.9,233.44666666666666,1167.7000000000003,758.4000000000001,0.33695652173913043,23.453333333333333,1654.3999999999999,1142.4,0.39344262295081966,48.81333333333333,3851.6000000000004,4345.599999999999,0.6138613861386139,409.28
South West,1991,1258.9,1222.3999999999999,0.5714285714285714,78.66666666666666,561.4999999999999,1652.8000000000002,0.8444444444444444,125.85333333333334,1078.3000000000002,1147.2,0.5,111.24666666666667,1530.5000000000002,1622.4,0.5245901639344263,186.61333333333332,3350.9,4497.6,0.6336633663366337,391.1333333333333
South West,1992,1256.7,1358.4,0.6043956043956044,119.04,689.7000000000002,1716.8000000000002,0.8222222222222222,62.626666666666665,1146.0,1204.8000000000002,0.5217391304347826,97.40666666666667,1696.9,1424.0,0.4672131147540984,122.82000000000001,3653.3,4523.2,0.6151315789473685,304.4866666666667
South West,1993,1151.0,1569.6,0.7032967032967034,175.42666666666668,754.8000000000002,1755.1999999999998,0.8555555555555555,109.91333333333334,1109.7999999999997,1257.6,0.5543478260869565,143.38666666666668,1646.2,1561.6,0.5081967213114754,183.64666666666668,3552.0,4886.4,0.66996699669967,468.9866666666666
South West,1994,1053.1,1492.8,0.6923076923076923,161.52,749.3000000000001,1777.6,0.8444444444444444,228.68,1069.1,1316.8000000000002,0.5978260869565217,133.46666666666667,1579.8,1496.0,0.5,144.46666666666667,3382.2,4766.4,0.6600660066006601,534.6666666666667
South West,1995,1293.8,1667.2,0.7912087912087912,163.76,850.1,1705.6,0.7777777777777778,196.01333333333332,1049.9,915.2,0.3804347826086957,52.339999999999996,1574.0,1014.4,0.3114754098360656,52.92666666666666,3717.8999999999996,4387.2,0.594059405940594,410.9266666666666
South West,1996,1306.7,1515.2,0.7032967032967034,139.81333333333333,600.0,1628.8,0.7777777777777778,169.68666666666667,921.3,1300.8,0.6304347826086957,162.48,1433.2,1563.2,0.5573770491803278,168.48666666666665,3345.8,4712.0,0.6644736842105263,477.0466666666667
South West,1997,1213.8999999999999,1267.1999999999998,0.6043956043956044,109.09333333333333,624.4000000000001,1612.8000000000002,0.7777777777777778,83.97333333333333,1131.1999999999998,1120.0,0.5217391304347826,120.98666666666665,1627.3999999999999,1705.6,0.5901639344262295,206.39333333333332,3465.7,4585.6,0.6501650165016502,399.46000000000004
South West,1998,1285.7999999999997,1512.0,0.7142857142857143,158.24,799.5999999999999,1731.2,0.8444444444444444,134.1533333333333,1148.3000000000002,1440.0,0.6630434782608695,195.24,1648.1000000000001,1950.4,0.6639344262295082,271.44666666666666,3733.4999999999995,5193.6,0.7326732673267327,562.9
South West,1999,1232.8999999999999,1518.3999999999999,0.6813186813186813,178.33999999999997,792.2,1707.1999999999998,0.8333333333333334,170.75333333333333,1127.6000000000004,1392.0000000000002,0.5760869565217391,128.16666666666666,1617.9,1737.6000000000001,0.5327868852459017,186.96666666666664,3643.0000000000005,4963.200000000001,0.6666666666666666,536.06
South West,2000,1271.8,1390.3999999999999,0.6703296703296703,131.12666666666667,755.1,1715.1999999999998,0.8,182.72000000000003,1063.5,1438.4,0.6521739130434783,208.03333333333336,1584.3,1758.4,0.6065573770491803,222.26000000000002,3621.3,4888.0,0.6842105263157895,547.7066666666667
South West,2001,1234.7999999999997,1665.6000000000001,0.7912087912087912,227.67333333333335,706.5999999999999,1793.6,0.8777777777777778,213.1333333333333,1037.4,1155.2,0.5,159.91333333333336,1553.2999999999997,1288.0,0.4180327868852459,182.41333333333336,3494.7,4747.200000000001,0.6666666666666666,623.22
South West,2002,1292.4,1537.6,0.7252747252747253,144.07333333333335,778.1000000000001,1728.0,0.8444444444444444,125.71333333333334,1106.8000000000002,1283.2,0.5543478260869565,138.94666666666666,1599.3,1686.3999999999999,0.5491803278688525,166.01333333333332,3669.7999999999997,4952.0,0.6897689768976898,435.8
South West,2003,1307.6999999999998,1476.7999999999997,0.6373626373626373,236.73333333333332,708.9,1646.4,0.7666666666666667,163.3,1133.2,1003.2,0.41304347826086957,111.82666666666667,1685.5999999999997,1398.4,0.4344262295081967,144.49333333333334,3702.2000000000003,4521.6,0.594059405940594,544.5266666666666
South West,2004,1249.1999999999998,1185.6,0.4945054945054945,85.36,752.6000000000001,1606.4,0.7888888888888889,154.94666666666666,1086.0,1307.2,0.5543478260869565,130.48000000000002,1624.9,1598.4,0.5163934426229508,158.34666666666666,3629.8,4392.0,0.5888157894736842,398.6533333333333
South West,2005,1271.9,1569.6000000000001,0.7582417582417582,132.62666666666667,735.1999999999999,1659.1999999999998,0.8,103.5,1067.9,1360.0,0.5760869565217391,148.38,1620.9,1710.4,0.5573770491803278,171.18666666666667,3628.0,4939.2,0.6897689768976898,403.58000000000004
South West,2006,1318.0,1553.6000000000001,0.7252747252747253,132.13333333333333,612.3,1814.4,0.8444444444444444,112.44666666666666,1032.3999999999999,1305.6000000000001,0.5760869565217391,169.56,1589.7,1563.2,0.5081967213114754,205.16000000000003,3520.0,4931.200000000001,0.6732673267326733,449.74
South West,2007,1412.1,1697.6,0.7802197802197802,209.24666666666667,889.1,1814.4,0.8555555555555555,184.6,1200.2,1054.3999999999999,0.41304347826086957,111.48666666666668,1727.7,1590.4,0.5,203.34,4028.8999999999996,5102.4,0.6897689768976898,596.0266666666666
South West,2008,1246.3999999999999,1412.8,0.6373626373626373,88.68666666666667,800.5,1705.6,0.8111111111111111,132.69333333333336,1096.5,1270.4,0.5543478260869565,201.6,1605.8000000000002,1615.9999999999998,0.5245901639344263,215.08666666666667,3662.1,4758.4,0.6447368421052632,436.4666666666667
South West,2009,1181.7000000000003,1612.8,0.7142857142857143,135.94666666666666,580.3,1865.6000000000001,0.9222222222222223,151.3,1094.8,1224.0,0.5434782608695652,61.20666666666667,1624.5,1524.8000000000002,0.5,97.89333333333333,3386.5,5003.2,0.6897689768976898,385.14
South West,2010,1320.8999999999999,1409.6,0.6153846153846154,144.75333333333333,509.59999999999997,1892.8000000000002,0.9111111111111111,169.87333333333333,1009.6999999999999,902.4,0.34782608695652173,82.49333333333334,1552.6,1121.6,0.3360655737704918,99.76666666666667,3383.1000000000004,4424.0,0.5907590759075908,414.3933333333333
South West,2011,1172.1000000000001,1470.4,0.6813186813186813,132.38,581.8000000000001,1881.6,0.9222222222222223,108.19999999999999,1188.7,889.5999999999999,0.3804347826086957,40.76,1683.5,1284.8000000000002,0.4180327868852459,98.82,3437.3999999999996,4636.799999999999,0.6468646864686468,339.4
South West,2012,1417.5,1540.8,0.7142857142857143,91.60666666666667,755.3,1632.0,0.7888888888888889,71.95333333333333,1084.7,1267.2,0.5543478260869565,163.61333333333332,1574.6000000000001,1870.3999999999999,0.6229508196721312,292.24666666666667,3758.8,5067.200000000001,0.7006578947368421,455.8066666666666
South West,2013,1171.6,1614.4,0.7582417582417582,220.20666666666665,662.8,1822.4,0.8777777777777778,202.93333333333334,878.2,1104.0,0.4891304347826087,119.00666666666666,1384.7999999999997,1392.0,0.45901639344262296,130.24,3219.2,4828.8,0.6732673267326733,553.38
South West,2014,1278.4999999999998,1710.3999999999999,0.8131868131868132,155.26666666666665,823.4,1899.2,0.8888888888888888,257.97333333333336,1125.0000000000002,1504.0,0.6630434782608695,165.82666666666668,1664.3999999999999,1751.9999999999998,0.5573770491803278,192.86666666666667,3766.3,5361.599999999999,0.7326732673267327,606.1066666666666
South West,2015,1388.6000000000001,1654.4,0.7472527472527473,158.19333333333333,686.6,1604.8000000000002,0.7555555555555555,87.72666666666667,1072.6,955.1999999999999,0.41304347826086957,39.32666666666667,1588.3,1161.6,0.38524590163934425,48.42666666666667,3663.4999999999995,4420.799999999999,0.6039603960396039,294.3466666666667
South West,2016,1289.3,1492.8000000000002,0.6593406593406593,120.1,913.5,1632.0,0.7555555555555555,141.54000000000002,1024.5,1160.0,0.4782608695652174,153.72666666666666,1555.8999999999999,1723.2,0.5573770491803278,228.2,3763.7,4872.0,0.6480263157894737,489.84000000000003
South West,2017,1262.1000000000001,1518.4,0.6703296703296703,123.61333333333332,765.2,1819.2,0.8666666666666667,95.92666666666666,1149.9999999999998,1171.1999999999998,0.4782608695652174,99.57333333333334,1698.9,1510.4,0.4672131147540984,132.79999999999998,3726.2,4848.0,0.6468646864686468,350.0
South West,2018,1248.7999999999997,1630.4,0.7802197802197802,93.68666666666667,672.6999999999999,1588.8,0.7333333333333333,164.04666666666668,1065.3999999999999,1550.3999999999999,0.6521739130434783,240.03333333333333,1636.1999999999998,1808.0,0.5819672131147541,248.03333333333333,3557.7,5027.2,0.6864686468646864,493.76666666666665
South West,2019,1230.4,1408.0000000000002,0.6483516483516484,176.44666666666663,789.6,1808.0,0.8666666666666667,134.5,1093.6000000000001,1076.8,0.4673913043478261,95.36,1596.9,1534.4,0.5163934426229508,149.66666666666669,3616.8999999999996,4750.4,0.6600660066006601,456.4133333333333
South West,2020,1220.8999999999996,1686.3999999999999,0.8131868131868132,259.35333333333335,832.9,1944.0,0.9222222222222223,269.0066666666667,1163.1000000000001,595.2,0.2608695652173913,60.08666666666667,1685.6999999999998,1019.1999999999999,0.3360655737704918,137.98666666666668,3748.4,4673.6,0.6546052631578947,677.1466666666666
South West,2021,1274.2000000000003,1563.2,0.7142857142857143,202.81333333333333,689.3,1876.8,0.9,279.52,946.8,1220.8,0.5543478260869565,171.53333333333336,1478.4,1611.1999999999998,0.5573770491803278,236.94666666666666,3441.8999999999996,5051.2,0.7062706270627063,719.28
South West,2022,1313.4,1635.2,0.7692307692307693,167.24,825.4,1755.1999999999998,0.8333333333333334,112.93333333333334,1128.3,1062.4,0.4673913043478261,74.92666666666668,1646.4,1496.0,0.5,133.52666666666667,3785.2,4886.4,0.6798679867986799,413.7
South West,2023,1368.3999999999999,1747.2000000000003,0.8021978021978022,307.5133333333333,678.1,1856.0,0.9222222222222223,153.95333333333332,1095.5000000000002,1318.4,0.5652173913043478,195.07333333333332,1693.3999999999999,1539.2,0.5,204.7,3739.9,5142.4,0.7161716171617162,666.1666666666667
South West,2024,1385.0,1534.4,0.7142857142857143,207.2733333333333,855.6999999999999,1774.3999999999999,0.8666666666666667,342.1066666666666,1152.1999999999998,1694.3999999999999,0.75,235.98,1649.5,1953.6,0.6557377049180327,245.88,3900.7999999999997,5286.4,0.7368421052631579,800.3599999999999
South West,2025,1269.8999999999999,1779.2,0.8241758241758241,321.2066666666667,755.4000000000001,1774.3999999999999,0.8333333333333334,228.3,1203.4,926.4,0.3804347826086957,66.11333333333334,1787.4,1222.4,0.3770491803278688,92.85999999999999,3812.7,4776.0,0.6468646864686468,642.3666666666667
South West,2026,1268.3,1648.0,0.7802197802197802,234.74666666666664,834.8000000000001,1916.8000000000002,0.9222222222222223,409.35333333333335,1235.6000000000001,1065.6,0.4782608695652174,82.1,1827.6999999999998,1451.1999999999998,0.5,129.8,3930.8,5016.0,0.7095709570957096,763.1800000000001
Wales,1971,1233.0,1632.0,0.7582417582417582,238.58666666666667,638.6999999999998,1878.4,0.8888888888888888,208.08,949.2,1264.0,0.5434782608695652,146.76,1390.0,1747.2,0.5737704918032787,240.10666666666668,3261.7000000000003,5257.6,0.7227722772277227,686.7733333333333
Wales,1972,1217.0,1534.4,0.7032967032967034,171.23333333333332,689.5,1924.8000000000002,0.9,271.4666666666667,946.4,1523.2,0.6630434782608695,212.1,1344.8000000000002,2099.2,0.6885245901639344,290.90000000000003,3259.6000000000004,5582.4,0.756578947368421,738.3000000000001
Wales,1973,1121.6999999999998,1161.6,0.5054945054945055,199.37333333333333,703.8000000000001,1900.8000000000002,0.9111111111111111,245.8466666666667,932.6999999999999,1201.6,0.5,107.94666666666666,1432.6999999999998,1556.8,0.5,123.32,3258.2000000000003,4619.2,0.6237623762376238,568.54
Wales,1974,1156.6999999999998,1531.1999999999998,0.7032967032967034,126.47333333333333,748.5999999999999,1731.2,0.7777777777777778,377.3933333333334,946.1,1100.8,0.4891304347826087,89.6,1426.4999999999998,1456.0,0.48360655737704916,109.7,3331.8,4718.4,0.636963696369637,613.5666666666666
Wales,1975,1019.9,1585.6,0.7142857142857143,327.64666666666665,823.0000000000001,1864.0000000000002,0.8777777777777778,240.61999999999998,915.0,1252.8000000000002,0.5652173913043478,99.74,1436.8,1388.8,0.4672131147540984,105.84,3279.7000000000003,4838.4,0.6633663366336634,672.08
Wales,1976,1142.6,1435.2,0.6373626373626373,212.94666666666666,677.9,1736.0000000000002,0.8222222222222222,140.44,942.4,1084.8000000000002,0.4673913043478261,84.30000000000001,1484.6999999999998,1417.6,0.45901639344262296,98.5,3314.9,4608.0,0.6217105263157895,438.4
Wales,1977,1127.2,1707.2000000000003,0.8021978021978022,328.03333333333336,531.9,1836.8,0.9111111111111111,271.22,948.6000000000003,1262.4,0.5760869565217391,127.25999999999999,1394.9000000000003,1646.4,0.5573770491803278,184.52666666666664,3054.0,5190.400000000001,0.735973597359736,783.78
Wales,1978,1170.3999999999999,1406.4,0.6593406593406593,197.72666666666666,611.3,1700.8,0.7888888888888889,317.94666666666666,949.7999999999998,1246.4,0.5760869565217391,140.12,1415.0,1561.6,0.5409836065573771,160.40666666666667,3196.7,4668.799999999999,0.6501650165016502,676.08
Wales,1979,1288.1999999999998,1480.0,0.7142857142857143,96.3,453.5,1769.6,0.8333333333333334,329.77333333333337,850.9000000000001,1451.2,0.6195652173913043,195.00666666666666,1316.0000000000002,1817.6000000000001,0.5901639344262295,197.90666666666667,3057.7,5067.2,0.6996699669966997,623.98
Wales,1980,1199.0,1475.1999999999998,0.6923076923076923,153.24,666.4,1814.4000000000003,0.9,365.0133333333333,964.5999999999999,793.6,0.31521739130434784,99.78,1425.0,1320.0,0.4180327868852459,173.45333333333332,3299.8,4633.6,0.6447368421052632,691.7066666666667
Wales,1981,1129.5,1446.4,0.6153846153846154,217.85333333333332,653.4000000000001,1470.3999999999999,0.6777777777777778,97.00666666666667,1018.7999999999998,1543.9999999999998,0.6847826086956522,309.40666666666664,1478.5,1936.0,0.639344262295082,360.02,3261.4000000000005,4852.8,0.6435643564356436,674.88
Wales,1982,1158.8,1625.6000000000001,0.7252747252747253,362.0333333333333,564.6,1726.4,0.8222222222222222,235.61333333333332,1001.4000000000001,976.0000000000001,0.391304347826087,142.25333333333333,1517.5999999999997,1459.2,0.4672131147540984,197.01333333333335,3241.0,4811.200000000001,0.6501650165016502,794.66
Wales,1983,1215.9,1825.6,0.8901098901098901,297.16,646.9,1494.3999999999999,0.6777777777777778,218.32,893.7,1633.6000000000001,0.7391304347826086,194.89333333333335,1376.6999999999998,1976.0000000000002,0.6639344262295082,208.39333333333332,3239.5,5296.0,0.735973597359736,723.8733333333332
Wales,1984,1186.8999999999999,1700.8,0.8021978021978022,298.15333333333336,667.0,1694.3999999999996,0.7666666666666667,332.3466666666667,919.5999999999999,825.6,0.32608695652173914,71.58,1417.7999999999997,1112.0,0.32786885245901637,95.12,3277.1000000000004,4529.6,0.6019736842105263,725.62
Wales,1985,1213.7,1630.4,0.7582417582417582,318.54,533.8000000000001,1545.6000000000001,0.7111111111111111,202.25333333333333,940.4000000000001,1308.8000000000002,0.6086956521739131,164.31333333333336,1383.2,1734.4,0.5983606557377049,224.86666666666667,3130.7,4910.4,0.6798679867986799,745.38
Wales,1986,1127.5,1436.8,0.7032967032967034,148.52666666666667,548.1999999999999,1315.2,0.6111111111111112,188.67333333333332,831.1000000000001,1595.2,0.717391304347826,191.54000000000002,1331.3000000000002,1952.0,0.6639344262295082,239.86666666666667,3007.0,4704.0,0.6600660066006601,577.0666666666666
Wales,1987,1160.2,1592.0,0.7362637362637363,248.94666666666666,576.3000000000001,1496.0,0.6888888888888889,185.6266666666667,958.4000000000001,1233.6,0.532608695652174,152.96,1399.3,1699.1999999999998,0.5573770491803278,211.23999999999998,3135.8,4787.2,0.6501650165016502,645.8133333333334
Wales,1988,1145.6999999999998,1601.6,0.7362637362637363,361.13999999999993,721.3000000000002,1656.0,0.7666666666666667,292.09333333333336,1015.5,1272.0,0.6086956521739131,195.52,1523.5,1560.0,0.5573770491803278,223.26000000000002,3395.5000000000005,4817.599999999999,0.6710526315789473,876.4933333333333
Wales,1989,1133.6000000000001,1582.4,0.7472527472527473,213.40000000000003,848.7,1795.2,0.8666666666666667,144.55333333333334,1055.4999999999998,1238.4,0.532608695652174,127.56,1563.1000000000001,1600.0,0.5245901639344263,160.84666666666666,3545.3999999999996,4977.6,0.693069306930693,518.8
Wales,1990,1247.3,1422.4,0.6153846153846154,260.52,814.6000000000001,1980.8000000000002,0.9333333333333333,505.78666666666663,1117.3,800.0,0.34782608695652173,26.006666666666668,1586.6000000000004,1204.8,0.4016393442622951,88.43333333333334,3648.5,4608.0,0.6237623762376238,854.74
Wales,1991,1210.8,1244.8,0.5714285714285714,141.96666666666667,526.3,1676.7999999999997,0.8,252.02,1022.0999999999999,1108.8,0.4782608695652174,139.10666666666668,1451.1,1571.2,0.5081967213114754,229.69333333333333,3188.2,4492.799999999999,0.6138613861386139,623.6800000000001
Wales,1992,1213.4999999999998,1345.6,0.6263736263736264,251.54666666666665,654.9,1734.3999999999999,0.8333333333333334,108.57333333333334,1077.8,1256.0000000000002,0.5434782608695652,94.90666666666665,1609.8999999999999,1484.8000000000002,0.48360655737704916,117.62666666666667,3486.6000000000004,4588.8,0.631578947368421,477.74666666666667
Wales,1993,1108.9,1475.1999999999998,0.6483516483516484,267.7466666666666,704.7,1744.0,0.8222222222222222,227.82,1041.1,1337.6,0.6086956521739131,145.4466666666667,1546.5,1705.6,0.5819672131147541,197.19999999999996,3360.1000000000004,4924.8,0.6732673267326733,692.7666666666668
Wales,1994,1010.0,1471.9999999999998,0.6813186813186813,251.53999999999996,694.5,1771.2,0.8,375.0,997.8,1355.2,0.5869565217391305,135.05333333333334,1471.6999999999998,1676.8,0.5409836065573771,161.78666666666666,3176.2,4920.0,0.6600660066006601,788.1399999999999
Wales,1995,1232.6000000000001,1675.1999999999998,0.7582417582417582,290.5533333333334,812.6,1878.4,0.8666666666666667,454.2866666666667,995.8000000000001,980.8000000000001,0.41304347826086957,92.69333333333333,1498.1999999999998,1110.4,0.3524590163934426,94.96000000000001,3543.3999999999996,4664.0,0.6270627062706271,839.8
Wales,1996,1260.6,1475.2,0.6703296703296703,207.27999999999997,531.1000000000001,1582.3999999999999,0.7666666666666667,231.81333333333333,871.5000000000001,1305.6000000000001,0.6086956521739131,187.08666666666667,1359.5,1588.8,0.5327868852459017,202.06666666666666,3156.7,4651.2,0.6414473684210527,640.5066666666667
Wales,1997,1180.3,1361.6,0.6043956043956044,237.22,569.0,1630.4,0.7777777777777778,151.82,1070.8999999999999,1132.8,0.4673913043478261,106.0,1546.8999999999996,1582.4,0.5081967213114754,200.33999999999997,3296.2,4574.4,0.6171617161716172,589.3800000000001
Wales,1998,1234.2,1476.8000000000002,0.6813186813186813,226.89333333333332,768.1,1697.6000000000001,0.8333333333333334,265.08000000000004,1080.7,1472.0,0.6630434782608695,224.86666666666667,1556.3,1996.8000000000002,0.6639344262295082,319.9733333333333,3558.6000000000004,5171.200000000001,0.7194719471947195,806.0266666666668
Wales,1999,1196.1000000000001,1579.2000000000003,0.6923076923076923,327.52,756.8999999999999,1731.2,0.8111111111111111,309.74,1062.5000000000002,1528.0000000000002,0.6956521739130435,176.57333333333332,1527.3999999999999,1881.6,0.639344262295082,216.25333333333336,3480.3999999999996,5192.0,0.7062706270627063,853.5133333333333
Wales,2000,1238.5,1478.3999999999999,0.6813186813186813,270.55333333333334,721.9,1680.0,0.7666666666666667,261.4733333333333,1003.6,1353.6000000000001,0.5869565217391305,214.61333333333332,1499.9999999999998,1692.8000000000002,0.5573770491803278,246.29333333333332,3469.3,4875.2,0.6578947368421053,796.92
Wales,2001,1188.8000000000002,1784.0,0.8021978021978022,430.16666666666663,644.7,1692.8000000000002,0.8222222222222222,324.52,958.3000000000002,1291.1999999999998,0.5760869565217391,189.83333333333331,1442.4,1481.6000000000001,0.4918032786885246,215.63333333333333,3275.8999999999996,4958.4,0.6831683168316832,970.3199999999999
Wales,2002,1262.9999999999998,1523.2,0.6813186813186813,264.42666666666673,739.8000000000001,1694.4,0.8111111111111111,288.47333333333336,1044.0,1382.3999999999999,0.6195652173913043,175.3733333333333,1512.1,1774.4,0.5901639344262295,211.76666666666665,3514.9,4992.0,0.6831683168316832,764.6666666666667
Wales,2003,1245.7,1400.0,0.6263736263736264,298.3733333333333,658.8000000000001,1571.2,0.7,212.5133333333333,1069.1000000000001,1092.8,0.4891304347826087,152.04,1592.3999999999999,1510.4,0.5,195.56,3496.8999999999996,4481.6,0.5973597359735974,706.4466666666666
Wales,2004,1197.8000000000002,1214.3999999999999,0.4945054945054945,126.14,715.4000000000001,1561.6000000000001,0.7666666666666667,260.0466666666666,1038.1999999999998,1372.8,0.6086956521739131,148.2,1549.4,1683.2,0.5573770491803278,184.54,3466.4,4459.2,0.5986842105263158,570.7266666666667
Wales,2005,1230.6,1600.0,0.7472527472527473,270.2133333333333,725.8,1555.2,0.7222222222222222,162.42666666666668,1017.5,1289.6,0.5652173913043478,135.24666666666667,1538.8,1707.1999999999998,0.5573770491803278,160.78666666666666,3495.2,4862.4,0.6633663366336634,586.3266666666666
Wales,2006,1274.9,1504.0,0.6923076923076923,279.66666666666663,617.3,1649.6000000000001,0.8,116.19333333333333,967.4,1340.8,0.5869565217391305,210.88,1500.6999999999998,1563.2000000000003,0.5,222.68,3392.9,4716.8,0.6468646864686468,618.54
Wales,2007,1356.4,1606.4,0.7472527472527473,265.38666666666666,831.0000000000001,1788.8,0.8444444444444444,402.1333333333333,1135.8,990.4000000000001,0.41304347826086957,158.50666666666666,1645.4,1460.8,0.47540983606557374,265.52000000000004,3832.8,4856.0,0.6666666666666666,929.16
Wales,2008,1223.9,1380.8000000000002,0.6153846153846154,108.70666666666668,750.1999999999999,1715.2,0.7888888888888889,278.6,1028.8,1318.4,0.5978260869565217,205.01999999999998,1510.8999999999999,1728.0,0.5901639344262295,241.0933333333333,3494.3999999999996,4848.0,0.6578947368421053,632.5999999999999
Wales,2009,1150.3999999999999,1492.8,0.6703296703296703,224.68666666666667,565.9999999999999,1760.0000000000002,0.9111111111111111,177.82,1030.6,1289.6,0.5978260869565217,117.16000000000001,1535.9000000000003,1656.0,0.5737704918032787,179.38666666666666,3252.3,4908.8,0.7029702970297029,581.8933333333333
Wales,2010,1255.3999999999999,1433.6000000000001,0.6593406593406593,298.98,470.99999999999994,1643.2,0.7777777777777778,203.47333333333333,960.5,993.5999999999999,0.391304347826087,105.34666666666666,1473.5,1251.2,0.3770491803278688,127.81333333333333,3199.8999999999996,4328.0,0.5808580858085809,625.6733333333334
Wales,2011,1129.2000000000003,1457.6,0.6593406593406593,169.86,533.4999999999999,1755.2,0.8333333333333334,139.79333333333332,1126.3,998.4,0.42391304347826086,53.22,1596.2,1369.6,0.45081967213114754,77.91999999999999,3258.9,4582.4,0.6270627062706271,387.5733333333334
Wales,2012,1341.8,1728.0,0.8021978021978022,182.08,718.9,1724.8000000000002,0.8333333333333334,163.24,1025.4,1267.2,0.5543478260869565,148.62666666666667,1489.6,1865.6,0.6229508196721312,341.96,3560.8999999999996,5342.4,0.7401315789473685,687.28
Wales,2013,1117.2,1619.2,0.7472527472527473,267.82,618.1,1726.3999999999999,0.8222222222222222,295.94666666666666,805.6999999999999,1086.4,0.5,154.6933333333333,1283.4,1417.6000000000001,0.4918032786885246,183.14000000000001,3018.7000000000003,4763.200000000001,0.6666666666666666,746.9066666666668
Wales,2014,1230.3,1643.1999999999998,0.7802197802197802,279.7333333333333,782.3000000000001,2008.0,0.9333333333333333,469.5533333333333,1073.1,1513.6,0.6956521739130435,193.6933333333333,1591.5,1864.0,0.6311475409836066,217.36,3604.1,5515.2,0.7656765676567657,966.6466666666668
Wales,2015,1332.3999999999996,1550.4,0.7032967032967034,220.41333333333333,670.5,1569.6000000000001,0.7555555555555555,125.12,1001.6,1088.0,0.4891304347826087,76.68666666666667,1482.3999999999999,1376.0,0.45901639344262296,115.48666666666666,3485.3,4496.0,0.6204620462046204,461.0200000000001
Wales,2016,1242.9999999999998,1451.2,0.6483516483516484,227.53333333333336,849.5999999999999,1768.0,0.8,394.7933333333333,986.4999999999999,1107.2,0.4782608695652174,146.88,1504.5,1569.6,0.5,207.24,3601.3,4812.8,0.6348684210526315,829.5666666666666
Wales,2017,1213.6,1499.1999999999998,0.6703296703296703,190.65333333333334,790.5,1756.8,0.8222222222222222,158.60666666666668,1169.9,1320.0000000000002,0.5760869565217391,180.96666666666664,1711.7,1819.2,0.6065573770491803,257.36,3715.8,5075.200000000001,0.6897689768976898,606.62
Wales,2018,1318.3999999999999,1555.2,0.6923076923076923,216.78666666666666,735.4999999999999,1510.4,0.7111111111111111,244.89333333333332,1058.3999999999999,1716.8,0.7717391304347826,314.83333333333337,1627.5,2008.0,0.6721311475409836,328.1933333333334,3681.3999999999996,5073.6,0.6897689768976898,775.1733333333334
Wales,2019,1277.8,1471.9999999999998,0.6923076923076923,270.86,846.6,1782.3999999999999,0.8555555555555555,236.0533333333333,1112.4,1292.8,0.5978260869565217,161.83333333333331,1611.2,1788.7999999999997,0.6147540983606558,239.0333333333333,3735.6,5043.2,0.7095709570957096,745.9466666666667
Wales,2020,1269.0,1676.7999999999997,0.7582417582417582,501.9466666666667,869.6,1905.6,0.9,423.1333333333334,1173.2,779.2,0.32608695652173914,89.92666666666665,1703.8999999999999,1174.4,0.36885245901639346,182.9,3851.7,4780.8,0.6447368421052632,1123.28
Wales,2021,1308.6,1643.1999999999998,0.7582417582417582,311.1133333333334,730.8000000000001,1808.0,0.8555555555555555,406.58000000000004,999.4,1207.9999999999998,0.5434782608695652,156.08,1528.8000000000002,1595.1999999999998,0.5409836065573771,171.57999999999998,3568.2000000000007,5046.4,0.6996699669966997,889.2733333333334
Wales,2022,1380.7,1584.0,0.7692307692307693,285.14,875.5,1769.6000000000001,0.8555555555555555,247.60666666666668,1153.5,1134.4,0.4891304347826087,116.79333333333332,1674.1,1572.8,0.5,184.60666666666665,3930.2999999999993,4926.4,0.6864686468646864,717.3533333333334
Wales,2023,1420.8,1691.1999999999998,0.7692307692307693,364.12,745.9000000000001,1707.2,0.8333333333333334,295.22,1134.4,1444.8000000000002,0.6304347826086957,305.3066666666667,1722.8000000000002,1705.6000000000001,0.5655737704918032,336.0,3889.5,5104.0,0.7062706270627063,995.34
Wales,2024,1412.7,1716.7999999999997,0.8131868131868132,356.64,886.7,1764.8,0.8444444444444444,471.96,1166.1999999999998,1708.8000000000002,0.782608695652174,306.9866666666667,1664.6000000000001,2068.8,0.7131147540983607,328.8066666666667,3974.7,5574.4,0.7828947368421053,1162.8066666666666
Wales,2025,1312.7,1697.6,0.7912087912087912,344.23333333333335,787.8000000000001,1640.0,0.7666666666666667,281.06,1200.2,1054.3999999999999,0.4673913043478261,130.96666666666667,1756.8999999999999,1644.8,0.5655737704918032,199.99333333333334,3857.4,4982.400000000001,0.693069306930693,825.2866666666666
Wales,2026,1313.6000000000001,1649.6,0.7582417582417582,417.7133333333333,855.3,1828.8,0.8444444444444444,503.70666666666665,1234.3,1262.3999999999999,0.5760869565217391,169.16666666666669,1812.7,1833.6,0.6147540983606558,282.24666666666667,3981.6000000000004,5312.0,0.7260726072607261,1185.8266666666668
West Midlands,1971,1165.5,1496.0,0.6813186813186813,138.60666666666665,561.8,1907.2000000000003,0.9333333333333333,117.91333333333334,907.0000000000001,1249.6,0.5543478260869565,139.38,1335.3000000000002,1587.2,0.5245901639344263,173.40666666666667,3062.6000000000004,4990.4,0.693069306930693,429.9266666666666
West Midlands,1972,1120.3,1507.1999999999998,0.7582417582417582,85.11333333333333,614.0999999999999,1915.2,0.9222222222222223,161.07333333333332,915.0999999999999,1620.7999999999997,0.717391304347826,141.87333333333336,1321.0999999999997,2195.2,0.7213114754098361,214.79333333333335,3064.2,5628.799999999999,0.7894736842105263,457.62
West Midlands,1973,1032.1999999999998,1352.0,0.6373626373626373,99.24666666666664,604.0999999999999,1889.6,0.8777777777777778,103.68,896.6999999999999,1283.2,0.5434782608695652,98.37333333333335,1401.5,1508.8,0.47540983606557374,117.81333333333333,3037.8,4750.4,0.6435643564356436,320.74
West Midlands,1974,1053.3,1363.1999999999998,0.6153846153846154,84.91333333333334,651.6,1848.0,0.8777777777777778,165.52666666666664,904.3,1152.0,0.5,60.193333333333335,1371.1,1494.4,0.48360655737704916,101.49333333333334,3076.0,4705.6,0.6402640264026402,351.93333333333334
West Midlands,1975,931.1,1689.6,0.7692307692307693,150.56666666666663,731.5,1723.2,0.8444444444444444,99.94666666666667,847.4,1332.8,0.6304347826086957,131.86666666666667,1338.9999999999998,1513.6,0.5327868852459017,140.86666666666667,3001.6,4926.4,0.6963696369636964,391.38
West Midlands,1976,1038.4999999999998,1473.6,0.6373626373626373,72.10666666666667,622.6999999999999,1646.4,0.7777777777777778,90.65333333333334,902.9000000000001,1048.0,0.45652173913043476,92.93333333333334,1457.9,1224.0,0.39344262295081966,98.13999999999999,3128.5,4350.400000000001,0.5789473684210527,260.9
West Midlands,1977,1044.9,1724.8000000000002,0.8021978021978022,235.1733333333333,404.80000000000007,2020.8,0.9555555555555556,218.11999999999998,891.6000000000001,1262.4,0.5543478260869565,117.80666666666666,1318.3000000000002,1582.4,0.5245901639344263,214.72,2768.0,5328.0,0.735973597359736,661.7133333333334
West Midlands,1978,1090.9,1318.4,0.6153846153846154,73.58000000000001,517.9,1729.6,0.8,189.2733333333333,905.1999999999999,1166.4,0.4891304347826087,90.72,1362.6000000000001,1526.3999999999999,0.48360655737704916,156.38,2971.3999999999996,4574.4,0.6171617161716172,419.23333333333335
West Midlands,1979,1214.7000000000003,1457.6000000000001,0.7032967032967034,65.16666666666666,304.59999999999997,1878.4,0.9111111111111111,212.08,814.1,1654.4,0.717391304347826,251.00666666666666,1290.6,1924.8,0.6147540983606558,263.3066666666667,2809.9,5260.8,0.7293729372937293,540.5533333333333
West Midlands,1980,1125.6000000000004,1328.0,0.6043956043956044,77.66,560.1,1857.6000000000004,0.9,227.70000000000002,907.9,806.4,0.31521739130434784,62.96666666666667,1370.3999999999999,1256.0,0.38524590163934425,137.02666666666667,3065.1,4465.6,0.6052631578947368,442.38666666666666
West Midlands,1981,1074.7,1444.8,0.6373626373626373,121.58,561.2,1699.2,0.8111111111111111,106.36000000000001,991.5,1536.0,0.6847826086956522,195.73333333333335,1445.2,1833.6,0.6147540983606558,205.13333333333333,3081.1000000000004,4977.6,0.6798679867986799,433.0733333333333
West Midlands,1982,1073.3,1464.0,0.6483516483516484,162.92666666666668,454.40000000000003,1787.2000000000003,0.8444444444444444,132.36666666666665,966.8000000000001,974.3999999999999,0.3804347826086957,80.47999999999999,1489.3999999999999,1438.3999999999999,0.4426229508196721,180.17333333333335,3017.0999999999995,4689.6,0.6237623762376238,475.46666666666664
West Midlands,1983,1132.8,1710.4,0.8021978021978022,163.16666666666663,553.3000000000001,1499.2,0.7,81.04666666666668,865.7,1748.8,0.7717391304347826,231.01999999999998,1342.6,2036.8,0.6639344262295082,247.34,3028.7,5246.4,0.7161716171617162,491.55333333333334
West Midlands,1984,1112.2,1526.4,0.7032967032967034,114.11333333333334,542.0,1723.2,0.8111111111111111,150.54666666666668,865.9,910.4000000000001,0.391304347826087,86.13333333333334,1349.9999999999998,1225.6,0.38524590163934425,105.83333333333333,3009.3,4499.200000000001,0.6085526315789473,370.49333333333334
West Midlands,1985,1155.6000000000001,1521.6000000000001,0.6813186813186813,146.42666666666668,431.49999999999994,1782.4,0.8444444444444444,104.84666666666666,892.1000000000001,1342.4,0.5869565217391305,129.78666666666666,1320.7,1750.4,0.5737704918032787,187.89333333333335,2907.8,5054.4,0.6864686468646864,432.41999999999996
West Midlands,1986,1058.8,1456.0,0.7032967032967034,48.18666666666667,461.6,1412.7999999999997,0.6333333333333333,136.04,828.5,1468.8,0.6521739130434783,171.01999999999998,1318.2000000000003,1683.1999999999998,0.5655737704918032,203.05333333333334,2838.6000000000004,4552.0,0.6270627062706271,387.28
West Midlands,1987,1067.4,1566.4,0.7362637362637363,105.08666666666666,479.59999999999997,1680.0,0.8111111111111111,124.02666666666667,914.0,1182.4,0.4891304347826087,147.7133333333333,1349.2,1708.8000000000002,0.5409836065573771,227.94666666666666,2896.2,4955.2,0.6798679867986799,454.26
West Midlands,1988,1059.2,1513.6,0.7032967032967034,205.23333333333335,642.8,1726.4,0.8222222222222222,127.24000000000001,976.2,1204.8000000000002,0.5108695652173914,124.66000000000003,1471.2,1433.6,0.4426229508196721,145.43333333333334,3177.0999999999995,4673.6,0.631578947368421,477.90666666666664
West Midlands,1989,1042.1000000000001,1585.6,0.7362637362637363,123.21333333333332,767.8,1732.8,0.8333333333333334,69.29333333333334,989.6,1185.6,0.5217391304347826,121.49333333333334,1479.2999999999997,1560.0,0.5163934426229508,174.75333333333333,3289.2,4878.4,0.6765676567656765,367.26
West Midlands,1990,1159.0,1380.8,0.6263736263736264,141.94666666666666,720.6,1758.4,0.8222222222222222,214.72,1072.8999999999999,696.0,0.2608695652173913,22.21333333333333,1545.6999999999998,1060.8,0.319672131147541,38.913333333333334,3425.2999999999997,4200.0,0.5610561056105611,395.58
West Midlands,1991,1141.1999999999998,1204.8000000000002,0.5494505494505495,104.15333333333334,431.0,1771.2,0.8666666666666667,111.9,984.4,1025.6,0.391304347826087,76.22,1403.8000000000002,1534.4,0.4672131147540984,140.06,2976.0,4510.4,0.6105610561056105,356.11333333333334
West Midlands,1992,1136.8999999999999,1443.1999999999998,0.6483516483516484,129.6,577.9,1808.0,0.8777777777777778,78.39333333333333,1066.8999999999999,1184.0,0.5,142.03333333333333,1592.0999999999997,1414.4,0.4426229508196721,185.57999999999998,3314.6000000000004,4688.0,0.6348684210526315,393.15999999999997
West Midlands,1993,1018.1999999999999,1484.8,0.6703296703296703,156.95333333333332,588.7,1771.2,0.8333333333333334,87.66,1007.8,1096.0,0.45652173913043476,104.98,1512.9,1406.4,0.4426229508196721,169.31333333333333,3119.8,4662.4,0.6270627062706271,413.9266666666667
West Midlands,1994,907.4,1582.4,0.7582417582417582,160.38666666666666,570.1,1760.0,0.8333333333333334,197.07333333333335,965.8,1172.8000000000002,0.5217391304347826,83.22,1452.3999999999999,1372.8000000000002,0.45081967213114754,97.62,2929.8999999999996,4715.2,0.6567656765676567,455.08000000000004
West Midlands,1995,1134.6,1644.8000000000002,0.7692307692307693,168.17333333333335,684.1,1710.4,0.7888888888888889,172.22666666666666,958.2,836.8000000000001,0.34782608695652173,71.45333333333333,1440.6999999999998,995.2,0.30327868852459017,75.86666666666666,3259.3999999999996,4350.400000000001,0.5874587458745875,412.4266666666667
West Midlands,1996,1188.3,1438.4,0.6593406593406593,80.84666666666668,434.90000000000003,1710.4,0.8222222222222222,141.96666666666664,829.3000000000001,1163.2,0.5217391304347826,87.76,1312.1,1352.0,0.45901639344262296,97.56,2939.7,4518.4,0.6282894736842105,320.37333333333333
West Midlands,1997,1102.6,1244.8,0.5604395604395604,85.91333333333334,509.4,1686.4,0.7777777777777778,64.82,1049.8,972.8000000000001,0.44565217391304346,92.30000000000001,1520.3999999999999,1443.1999999999998,0.4918032786885246,191.4,3132.4,4374.400000000001,0.5973597359735974,342.1333333333333
West Midlands,1998,1139.8,1457.6,0.6593406593406593,115.75333333333333,703.5000000000001,1731.2,0.8555555555555555,123.52,1043.3,1358.4000000000003,0.6086956521739131,161.14000000000001,1520.0000000000002,1851.2000000000003,0.6229508196721312,246.64,3363.3,5040.0,0.7029702970297029,485.91333333333336
West Midlands,1999,1105.8,1612.8,0.7472527472527473,150.2133333333333,650.6000000000001,1856.0,0.8777777777777778,148.72666666666666,1054.0,1342.4,0.5652173913043478,122.74000000000002,1517.1000000000001,1705.6,0.5409836065573771,166.30666666666667,3273.5,5174.4,0.7029702970297029,465.24666666666667
West Midlands,2000,1187.6999999999998,1454.3999999999999,0.6703296703296703,157.98666666666668,643.1999999999999,1614.4,0.7555555555555555,101.66666666666669,981.9000000000001,1153.6,0.4891304347826087,147.52666666666664,1486.9,1480.0000000000002,0.47540983606557374,179.12666666666667,3325.0,4572.8,0.618421052631579,445.98
West Midlands,2001,1112.9,1721.6,0.7692307692307693,281.1866666666666,542.4,1878.4,0.9,176.42,911.0999999999999,1200.0,0.5,156.57999999999998,1387.5,1396.8,0.4426229508196721,178.17999999999998,3042.8,4996.8,0.6765676567656765,633.3066666666666
West Midlands,2002,1188.8,1580.8,0.7252747252747253,135.07333333333335,646.1,1756.8,0.8222222222222222,115.90666666666667,1024.8000000000002,1049.6,0.44565217391304346,87.14,1511.2999999999997,1385.6,0.45081967213114754,115.74000000000001,3346.2,4723.2,0.6435643564356436,366.72
West Midlands,2003,1147.9,1344.0,0.5604395604395604,153.98,579.5999999999999,1632.0,0.7777777777777778,135.60666666666668,1052.8999999999999,923.2,0.391304347826087,75.63999999999999,1598.7,1177.6,0.3770491803278688,80.92666666666666,3326.2,4153.6,0.5511551155115512,370.5133333333333
West Midlands,2004,1107.4,1257.6,0.5604395604395604,106.22666666666667,626.0000000000001,1649.6000000000001,0.7888888888888889,143.72,1011.8,1280.0,0.5217391304347826,110.24000000000001,1525.9,1606.4,0.5,154.64000000000001,3262.1,4513.6,0.6019736842105263,404.5866666666667
West Midlands,2005,1151.4999999999998,1579.1999999999998,0.7582417582417582,122.86666666666667,638.5,1712.0000000000002,0.8555555555555555,73.72666666666666,1005.0000000000002,1243.2,0.532608695652174,88.79333333333332,1528.4,1537.6,0.4918032786885246,110.12666666666665,3318.3999999999996,4828.8,0.6798679867986799,306.72
West Midlands,2006,1207.8,1467.1999999999998,0.6703296703296703,115.24,543.7,1798.4,0.8555555555555555,75.85333333333332,944.5000000000001,1307.2,0.5652173913043478,182.69333333333333,1479.2,1518.4,0.4918032786885246,203.89333333333332,3230.7,4784.0,0.6534653465346535,394.9866666666667
West Midlands,2007,1287.4000000000003,1456.0,0.6703296703296703,131.55333333333334,748.3,1779.1999999999998,0.8,145.34666666666666,1070.4999999999998,1028.8,0.41304347826086957,129.86666666666667,1576.8000000000002,1470.4,0.4426229508196721,269.24666666666667,3612.5,4705.6,0.6171617161716172,546.1466666666668
West Midlands,2008,1142.1,1407.9999999999998,0.6593406593406593,57.26666666666667,655.4,1796.8,0.8777777777777778,147.82,975.9999999999999,1247.9999999999998,0.532608695652174,132.85333333333335,1454.6999999999998,1547.2,0.5081967213114754,144.08,3260.7,4776.0,0.6644736842105263,350.61333333333334
West Midlands,2009,1065.3,1494.4,0.6703296703296703,132.80666666666667,486.19999999999993,1828.8000000000002,0.8888888888888888,83.74000000000001,1023.6999999999999,1080.0000000000002,0.43478260869565216,95.61333333333332,1517.8,1387.1999999999998,0.4262295081967213,139.92666666666668,3069.3,4710.4,0.636963696369637,356.47333333333336
West Midlands,2010,1177.4,1376.0,0.5934065934065934,127.58000000000001,374.79999999999995,1891.2,0.9111111111111111,127.46666666666665,936.3,904.0,0.34782608695652173,49.480000000000004,1457.0,1139.2,0.3442622950819672,60.980000000000004,3009.2,4406.4,0.5874587458745875,316.0266666666667
West Midlands,2011,1041.6,1572.8,0.7472527472527473,132.4,473.2,1905.6,0.9222222222222223,118.61999999999999,1099.7,761.5999999999999,0.30434782608695654,17.806666666666665,1573.1000000000001,1105.6,0.3442622950819672,44.20666666666666,3087.9000000000005,4584.0,0.636963696369637,295.2266666666667
West Midlands,2012,1310.0999999999997,1409.6,0.6263736263736264,60.300000000000004,625.6999999999999,1659.2,0.8,84.41999999999999,979.2999999999998,1249.6000000000001,0.5543478260869565,122.62666666666667,1441.0,1766.4,0.5901639344262295,229.31333333333333,3387.8999999999996,4856.0,0.6644736842105263,372.16666666666663
West Midlands,2013,1018.5000000000002,1655.9999999999998,0.7802197802197802,207.60666666666665,495.1,1854.4,0.8888888888888888,206.96666666666667,757.7,1105.6,0.4891304347826087,131.39333333333335,1225.3,1364.8,0.45081967213114754,157.26666666666665,2738.8999999999996,4875.200000000001,0.6798679867986799,571.84
West Midlands,2014,1135.9,1596.8,0.7252747252747253,129.45333333333332,690.3000000000001,1878.4,0.8555555555555555,199.32,1069.9,1276.8,0.5434782608695652,125.86,1579.3,1636.8000000000002,0.5327868852459017,159.66,3405.5,5112.0,0.6864686468646864,488.43333333333334
West Midlands,2015,1248.3,1577.6,0.7142857142857143,109.93333333333334,566.0,1729.6,0.8333333333333334,84.96000000000001,942.4999999999999,1019.2,0.42391304347826086,88.03999999999999,1420.1000000000001,1187.2,0.3770491803278688,121.84,3234.3999999999996,4494.400000000001,0.6138613861386139,316.73333333333335
West Midlands,2016,1157.0,1588.8,0.7692307692307693,125.44,765.2,1643.2,0.7333333333333333,148.09333333333333,927.1999999999999,1204.8,0.5434782608695652,146.26,1441.1,1673.6,0.5655737704918032,226.46666666666667,3367.2000000000003,4929.6,0.6776315789473685,500.0
West Midlands,2017,1154.8000000000002,1537.6,0.7142857142857143,97.5,685.5999999999999,1942.4,0.9111111111111111,115.16666666666667,1119.3000000000002,1115.1999999999998,0.4891304347826087,80.59333333333333,1662.8000000000002,1436.8000000000002,0.47540983606557374,142.69333333333333,3503.2000000000007,4916.799999999999,0.6765676567656765,355.36
West Midlands,2018,1197.6000000000001,1595.2,0.7582417582417582,111.66000000000001,580.3,1672.0,0.7888888888888889,122.0,1017.4999999999999,1344.0,0.5760869565217391,176.73333333333332,1567.7,1556.8,0.5,196.63333333333333,3345.6,4824.0,0.6633663366336634,425.59333333333336
West Midlands,2019,1172.3,1441.6000000000001,0.6373626373626373,90.03333333333335,714.5000000000001,1761.6000000000001,0.8555555555555555,101.24666666666667,1043.1,1118.4,0.4891304347826087,125.56666666666666,1526.5,1593.6,0.5327868852459017,269.62,3413.2999999999993,4796.799999999999,0.6600660066006601,457.8933333333333
West Midlands,2020,1109.2999999999997,1737.6,0.7912087912087912,266.7133333333333,739.9999999999999,1824.0,0.8555555555555555,168.42000000000002,1094.1,556.8,0.2391304347826087,28.240000000000002,1618.8,1014.4,0.3360655737704918,97.87333333333333,3477.0,4600.0,0.6282894736842105,539.6066666666667
West Midlands,2021,1186.2,1584.0,0.7362637362637363,139.85333333333332,598.8000000000001,1870.3999999999999,0.8777777777777778,248.5,911.4000000000001,1076.8,0.4673913043478261,100.13999999999999,1452.1999999999998,1334.4,0.4344262295081967,127.10666666666665,3237.2,4788.799999999999,0.6567656765676567,515.46
West Midlands,2022,1275.3999999999999,1542.4,0.6703296703296703,116.66666666666666,741.5000000000001,1678.4,0.7888888888888889,140.78666666666666,1095.8,865.5999999999999,0.358695652173913,36.7,1612.7999999999997,1177.6,0.3770491803278688,78.63333333333334,3629.7000000000007,4398.4,0.5874587458745875,335.7266666666667
West Midlands,2023,1281.2,1652.8,0.7692307692307693,215.7,645.8999999999999,1729.6,0.8555555555555555,76.60666666666667,1048.1,1302.4,0.5543478260869565,138.06666666666666,1623.0999999999997,1577.6000000000001,0.5081967213114754,167.76666666666665,3550.2,4960.0,0.6897689768976898,460.07333333333327
West Midlands,2024,1271.9,1638.4,0.7582417582417582,270.4666666666667,764.9999999999999,1859.2000000000003,0.9,269.1933333333334,1134.5,1585.6,0.7065217391304348,222.90000000000003,1619.9999999999998,1817.6,0.5983606557377049,241.93333333333334,3667.1,5339.2,0.7368421052631579,781.5933333333332
West Midlands,2025,1170.3999999999999,1742.4,0.8021978021978022,217.55333333333334,663.2,1809.6000000000001,0.8777777777777778,202.53333333333333,1148.4,683.1999999999999,0.25,41.846666666666664,1725.7,950.4,0.2786885245901639,58.24666666666667,3559.3,4502.400000000001,0.6138613861386139,478.33333333333337
West Midlands,2026,1192.1000000000001,1571.2,0.7032967032967034,184.24,725.1999999999998,1905.6000000000001,0.8777777777777778,303.82666666666665,1177.8999999999999,1110.4,0.5,86.08,1770.9999999999998,1459.1999999999998,0.4918032786885246,133.48000000000002,3688.3,4936.0,0.66996699669967,613.8933333333333
Yorkshire and The Humber,1971,1163.8,1161.6,0.5164835164835165,94.49333333333333,590.3000000000001,1684.8,0.8,67.34666666666666,901.5,1211.2000000000003,0.5434782608695652,131.64,1327.8000000000002,1596.7999999999997,0.5245901639344263,166.52666666666667,3081.9000000000005,4443.2,0.6039603960396039,322.3666666666667
Yorkshire and The Humber,1972,1149.8999999999999,1350.4,0.6153846153846154,67.09333333333333,627.6999999999999,1774.3999999999999,0.8555555555555555,134.64000000000001,945.2,1518.4,0.6630434782608695,159.80666666666667,1368.1,2097.6,0.6967213114754098,223.30666666666667,3154.1,5246.4,0.7203947368421053,425.03999999999996
Yorkshire and The Humber,1973,1060.6,1230.4,0.5714285714285714,90.0,610.6999999999999,1755.2,0.8222222222222222,68.75333333333333,917.8,1107.1999999999998,0.4673913043478261,75.44666666666667,1427.0,1336.0,0.4098360655737705,111.38000000000001,3098.2999999999997,4321.6,0.5808580858085809,270.1333333333333
Yorkshire and The Humber,1974,1043.4999999999998,1283.2,0.5824175824175825,95.61333333333334,647.9000000000001,1580.8000000000002,0.7444444444444445,112.81333333333333,899.3999999999999,1270.4,0.5652173913043478,85.63333333333334,1360.9,1545.6,0.5163934426229508,129.83333333333334,3052.3,4409.6,0.6039603960396039,328.16
Yorkshire and The Humber,1975,949.4,1536.0,0.6923076923076923,147.94,732.7000000000002,1596.8,0.7444444444444445,69.18,847.6999999999999,1337.6,0.5760869565217391,80.25333333333333,1325.9,1489.6000000000001,0.48360655737704916,98.75333333333333,3008.0,4622.4,0.6237623762376238,315.87333333333333
Yorkshire and The Humber,1976,1071.6999999999998,1292.8,0.5934065934065934,43.78666666666667,646.6999999999999,1440.0,0.7333333333333333,68.10666666666667,911.6999999999999,1136.0,0.5,82.68,1463.1999999999998,1227.2,0.4016393442622951,94.08000000000001,3190.8999999999996,3984.0,0.5592105263157895,205.9733333333333
Yorkshire and The Humber,1977,1074.5,1716.8,0.7912087912087912,234.15999999999997,413.9,1864.0,0.8666666666666667,197.82666666666665,892.8999999999999,1300.8,0.5652173913043478,115.67999999999999,1323.3,1595.2,0.5163934426229508,171.56,2811.7000000000003,5176.0,0.7029702970297029,600.0466666666666
Yorkshire and The Humber,1978,1129.6999999999998,1142.3999999999999,0.5164835164835165,55.626666666666665,499.6,1678.4,0.7666666666666667,160.33333333333331,890.6999999999999,1145.6,0.4673913043478261,99.50666666666666,1359.5,1457.6000000000001,0.45901639344262296,122.70666666666666,2988.8,4278.4,0.5676567656765676,335.5333333333333
Yorkshire and The Humber,1979,1233.6,1177.6000000000001,0.5714285714285714,46.38666666666667,324.0,1766.4,0.8444444444444444,186.98666666666668,825.2,1596.8,0.6956521739130435,218.36666666666667,1305.6,1833.6000000000001,0.5819672131147541,227.53333333333336,2863.2,4777.6,0.6567656765676567,460.90666666666664
Yorkshire and The Humber,1980,1137.6999999999998,1110.3999999999999,0.45054945054945056,67.41333333333333,552.4000000000001,1724.8,0.8444444444444444,167.66666666666669,899.2,766.3999999999999,0.30434782608695654,52.13999999999999,1373.9999999999998,1324.8,0.4180327868852459,125.17333333333333,3073.7,4177.6,0.555921052631579,360.25333333333333
Yorkshire and The Humber,1981,1110.0000000000002,1228.8000000000002,0.5164835164835165,109.44666666666667,569.5,1353.6,0.5888888888888889,62.42,984.0000000000001,1419.2,0.6195652173913043,152.79999999999998,1444.9,1632.0,0.5327868852459017,158.73333333333335,3124.4,4214.400000000001,0.5445544554455446,329.8
Yorkshire and The Humber,1982,1094.7,1169.6,0.5164835164835165,114.34,430.0,1617.6000000000001,0.7777777777777778,81.17999999999999,969.7,873.5999999999999,0.358695652173913,71.43333333333334,1472.6,1307.1999999999998,0.4098360655737705,144.91333333333333,2997.2999999999997,4094.4000000000005,0.5511551155115512,340.43333333333334
Yorkshire and The Humber,1983,1149.3,1496.0000000000002,0.7142857142857143,103.33333333333333,554.9,1371.1999999999998,0.6444444444444445,61.68000000000001,862.5,1606.4,0.7065217391304348,192.58666666666664,1326.9,1862.4,0.5983606557377049,221.95999999999998,3031.0999999999995,4729.599999999999,0.6468646864686468,386.9733333333333
Yorkshire and The Humber,1984,1130.1,1262.3999999999999,0.5714285714285714,90.18666666666665,539.0,1499.2000000000003,0.7111111111111111,191.62,849.9,910.4000000000001,0.358695652173913,57.96666666666667,1338.6000000000001,1259.2,0.3770491803278688,87.17333333333333,3014.0,4038.3999999999996,0.5361842105263158,368.98
Yorkshire and The Humber,1985,1181.5,1352.0,0.6263736263736264,207.83333333333331,455.7,1635.1999999999998,0.7666666666666667,65.66,896.8999999999999,1302.4,0.532608695652174,121.15333333333334,1320.8,1734.4,0.5491803278688525,160.31333333333333,2958.0,4721.6,0.636963696369637,428.2333333333333
Yorkshire and The Humber,1986,1070.7,1331.2,0.6483516483516484,48.61333333333333,476.9,1288.0,0.5777777777777777,118.54666666666665,860.1999999999999,1393.6,0.6413043478260869,174.72,1338.5999999999997,1697.6000000000001,0.5737704918032787,202.04666666666665,2886.2,4316.8,0.5973597359735974,369.2066666666667
Yorkshire and The Humber,1987,1082.8000000000002,1329.6,0.6043956043956044,103.98000000000002,488.7,1649.6,0.7444444444444445,124.52,897.8000000000002,1227.1999999999998,0.4891304347826087,156.40666666666664,1329.2,1812.8,0.5655737704918032,247.20666666666665,2900.7,4792.0,0.6303630363036303,474.1066666666666
Yorkshire and The Humber,1988,1080.9,1364.8,0.6153846153846154,124.61999999999999,657.4,1556.8,0.7222222222222222,99.53333333333333,953.2,1144.0,0.4891304347826087,107.18666666666668,1448.9000000000003,1369.6,0.4344262295081967,114.18666666666667,3191.6,4291.2,0.5723684210526315,338.34000000000003
Yorkshire and The Humber,1989,1056.2,1419.2,0.6043956043956044,84.90666666666667,779.4,1539.2,0.7444444444444445,49.83333333333333,983.6999999999999,1104.0,0.45652173913043476,65.45333333333333,1482.0,1345.6,0.4262295081967213,97.02000000000001,3317.6,4304.0,0.5742574257425742,231.76000000000002
Yorkshire and The Humber,1990,1190.3000000000002,1176.0,0.5384615384615384,72.74,730.6999999999999,1648.0,0.7666666666666667,154.94000000000003,1064.6,659.1999999999999,0.2717391304347826,34.44,1539.0,996.8,0.3114754098360656,72.34,3459.9999999999995,3820.7999999999997,0.5148514851485149,300.02
Yorkshire and The Humber,1991,1149.6999999999998,1228.8000000000002,0.5494505494505495,58.74,471.4,1686.4,0.8111111111111111,151.7133333333333,990.6,1033.6,0.40217391304347827,60.06,1413.3,1544.0,0.47540983606557374,107.96000000000001,3034.3999999999996,4459.200000000001,0.5973597359735974,318.41333333333336
Yorkshire and The Humber,1992,1136.5,1208.0,0.5604395604395604,77.94666666666667,583.4,1712.0,0.7888888888888889,39.93333333333333,1062.6,1180.7999999999997,0.4891304347826087,84.50666666666666,1605.4999999999998,1393.6,0.4344262295081967,90.10666666666667,3333.3999999999996,4324.8,0.5756578947368421,205.05333333333334
Yorkshire and The Humber,1993,1022.9,1275.1999999999998,0.6043956043956044,167.57333333333332,600.5,1624.0,0.7888888888888889,73.14,1002.8,1028.8000000000002,0.41304347826086957,107.82,1496.1999999999998,1344.0,0.4098360655737705,132.72,3119.5999999999995,4243.200000000001,0.5808580858085809,373.43333333333334
Yorkshire and The Humber,1994,955.1999999999999,1443.2,0.6593406593406593,170.12,551.5999999999999,1561.6,0.7111111111111111,122.35333333333332,962.2000000000002,980.8,0.391304347826087,66.88,1461.9999999999998,1188.8,0.36065573770491804,67.9,2968.8,4193.6,0.5544554455445545,360.37333333333333
Yorkshire and The Humber,1995,1138.9,1544.0,0.7142857142857143,138.95333333333335,658.0999999999999,1524.8,0.7,156.39333333333332,951.9,838.4,0.34782608695652173,61.8,1421.0,1028.8,0.319672131147541,72.19999999999999,3218.0,4097.6,0.5511551155115512,357.14666666666665
Yorkshire and The Humber,1996,1221.8999999999999,1292.8,0.5714285714285714,92.78,477.2,1531.2,0.7222222222222222,113.73333333333333,829.4999999999999,1240.0,0.5760869565217391,60.7,1317.7,1486.4,0.5163934426229508,94.79999999999998,3022.7,4321.6,0.5921052631578947,301.31333333333333
Yorkshire and The Humber,1997,1114.1000000000001,1038.3999999999999,0.45054945054945056,63.85333333333333,542.4000000000001,1536.0,0.7444444444444445,77.10666666666667,1047.7000000000003,958.4000000000001,0.41304347826086957,65.78666666666666,1516.3,1353.6000000000001,0.4344262295081967,123.77333333333333,3172.8,3928.0,0.5313531353135313,264.73333333333335
Yorkshire and The Humber,1998,1148.0,1220.8,0.5604395604395604,88.80666666666667,734.1,1478.4,0.7,124.02666666666667,1032.8,1312.0,0.5434782608695652,191.01333333333335,1512.1,1751.9999999999998,0.5491803278688525,264.9,3394.2,4451.2,0.5973597359735974,472.9333333333333
Yorkshire and The Humber,1999,1089.8000000000004,1496.0,0.6703296703296703,151.98000000000002,648.6,1580.8,0.7222222222222222,99.33333333333333,1059.8999999999999,1254.4,0.5217391304347826,166.65333333333334,1524.6000000000001,1606.4,0.5081967213114754,211.33333333333334,3263.0000000000005,4683.2,0.6204620462046204,462.6466666666667
Yorkshire and The Humber,2000,1226.3999999999999,1172.8,0.4945054945054945,99.61333333333332,633.7,1467.2,0.6666666666666666,68.09333333333333,992.3999999999999,1214.4,0.4891304347826087,161.74,1485.9,1467.1999999999998,0.45081967213114754,201.78,3353.3999999999996,4131.2,0.5296052631578947,371.88666666666666
Yorkshire and The Humber,2001,1125.1999999999998,1657.6000000000001,0.7472527472527473,239.31333333333333,537.6,1723.1999999999998,0.8222222222222222,158.0,894.9,1094.3999999999999,0.45652173913043476,100.15333333333334,1368.1999999999998,1398.4,0.4426229508196721,134.85333333333335,3031.0,4779.2,0.6468646864686468,529.7666666666667
Yorkshire and The Humber,2002,1211.4999999999998,1424.0,0.6593406593406593,160.71333333333337,653.1,1644.8000000000002,0.7555555555555555,93.25999999999999,1040.5000000000002,988.8,0.3804347826086957,70.47333333333333,1540.6000000000001,1257.6,0.3770491803278688,92.89333333333333,3405.2000000000007,4326.4,0.5742574257425742,346.8666666666667
Yorkshire and The Humber,2003,1149.8999999999999,1278.4,0.5604395604395604,132.11333333333332,597.6,1488.0,0.7,123.46000000000001,1061.9,937.6,0.40217391304347827,98.22,1607.3,1264.0,0.4098360655737705,106.52666666666667,3354.7999999999997,4030.4,0.5412541254125413,362.1
Yorkshire and The Humber,2004,1136.1999999999998,1084.8,0.4835164835164835,57.519999999999996,634.9,1580.8,0.7666666666666667,140.9,1028.8,1179.2,0.4891304347826087,113.12,1539.3999999999999,1484.7999999999997,0.4672131147540984,139.46666666666667,3314.2,4153.6,0.5592105263157895,337.88666666666666
Yorkshire and The Humber,2005,1174.4,1396.8,0.6483516483516484,109.25999999999999,654.6999999999999,1510.4,0.7,46.160000000000004,999.1,1206.4,0.5108695652173914,99.38,1512.6000000000001,1523.2,0.4918032786885246,116.46,3341.7,4430.4,0.6006600660066007,268.48
Yorkshire and The Humber,2006,1233.2,1243.2,0.5384615384615384,102.77333333333334,569.9,1705.6000000000001,0.8333333333333334,63.62,914.8000000000001,1129.6,0.5,128.92000000000002,1445.4,1344.0,0.4426229508196721,128.92000000000002,3248.5,4292.799999999999,0.5874587458745875,295.31333333333333
Yorkshire and The Humber,2007,1317.1,1409.6,0.6373626373626373,120.10000000000001,744.9,1684.8,0.8,116.74000000000001,1085.6000000000001,921.6,0.3695652173913043,70.64666666666666,1580.8999999999999,1443.1999999999998,0.4426229508196721,225.48,3642.9000000000005,4537.6,0.6072607260726073,462.32
Yorkshire and The Humber,2008,1158.5,1128.0,0.5384615384615384,40.800000000000004,659.4999999999999,1715.2,0.7777777777777778,160.00666666666666,966.3,1014.4,0.40217391304347827,99.7,1448.1000000000001,1428.8,0.4426229508196721,166.26666666666665,3274.8999999999996,4296.0,0.5723684210526315,370.06000000000006
Yorkshire and The Humber,2009,1106.3,1276.8000000000002,0.5384615384615384,113.95333333333333,518.1999999999999,1694.3999999999999,0.8222222222222222,99.75999999999999,1038.7,1084.8000000000002,0.44565217391304346,64.0,1524.0,1374.4,0.4344262295081967,86.04,3148.5,4345.6,0.5808580858085809,299.7533333333333
Yorkshire and The Humber,2010,1195.1,1256.0,0.5604395604395604,121.76666666666668,392.0,1622.3999999999999,0.7777777777777778,111.97333333333333,950.1,779.2,0.32608695652173914,51.040000000000006,1467.8999999999999,966.4000000000001,0.3114754098360656,59.64,3055.0,3844.8,0.5247524752475248,293.38
Yorkshire and The Humber,2011,1080.9,1262.3999999999999,0.5604395604395604,93.66000000000001,474.8,1787.2,0.8888888888888888,117.12666666666667,1093.5,720.0,0.2717391304347826,22.466666666666665,1578.9,1102.4,0.32786885245901637,72.16666666666666,3134.6000000000004,4152.0,0.5643564356435643,282.9533333333334
Yorkshire and The Humber,2012,1291.1999999999998,1319.9999999999998,0.5934065934065934,57.96666666666667,602.1999999999999,1438.3999999999999,0.6777777777777778,62.20666666666666,979.2,1224.0,0.5543478260869565,153.12,1437.1,1696.0,0.5655737704918032,293.7266666666667,3341.8999999999996,4472.0,0.6085526315789473,413.9
Yorkshire and The Humber,2013,1046.0,1510.3999999999999,0.6703296703296703,217.24666666666667,503.70000000000005,1673.6000000000001,0.7555555555555555,153.58,805.4,1025.6,0.43478260869565216,107.65333333333334,1279.7,1252.8000000000002,0.39344262295081966,141.41333333333336,2829.3999999999996,4436.799999999999,0.5841584158415841,511.7066666666667
Yorkshire and The Humber,2014,1153.8,1361.6,0.6043956043956044,79.01333333333332,695.4000000000001,1689.6,0.8111111111111111,167.59333333333333,1071.8,1268.8,0.5652173913043478,149.54666666666668,1573.7000000000003,1622.4,0.5409836065573771,170.08666666666667,3422.9,4673.6,0.6402640264026402,416.6933333333333
Yorkshire and The Humber,2015,1258.7,1531.1999999999998,0.6923076923076923,93.59333333333333,583.9999999999999,1497.6000000000001,0.6777777777777778,41.08666666666666,958.6999999999999,876.8,0.358695652173913,49.46666666666666,1431.9000000000003,1120.0,0.3442622950819672,65.66666666666666,3274.6000000000004,4148.799999999999,0.5478547854785478,200.34666666666666
Yorkshire and The Humber,2016,1166.2,1489.6,0.6593406593406593,153.99999999999997,747.8,1511.9999999999998,0.7,160.16,933.3000000000001,1169.6000000000001,0.5108695652173914,114.43333333333334,1430.3,1616.0,0.5327868852459017,167.19333333333333,3348.6000000000004,4625.599999999999,0.618421052631579,474.4866666666667
Yorkshire and The Humber,2017,1186.2999999999997,1427.2,0.6703296703296703,82.62,698.6999999999999,1756.8000000000002,0.8444444444444444,69.3,1128.1,985.6,0.41304347826086957,93.45333333333333,1677.5,1344.0000000000002,0.4344262295081967,168.35333333333332,3562.5000000000005,4528.0,0.6270627062706271,320.2733333333333
Yorkshire and The Humber,2018,1220.5999999999997,1440.0,0.6593406593406593,109.81333333333333,572.1999999999999,1526.3999999999999,0.6888888888888889,65.82000000000001,1045.9,1271.9999999999998,0.5543478260869565,137.46666666666667,1584.3,1467.1999999999998,0.47540983606557374,162.32,3377.1000000000004,4433.599999999999,0.594059405940594,337.9533333333334
Yorkshire and The Humber,2019,1211.2999999999997,1302.3999999999999,0.5934065934065934,101.79333333333334,702.6,1654.4,0.8,102.77333333333333,1056.2,960.0000000000001,0.42391304347826086,89.61333333333333,1554.6000000000001,1408.0,0.45901639344262296,174.41333333333333,3468.5,4364.799999999999,0.6006600660066007,374.82000000000005
Yorkshire and The Humber,2020,1127.6,1558.3999999999999,0.7142857142857143,264.90000000000003,746.7,1673.6000000000001,0.8111111111111111,122.30000000000001,1094.1,560.0,0.22826086956521738,24.580000000000002,1612.3000000000002,1030.4,0.3360655737704918,103.28,3496.1999999999994,4286.4,0.5921052631578947,497.48
Yorkshire and The Humber,2021,1219.1999999999996,1355.2,0.5824175824175825,76.6,602.3000000000001,1712.0,0.8,218.49333333333334,932.8,1076.8,0.44565217391304346,100.43333333333334,1473.3000000000002,1288.0,0.4016393442622951,120.51333333333334,3294.8,4355.2,0.5742574257425742,415.6066666666667
Yorkshire and The Humber,2022,1305.3,1304.0,0.5934065934065934,126.20666666666668,723.7,1656.0,0.7666666666666667,116.49333333333334,1112.0,1016.0,0.42391304347826086,54.160000000000004,1644.8,1232.0,0.39344262295081966,70.96000000000001,3673.8,4192.0,0.5643564356435643,313.66
Yorkshire and The Humber,2023,1298.6,1441.6,0.6373626373626373,149.71333333333334,678.3,1467.2,0.6666666666666666,66.09333333333333,1059.7,1145.6000000000001,0.4891304347826087,122.97999999999999,1625.9999999999998,1344.0,0.4344262295081967,155.38,3602.9,4252.799999999999,0.5643564356435643,371.18666666666667
Yorkshire and The Humber,2024,1286.6999999999998,1640.0000000000002,0.7362637362637363,235.30666666666667,775.6999999999999,1601.6,0.7222222222222222,233.87999999999997,1164.6,1342.4,0.5760869565217391,143.13333333333335,1661.3,1654.4,0.5327868852459017,183.73333333333335,3734.7,4900.8,0.6480263157894737,649.48
Yorkshire and The Humber,2025,1190.0,1510.3999999999999,0.7032967032967034,141.66666666666669,675.6,1571.1999999999998,0.7444444444444445,168.95333333333332,1119.5000000000002,662.4,0.22826086956521738,19.633333333333333,1709.6000000000001,905.6,0.2540983606557377,38.78666666666666,3575.2,3987.2,0.5346534653465347,349.40666666666664
Yorkshire and The Humber,2026,1218.7,1558.4,0.6923076923076923,170.4,731.0,1689.6,0.8111111111111111,179.0,1155.9,886.4,0.3804347826086957,41.86666666666666,1737.1,1212.8000000000002,0.39344262295081966,85.06666666666666,3686.7999999999997,4460.8,0.6072607260726073,423.4533333333333
